SINAPI - Sistema Nacional de Pesquisa de Custos e Índices da Construção Civil,Unnamed: 1,Unnamed: 2,Unnamed: 3,Unnamed: 4,Unnamed: 5,Unnamed: 6,Unnamed: 7,Unnamed: 8,Unnamed: 9,Unnamed: 10,Unnamed: 11,Unnamed: 12,Unnamed: 13,Unnamed: 14,Unnamed: 15,Unnamed: 16,Unnamed: 17,Unnamed: 18,Unnamed: 19,Unnamed: 20,Unnamed: 21,Unnamed: 22,Unnamed: 23,Unnamed: 24,Unnamed: 25,Unnamed: 26,Unnamed: 27,Unnamed: 28,Unnamed: 29,Unnamed: 30,Unnamed: 31,__arquivo_origem,Unnamed: 0
RELATÓRIO DE FAMÍLIAS E COEFICIENTES,,,,,,,,,,,,,,,,,,,,,,,,,,,,,,,,SINAPI_familias_e_coeficientes_2025_06.xlsx,
Mês de Referência:,06/2025,,,,,,,,,,,,,,,,,,,,,,,,,,,,,,,SINAPI_familias_e_coeficientes_2025_06.xlsx,
Data de emissão:,11/07/2025,,,,,,,,,,,,,,,,,,,,,,,,,,,,,,,SINAPI_familias_e_coeficientes_2025_06.xlsx,
,,,,Coeficientes:,,,,,,,,,,,,,,,,,,,,,,,,,,,,SINAPI_familias_e_coeficientes_2025_06.xlsx,
"Código da
Família","Código do
Insumo",Descrição do Insumo,Unidade,Categoria,AC,AL,AM,AP,BA,CE,DF,ES,GO,MA,MG,MS,MT,PA,PB,PE,PI,PR,RJ,RN,RO,RR,RS,SC,SE,SP,TO,SINAPI_familias_e_coeficientes_2025_06.xlsx,
1,1,ACETILENO - RECARGA DE GAS PARA CILINDRO (NAO INCLUI TROCA/MANUTENCAO DO CILINDRO),KG,REPRESENTATIVO,1,1,1,1,1,1,1,1,1,1,1,1,1,1,1,1,1,1,1,1,1,1,1,1,1,1,1,SINAPI_familias_e_coeficientes_2025_06.xlsx,
1,2,OXIGENIO - RECARGA DE GAS PARA CILINDRO (NAO INCLUI TROCA/MANUTENCAO DO CILINDRO),M3,REPRESENTADO,0.219178,0.219178,0.219178,0.219178,0.219178,0.219178,0.219178,0.219178,0.219178,0.219178,0.219178,0.219178,0.219178,0.219178,0.219178,0.219178,0.219178,0.219178,0.219178,0.219178,0.219178,0.219178,0.219178,0.219178,0.219178,0.219178,0.219178,SINAPI_familias_e_coeficientes_2025_06.xlsx,
55,55,"ADAPTADOR DE COMPRESSAO EM POLIPROPILENO (PP), PARA TUBO EM PEAD, 20 MM X 1/2"", PARA LIGACAO PREDIAL DE AGUA (NTS 179)",UN,REPRESENTATIVO,1,1,1,1,1,1,1,1,1,1,1,1,1,1,1,1,1,1,1,1,1,1,1,1,1,1,1,SINAPI_familias_e_coeficientes_2025_06.xlsx,
55,61,"ADAPTADOR DE COMPRESSAO EM POLIPROPILENO (PP), PARA TUBO EM PEAD, 20 MM X 3/4"", PARA LIGACAO PREDIAL DE AGUA (NTS 179)",UN,REPRESENTADO,0.9464285,0.9464285,0.9464285,0.9464285,0.9464285,0.9464285,0.9464285,0.9464285,0.9464285,0.9464285,0.9464285,0.9464285,0.9464285,0.9464285,0.9464285,0.9464285,0.9464285,0.9464285,0.9464285,0.9464285,0.9464285,0.9464285,0.9464285,0.9464285,0.9464285,0.9464285,0.9464285,SINAPI_familias_e_coeficientes_2025_06.xlsx,
55,62,"ADAPTADOR DE COMPRESSAO EM POLIPROPILENO (PP), PARA TUBO EM PEAD, 32 MM X 1"", PARA LIGACAO PREDIAL DE AGUA (NTS 179)",UN,REPRESENTADO,1.9607142,1.9607142,1.9607142,1.9607142,1.9607142,1.9607142,1.9607142,1.9607142,1.9607142,1.9607142,1.9607142,1.9607142,1.9607142,1.9607142,1.9607142,1.9607142,1.9607142,1.9607142,1.9607142,1.9607142,1.9607142,1.9607142,1.9607142,1.9607142,1.9607142,1.9607142,1.9607142,SINAPI_familias_e_coeficientes_2025_06.xlsx,
55,60,"ADAPTADOR PVC, COM REGISTRO, PARA PEAD, 20 MM X 3/4"", PARA LIGACAO PREDIAL DE AGUA",UN,REPRESENTADO,1.2982142,1.2982142,1.2982142,1.2982142,1.2982142,1.2982142,1.2982142,1.2982142,1.2982142,1.2982142,1.2982142,1.2982142,1.2982142,1.2982142,1.2982142,1.2982142,1.2982142,1.2982142,1.2982142,1.2982142,1.2982142,1.2982142,1.2982142,1.2982142,1.2982142,1.2982142,1.2982142,SINAPI_familias_e_coeficientes_2025_06.xlsx,
55,37418,"COLAR DE TOMADA EM POLIPROPILENO, PP, COM PARAFUSOS, PARA PEAD, 63 X 1/2"" - LIGACAO PREDIAL DE AGUA",UN,REPRESENTADO,3.9803571,3.9803571,3.9803571,3.9803571,3.9803571,3.9803571,3.9803571,3.9803571,3.9803571,3.9803571,3.9803571,3.9803571,3.9803571,3.9803571,3.9803571,3.9803571,3.9803571,3.9803571,3.9803571,3.9803571,3.9803571,3.9803571,3.9803571,3.9803571,3.9803571,3.9803571,3.9803571,SINAPI_familias_e_coeficientes_2025_06.xlsx,
55,37419,"COLAR DE TOMADA EM POLIPROPILENO, PP, COM PARAFUSOS, PARA PEAD, 63 X 3/4"" - LIGACAO PREDIAL DE AGUA",UN,REPRESENTADO,4.0875,4.0875,4.0875,4.0875,4.0875,4.0875,4.0875,4.0875,4.0875,4.0875,4.0875,4.0875,4.0875,4.0875,4.0875,4.0875,4.0875,4.0875,4.0875,4.0875,4.0875,4.0875,4.0875,4.0875,4.0875,4.0875,4.0875,SINAPI_familias_e_coeficientes_2025_06.xlsx,
55,37416,"COTOVELO/JOELHO 90 GRAUS, EM POLIPROPILENO, PN 16, PARA TUBOS PEAD, 20 X 20 MM - LIGACAO PREDIAL DE AGUA",UN,REPRESENTADO,0.8535714,0.8535714,0.8535714,0.8535714,0.8535714,0.8535714,0.8535714,0.8535714,0.8535714,0.8535714,0.8535714,0.8535714,0.8535714,0.8535714,0.8535714,0.8535714,0.8535714,0.8535714,0.8535714,0.8535714,0.8535714,0.8535714,0.8535714,0.8535714,0.8535714,0.8535714,0.8535714,SINAPI_familias_e_coeficientes_2025_06.xlsx,
55,37417,"COTOVELO/JOELHO 90 GRAUS, EM POLIPROPILENO, PN 16, PARA TUBOS PEAD, 32 X 32 MM - LIGACAO PREDIAL DE AGUA",UN,REPRESENTADO,1.2267857,1.2267857,1.2267857,1.2267857,1.2267857,1.2267857,1.2267857,1.2267857,1.2267857,1.2267857,1.2267857,1.2267857,1.2267857,1.2267857,1.2267857,1.2267857,1.2267857,1.2267857,1.2267857,1.2267857,1.2267857,1.2267857,1.2267857,1.2267857,1.2267857,1.2267857,1.2267857,SINAPI_familias_e_coeficientes_2025_06.xlsx,
55,37413,"COTOVELO/JOELHO COM ADAPTADOR, 90 GRAUS, EM POLIPROPILENO, PN 16, PARA TUBOS PEAD, 20 MM X 1/2"" - LIGACAO PREDIAL DE AGUA",UN,REPRESENTADO,0.9125,0.9125,0.9125,0.9125,0.9125,0.9125,0.9125,0.9125,0.9125,0.9125,0.9125,0.9125,0.9125,0.9125,0.9125,0.9125,0.9125,0.9125,0.9125,0.9125,0.9125,0.9125,0.9125,0.9125,0.9125,0.9125,0.9125,SINAPI_familias_e_coeficientes_2025_06.xlsx,
55,37414,"COTOVELO/JOELHO COM ADAPTADOR, 90 GRAUS, EM POLIPROPILENO, PN 16, PARA TUBOS PEAD, 20 MM X 3/4"" - LIGACAO PREDIAL DE AGUA",UN,REPRESENTADO,1.0357142,1.0357142,1.0357142,1.0357142,1.0357142,1.0357142,1.0357142,1.0357142,1.0357142,1.0357142,1.0357142,1.0357142,1.0357142,1.0357142,1.0357142,1.0357142,1.0357142,1.0357142,1.0357142,1.0357142,1.0357142,1.0357142,1.0357142,1.0357142,1.0357142,1.0357142,1.0357142,SINAPI_familias_e_coeficientes_2025_06.xlsx,
55,37415,"COTOVELO/JOELHO COM ADAPTADOR, 90 GRAUS, EM POLIPROPILENO, PN 16, PARA TUBOS PEAD, 32 MM X 1"" - LIGACAO PREDIAL DE AGUA",UN,REPRESENTADO,1.8821428,1.8821428,1.8821428,1.8821428,1.8821428,1.8821428,1.8821428,1.8821428,1.8821428,1.8821428,1.8821428,1.8821428,1.8821428,1.8821428,1.8821428,1.8821428,1.8821428,1.8821428,1.8821428,1.8821428,1.8821428,1.8821428,1.8821428,1.8821428,1.8821428,1.8821428,1.8821428,SINAPI_familias_e_coeficientes_2025_06.xlsx,
55,37422,"TE DE SERVICO INTEGRADO, EM POLIPROPILENO (PP), PARA TUBOS EM PEAD, 63 X 20 MM - LIGACAO PREDIAL DE AGUA",UN,REPRESENTADO,12.2857142,12.2857142,12.2857142,12.2857142,12.2857142,12.2857142,12.2857142,12.2857142,12.2857142,12.2857142,12.2857142,12.2857142,12.2857142,12.2857142,12.2857142,12.2857142,12.2857142,12.2857142,12.2857142,12.2857142,12.2857142,12.2857142,12.2857142,12.2857142,12.2857142,12.2857142,12.2857142,SINAPI_familias_e_coeficientes_2025_06.xlsx,
55,37420,"TE DE SERVICO INTEGRADO, EM POLIPROPILENO (PP), PARA TUBOS EM PEAD/PVC, 60 X 20 MM - LIGACAO PREDIAL DE AGUA",UN,REPRESENTADO,9.6035714,9.6035714,9.6035714,9.6035714,9.6035714,9.6035714,9.6035714,9.6035714,9.6035714,9.6035714,9.6035714,9.6035714,9.6035714,9.6035714,9.6035714,9.6035714,9.6035714,9.6035714,9.6035714,9.6035714,9.6035714,9.6035714,9.6035714,9.6035714,9.6035714,9.6035714,9.6035714,SINAPI_familias_e_coeficientes_2025_06.xlsx,
55,37421,"TE DE SERVICO INTEGRADO, EM POLIPROPILENO (PP), PARA TUBOS EM PEAD/PVC, 60 X 32 MM - LIGACAO PREDIAL DE AGUA",UN,REPRESENTADO,13.125,13.125,13.125,13.125,13.125,13.125,13.125,13.125,13.125,13.125,13.125,13.125,13.125,13.125,13.125,13.125,13.125,13.125,13.125,13.125,13.125,13.125,13.125,13.125,13.125,13.125,13.125,SINAPI_familias_e_coeficientes_2025_06.xlsx,
55,64,"UNIAO EM POLIPROPILENO (PP), PARA TUBO EM PEAD, 20 MM - LIGACAO PREDIAL DE AGUA",UN,REPRESENTADO,1.1428571,1.1428571,1.1428571,1.1428571,1.1428571,1.1428571,1.1428571,1.1428571,1.1428571,1.1428571,1.1428571,1.1428571,1.1428571,1.1428571,1.1428571,1.1428571,1.1428571,1.1428571,1.1428571,1.1428571,1.1428571,1.1428571,1.1428571,1.1428571,1.1428571,1.1428571,1.1428571,SINAPI_familias_e_coeficientes_2025_06.xlsx,
55,37423,"UNIAO EM POLIPROPILENO (PP), PARA TUBO EM PEAD, 32 MM - LIGACAO PREDIAL DE AGUA",UN,REPRESENTADO,2.8214285,2.8214285,2.8214285,2.8214285,2.8214285,2.8214285,2.8214285,2.8214285,2.8214285,2.8214285,2.8214285,2.8214285,2.8214285,2.8214285,2.8214285,2.8214285,2.8214285,2.8214285,2.8214285,2.8214285,2.8214285,2.8214285,2.8214285,2.8214285,2.8214285,2.8214285,2.8214285,SINAPI_familias_e_coeficientes_2025_06.xlsx,
119,119,"ADESIVO PLASTICO PARA PVC, BISNAGA COM 75 GR",UN,REPRESENTATIVO,1,1,1,1,1,1,1,1,1,1,1,1,1,1,1,1,1,1,1,1,1,1,1,1,1,1,1,SINAPI_familias_e_coeficientes_2025_06.xlsx,
119,39719,"ADESIVO / COLA DE CONTATO LIQUIDO, A BASE DE RESINAS, PARA COLAGEM DE ESPUMA PARA ISOLAMENTO TERMICO FLEXIVEL",L,REPRESENTADO,20.0159858,20.0159858,20.0159858,20.0159858,20.0159858,20.0159858,20.0159858,20.0159858,20.0159858,20.0159858,20.0159858,20.0159858,20.0159858,20.0159858,20.0159858,20.0159858,20.0159858,20.0159858,20.0159858,20.0159858,20.0159858,20.0159858,20.0159858,20.0159858,20.0159858,20.0159858,20.0159858,SINAPI_familias_e_coeficientes_2025_06.xlsx,
119,3410,ADESIVO / COLA PARA EPS (ISOPOR) E OUTROS MATERIAIS,KG,REPRESENTADO,4.5026643,4.5026643,4.5026643,4.5026643,4.5026643,4.5026643,4.5026643,4.5026643,4.5026643,4.5026643,4.5026643,4.5026643,4.5026643,4.5026643,4.5026643,4.5026643,4.5026643,4.5026643,4.5026643,4.5026643,4.5026643,4.5026643,4.5026643,4.5026643,4.5026643,4.5026643,4.5026643,SINAPI_familias_e_coeficientes_2025_06.xlsx,
119,21114,"ADESIVO PARA TUBOS CPVC, *75* G",UN,REPRESENTADO,3.9458259,3.9458259,3.9458259,3.9458259,3.9458259,3.9458259,3.9458259,3.9458259,3.9458259,3.9458259,3.9458259,3.9458259,3.9458259,3.9458259,3.9458259,3.9458259,3.9458259,3.9458259,3.9458259,3.9458259,3.9458259,3.9458259,3.9458259,3.9458259,3.9458259,3.9458259,3.9458259,SINAPI_familias_e_coeficientes_2025_06.xlsx,
119,122,"ADESIVO PLASTICO PARA PVC, FRASCO COM *850* GR",UN,REPRESENTADO,7.6944938,7.6944938,7.6944938,7.6944938,7.6944938,7.6944938,7.6944938,7.6944938,7.6944938,7.6944938,7.6944938,7.6944938,7.6944938,7.6944938,7.6944938,7.6944938,7.6944938,7.6944938,7.6944938,7.6944938,7.6944938,7.6944938,7.6944938,7.6944938,7.6944938,7.6944938,7.6944938,SINAPI_familias_e_coeficientes_2025_06.xlsx,
119,20080,"ADESIVO PLASTICO PARA PVC, FRASCO COM 175 GR",UN,REPRESENTADO,2.5115453,2.5115453,2.5115453,2.5115453,2.5115453,2.5115453,2.5115453,2.5115453,2.5115453,2.5115453,2.5115453,2.5115453,2.5115453,2.5115453,2.5115453,2.5115453,2.5115453,2.5115453,2.5115453,2.5115453,2.5115453,2.5115453,2.5115453,2.5115453,2.5115453,2.5115453,2.5115453,SINAPI_familias_e_coeficientes_2025_06.xlsx,
119,20078,"PASTA LUBRIFICANTE PARA TUBOS E CONEXOES COM JUNTA ELASTICA, EMBALAGEM DE *400* GR (USO EM PVC, ACO, POLIETILENO E OUTROS)",UN,REPRESENTADO,3.1758437,3.1758437,3.1758437,3.1758437,3.1758437,3.1758437,3.1758437,3.1758437,3.1758437,3.1758437,3.1758437,3.1758437,3.1758437,3.1758437,3.1758437,3.1758437,3.1758437,3.1758437,3.1758437,3.1758437,3.1758437,3.1758437,3.1758437,3.1758437,3.1758437,3.1758437,3.1758437,SINAPI_familias_e_coeficientes_2025_06.xlsx,
119,118,"PASTA VEDA JUNTAS/ROSCA, EMBALAGEM DE *500* G, PARA INSTALACOES DE AGUA, GAS E OUTROS",UN,REPRESENTADO,6.714032,6.714032,6.714032,6.714032,6.714032,6.714032,6.714032,6.714032,6.714032,6.714032,6.714032,6.714032,6.714032,6.714032,6.714032,6.714032,6.714032,6.714032,6.714032,6.714032,6.714032,6.714032,6.714032,6.714032,6.714032,6.714032,6.714032,SINAPI_familias_e_coeficientes_2025_06.xlsx,
119,20083,"SOLUCAO PREPARADORA / LIMPADORA PARA PVC, FRASCO COM 1000 CM3",UN,REPRESENTADO,8.7175844,8.7175844,8.7175844,8.7175844,8.7175844,8.7175844,8.7175844,8.7175844,8.7175844,8.7175844,8.7175844,8.7175844,8.7175844,8.7175844,8.7175844,8.7175844,8.7175844,8.7175844,8.7175844,8.7175844,8.7175844,8.7175844,8.7175844,8.7175844,8.7175844,8.7175844,8.7175844,SINAPI_familias_e_coeficientes_2025_06.xlsx,
123,123,"ADITIVO IMPERMEABILIZANTE DE PEGA NORMAL PARA ARGAMASSAS E CONCRETOS SEM ARMACAO, LIQUIDO E ISENTO DE CLORETOS",L,REPRESENTATIVO,1,1,1,1,1,1,1,1,1,1,1,1,1,1,1,1,1,1,1,1,1,1,1,1,1,1,1,SINAPI_familias_e_coeficientes_2025_06.xlsx,
123,157,"ADESIVO ESTRUTURAL A BASE DE RESINA EPOXI PARA INJECAO EM TRINCAS, BICOMPONENTE, BAIXA VISCOSIDADE",KG,REPRESENTADO,20.8160843,20.8160843,20.8160843,20.8160843,20.8160843,20.8160843,20.8160843,20.8160843,20.8160843,20.8160843,20.8160843,20.8160843,20.8160843,20.8160843,20.8160843,20.8160843,20.8160843,20.8160843,20.8160843,20.8160843,20.8160843,20.8160843,20.8160843,20.8160843,20.8160843,20.8160843,20.8160843,SINAPI_familias_e_coeficientes_2025_06.xlsx,
123,156,"ADESIVO ESTRUTURAL A BASE DE RESINA EPOXI, BICOMPONENTE, FLUIDO",KG,REPRESENTADO,7.4119797,7.4119797,7.4119797,7.4119797,7.4119797,7.4119797,7.4119797,7.4119797,7.4119797,7.4119797,7.4119797,7.4119797,7.4119797,7.4119797,7.4119797,7.4119797,7.4119797,7.4119797,7.4119797,7.4119797,7.4119797,7.4119797,7.4119797,7.4119797,7.4119797,7.4119797,7.4119797,SINAPI_familias_e_coeficientes_2025_06.xlsx,
123,131,"ADESIVO ESTRUTURAL A BASE DE RESINA EPOXI, BICOMPONENTE, PASTOSO (TIXOTROPICO)",KG,REPRESENTADO,6.3386371,6.3386371,6.3386371,6.3386371,6.3386371,6.3386371,6.3386371,6.3386371,6.3386371,6.3386371,6.3386371,6.3386371,6.3386371,6.3386371,6.3386371,6.3386371,6.3386371,6.3386371,6.3386371,6.3386371,6.3386371,6.3386371,6.3386371,6.3386371,6.3386371,6.3386371,6.3386371,SINAPI_familias_e_coeficientes_2025_06.xlsx,
123,124,"ADITIVO ACELERADOR DE PEGA E ENDURECIMENTO PARA ARGAMASSAS E CONCRETOS, LIQUIDO E ISENTO DE CLORETOS",L,REPRESENTADO,2.4446792,2.4446792,2.4446792,2.4446792,2.4446792,2.4446792,2.4446792,2.4446792,2.4446792,2.4446792,2.4446792,2.4446792,2.4446792,2.4446792,2.4446792,2.4446792,2.4446792,2.4446792,2.4446792,2.4446792,2.4446792,2.4446792,2.4446792,2.4446792,2.4446792,2.4446792,2.4446792,SINAPI_familias_e_coeficientes_2025_06.xlsx,
123,45146,ADITIVO IMPERMEABILIZANTE CRISTALIZANTE PARA CONCRETO,KG,REPRESENTADO,4.687275,4.687275,4.687275,4.687275,4.687275,4.687275,4.687275,4.687275,4.687275,4.687275,4.687275,4.687275,4.687275,4.687275,4.687275,4.687275,4.687275,4.687275,4.687275,4.687275,4.687275,4.687275,4.687275,4.687275,4.687275,4.687275,4.687275,SINAPI_familias_e_coeficientes_2025_06.xlsx,
123,127,"ADITIVO IMPERMEABILIZANTE DE PEGA ULTRARRAPIDA, LIQUIDO E ISENTO DE CLORETOS",L,REPRESENTADO,2.387803,2.387803,2.387803,2.387803,2.387803,2.387803,2.387803,2.387803,2.387803,2.387803,2.387803,2.387803,2.387803,2.387803,2.387803,2.387803,2.387803,2.387803,2.387803,2.387803,2.387803,2.387803,2.387803,2.387803,2.387803,2.387803,2.387803,SINAPI_familias_e_coeficientes_2025_06.xlsx,
123,133,"ADITIVO LIQUIDO INCORPORADOR DE AR PARA CONCRETO E ARGAMASSA, LIQUIDO E ISENTO DE CLORETOS",L,REPRESENTADO,0.9918858,0.9918858,0.9918858,0.9918858,0.9918858,0.9918858,0.9918858,0.9918858,0.9918858,0.9918858,0.9918858,0.9918858,0.9918858,0.9918858,0.9918858,0.9918858,0.9918858,0.9918858,0.9918858,0.9918858,0.9918858,0.9918858,0.9918858,0.9918858,0.9918858,0.9918858,0.9918858,SINAPI_familias_e_coeficientes_2025_06.xlsx,
123,43617,"ADITIVO PLASTIFICANTE E ESTABILIZADOR PARA ARGAMASSAS DE ASSENTAMENTO E REBOCO, LIQUIDO E ISENTO DE CLORETOS",L,REPRESENTADO,1.1082116,1.1082116,1.1082116,1.1082116,1.1082116,1.1082116,1.1082116,1.1082116,1.1082116,1.1082116,1.1082116,1.1082116,1.1082116,1.1082116,1.1082116,1.1082116,1.1082116,1.1082116,1.1082116,1.1082116,1.1082116,1.1082116,1.1082116,1.1082116,1.1082116,1.1082116,1.1082116,SINAPI_familias_e_coeficientes_2025_06.xlsx,
123,132,"ADITIVO PLASTIFICANTE RETARDADOR DE PEGA E REDUTOR DE AGUA PARA CONCRETO, LIQUIDO E ISENTO DE CLORETOS",L,REPRESENTADO,1.0283501,1.0283501,1.0283501,1.0283501,1.0283501,1.0283501,1.0283501,1.0283501,1.0283501,1.0283501,1.0283501,1.0283501,1.0283501,1.0283501,1.0283501,1.0283501,1.0283501,1.0283501,1.0283501,1.0283501,1.0283501,1.0283501,1.0283501,1.0283501,1.0283501,1.0283501,1.0283501,SINAPI_familias_e_coeficientes_2025_06.xlsx,
123,43618,"ADITIVO SUPERPLASTIFICANTE DE PEGA NORMAL PARA CONCRETO, LIQUIDO E ISENTO DE CLORETOS",KG,REPRESENTADO,2.5882768,2.5882768,2.5882768,2.5882768,2.5882768,2.5882768,2.5882768,2.5882768,2.5882768,2.5882768,2.5882768,2.5882768,2.5882768,2.5882768,2.5882768,2.5882768,2.5882768,2.5882768,2.5882768,2.5882768,2.5882768,2.5882768,2.5882768,2.5882768,2.5882768,2.5882768,2.5882768,SINAPI_familias_e_coeficientes_2025_06.xlsx,
123,42409,"AGENTE DE CURA, PROTETOR DA EVAPORACAO DA AGUA DE HIDRATACAO DO CONCRETO",KG,REPRESENTADO,1.6299805,1.6299805,1.6299805,1.6299805,1.6299805,1.6299805,1.6299805,1.6299805,1.6299805,1.6299805,1.6299805,1.6299805,1.6299805,1.6299805,1.6299805,1.6299805,1.6299805,1.6299805,1.6299805,1.6299805,1.6299805,1.6299805,1.6299805,1.6299805,1.6299805,1.6299805,1.6299805,SINAPI_familias_e_coeficientes_2025_06.xlsx,
123,130,"ARGAMASSA POLIMERICA DE REPARO ESTRUTURAL, BICOMPONENTE",KG,REPRESENTADO,0.5704773,0.5704773,0.5704773,0.5704773,0.5704773,0.5704773,0.5704773,0.5704773,0.5704773,0.5704773,0.5704773,0.5704773,0.5704773,0.5704773,0.5704773,0.5704773,0.5704773,0.5704773,0.5704773,0.5704773,0.5704773,0.5704773,0.5704773,0.5704773,0.5704773,0.5704773,0.5704773,SINAPI_familias_e_coeficientes_2025_06.xlsx,
123,135,"ARGAMASSA POLIMERICA IMPERMEABILIZANTE SEMIFLEXIVEL, BICOMPONENTE, A BASE DE CIMENTO E ADITIVOS",KG,REPRESENTADO,0.4589423,0.4589423,0.4589423,0.4589423,0.4589423,0.4589423,0.4589423,0.4589423,0.4589423,0.4589423,0.4589423,0.4589423,0.4589423,0.4589423,0.4589423,0.4589423,0.4589423,0.4589423,0.4589423,0.4589423,0.4589423,0.4589423,0.4589423,0.4589423,0.4589423,0.4589423,0.4589423,SINAPI_familias_e_coeficientes_2025_06.xlsx,
123,1375,CIMENTO IMPERMEABILIZANTE DE PEGA ULTRARRAPIDA PARA TAMPONAMENTOS,KG,REPRESENTADO,2.3558601,2.3558601,2.3558601,2.3558601,2.3558601,2.3558601,2.3558601,2.3558601,2.3558601,2.3558601,2.3558601,2.3558601,2.3558601,2.3558601,2.3558601,2.3558601,2.3558601,2.3558601,2.3558601,2.3558601,2.3558601,2.3558601,2.3558601,2.3558601,2.3558601,2.3558601,2.3558601,SINAPI_familias_e_coeficientes_2025_06.xlsx,
123,43144,DESMOLDANTE PARA CONCRETO ESTAMPADO,KG,REPRESENTADO,5.2263494,5.2263494,5.2263494,5.2263494,5.2263494,5.2263494,5.2263494,5.2263494,5.2263494,5.2263494,5.2263494,5.2263494,5.2263494,5.2263494,5.2263494,5.2263494,5.2263494,5.2263494,5.2263494,5.2263494,5.2263494,5.2263494,5.2263494,5.2263494,5.2263494,5.2263494,5.2263494,SINAPI_familias_e_coeficientes_2025_06.xlsx,
123,39397,DESMOLDANTE PARA FORMAS METALICAS A BASE DE OLEO VEGETAL,L,REPRESENTADO,2.3822711,2.3822711,2.3822711,2.3822711,2.3822711,2.3822711,2.3822711,2.3822711,2.3822711,2.3822711,2.3822711,2.3822711,2.3822711,2.3822711,2.3822711,2.3822711,2.3822711,2.3822711,2.3822711,2.3822711,2.3822711,2.3822711,2.3822711,2.3822711,2.3822711,2.3822711,2.3822711,SINAPI_familias_e_coeficientes_2025_06.xlsx,
123,2692,"DESMOLDANTE PROTETOR PARA FORMAS DE MADEIRA, DE BASE OLEOSA EMULSIONADA EM AGUA",L,REPRESENTADO,0.96136,0.96136,0.96136,0.96136,0.96136,0.96136,0.96136,0.96136,0.96136,0.96136,0.96136,0.96136,0.96136,0.96136,0.96136,0.96136,0.96136,0.96136,0.96136,0.96136,0.96136,0.96136,0.96136,0.96136,0.96136,0.96136,0.96136,SINAPI_familias_e_coeficientes_2025_06.xlsx,
123,43146,ENDURECEDOR MINERAL DE BASE CIMENTICIA PARA PISO DE CONCRETO,KG,REPRESENTADO,1.2312169,1.2312169,1.2312169,1.2312169,1.2312169,1.2312169,1.2312169,1.2312169,1.2312169,1.2312169,1.2312169,1.2312169,1.2312169,1.2312169,1.2312169,1.2312169,1.2312169,1.2312169,1.2312169,1.2312169,1.2312169,1.2312169,1.2312169,1.2312169,1.2312169,1.2312169,1.2312169,SINAPI_familias_e_coeficientes_2025_06.xlsx,
123,134,GRAUTE CIMENTICIO PARA USO GERAL,KG,REPRESENTADO,0.2357973,0.2357973,0.2357973,0.2357973,0.2357973,0.2357973,0.2357973,0.2357973,0.2357973,0.2357973,0.2357973,0.2357973,0.2357973,0.2357973,0.2357973,0.2357973,0.2357973,0.2357973,0.2357973,0.2357973,0.2357973,0.2357973,0.2357973,0.2357973,0.2357973,0.2357973,0.2357973,SINAPI_familias_e_coeficientes_2025_06.xlsx,
123,140,IMPERMEABILIZANTE FLEXIVEL BRANCO DE BASE ACRILICA PARA COBERTURAS,KG,REPRESENTADO,2.6295709,2.6295709,2.6295709,2.6295709,2.6295709,2.6295709,2.6295709,2.6295709,2.6295709,2.6295709,2.6295709,2.6295709,2.6295709,2.6295709,2.6295709,2.6295709,2.6295709,2.6295709,2.6295709,2.6295709,2.6295709,2.6295709,2.6295709,2.6295709,2.6295709,2.6295709,2.6295709,SINAPI_familias_e_coeficientes_2025_06.xlsx,
123,151,"IMPERMEABILIZANTE INCOLOR, BASE SILICONE, PARA TRATAMENTO DE FACHADAS, TELHAS, PEDRAS E OUTRAS SUPERFICIES",L,REPRESENTADO,3.880432,3.880432,3.880432,3.880432,3.880432,3.880432,3.880432,3.880432,3.880432,3.880432,3.880432,3.880432,3.880432,3.880432,3.880432,3.880432,3.880432,3.880432,3.880432,3.880432,3.880432,3.880432,3.880432,3.880432,3.880432,3.880432,3.880432,SINAPI_familias_e_coeficientes_2025_06.xlsx,
123,41315,"MEMBRANA IMPERMEABILIZANTE A BASE DE POLIUREIA, BICOMPONENTE, APLICACAO A FRIO",KG,REPRESENTADO,12.2546984,12.2546984,12.2546984,12.2546984,12.2546984,12.2546984,12.2546984,12.2546984,12.2546984,12.2546984,12.2546984,12.2546984,12.2546984,12.2546984,12.2546984,12.2546984,12.2546984,12.2546984,12.2546984,12.2546984,12.2546984,12.2546984,12.2546984,12.2546984,12.2546984,12.2546984,12.2546984,SINAPI_familias_e_coeficientes_2025_06.xlsx,
123,43148,MEMBRANA IMPERMEABILIZANTE A BASE DE POLIURETANO,KG,REPRESENTADO,8.3184048,8.3184048,8.3184048,8.3184048,8.3184048,8.3184048,8.3184048,8.3184048,8.3184048,8.3184048,8.3184048,8.3184048,8.3184048,8.3184048,8.3184048,8.3184048,8.3184048,8.3184048,8.3184048,8.3184048,8.3184048,8.3184048,8.3184048,8.3184048,8.3184048,8.3184048,8.3184048,SINAPI_familias_e_coeficientes_2025_06.xlsx,
123,43147,MEMBRANA IMPERMEABILIZANTE ACRILICA MONOCOMPONENTE,KG,REPRESENTADO,3.2220117,3.2220117,3.2220117,3.2220117,3.2220117,3.2220117,3.2220117,3.2220117,3.2220117,3.2220117,3.2220117,3.2220117,3.2220117,3.2220117,3.2220117,3.2220117,3.2220117,3.2220117,3.2220117,3.2220117,3.2220117,3.2220117,3.2220117,3.2220117,3.2220117,3.2220117,3.2220117,SINAPI_familias_e_coeficientes_2025_06.xlsx,
123,34361,METACAULIM DE ALTA REATIVIDADE/CAULIM CALCINADO,KG,REPRESENTADO,2.3452957,2.3452957,2.3452957,2.3452957,2.3452957,2.3452957,2.3452957,2.3452957,2.3452957,2.3452957,2.3452957,2.3452957,2.3452957,2.3452957,2.3452957,2.3452957,2.3452957,2.3452957,2.3452957,2.3452957,2.3452957,2.3452957,2.3452957,2.3452957,2.3452957,2.3452957,2.3452957,SINAPI_familias_e_coeficientes_2025_06.xlsx,
123,44537,POZOLANA DE CLASSE C,T,REPRESENTADO,48.7018619,48.7018619,48.7018619,48.7018619,48.7018619,48.7018619,48.7018619,48.7018619,48.7018619,48.7018619,48.7018619,48.7018619,48.7018619,48.7018619,48.7018619,48.7018619,48.7018619,48.7018619,48.7018619,48.7018619,48.7018619,48.7018619,48.7018619,48.7018619,48.7018619,48.7018619,48.7018619,SINAPI_familias_e_coeficientes_2025_06.xlsx,
123,44074,PRIMER DE POLIURETANO,L,REPRESENTADO,77.7906738,77.7906738,77.7906738,77.7906738,77.7906738,77.7906738,77.7906738,77.7906738,77.7906738,77.7906738,77.7906738,77.7906738,77.7906738,77.7906738,77.7906738,77.7906738,77.7906738,77.7906738,77.7906738,77.7906738,77.7906738,77.7906738,77.7906738,77.7906738,77.7906738,77.7906738,77.7906738,SINAPI_familias_e_coeficientes_2025_06.xlsx,
123,153,"REVESTIMENTO EPOXI DE ALTA RESISTENCIA QUIMICA, ISENTO DE SOLVENTES, BICOMPONENTE",L,REPRESENTADO,13.4886198,13.4886198,13.4886198,13.4886198,13.4886198,13.4886198,13.4886198,13.4886198,13.4886198,13.4886198,13.4886198,13.4886198,13.4886198,13.4886198,13.4886198,13.4886198,13.4886198,13.4886198,13.4886198,13.4886198,13.4886198,13.4886198,13.4886198,13.4886198,13.4886198,13.4886198,13.4886198,SINAPI_familias_e_coeficientes_2025_06.xlsx,
123,11622,SELANTE A BASE DE ALCATRAO E POLIURETANO PARA JUNTAS HORIZONTAIS,KG,REPRESENTADO,10.1640046,10.1640046,10.1640046,10.1640046,10.1640046,10.1640046,10.1640046,10.1640046,10.1640046,10.1640046,10.1640046,10.1640046,10.1640046,10.1640046,10.1640046,10.1640046,10.1640046,10.1640046,10.1640046,10.1640046,10.1640046,10.1640046,10.1640046,10.1640046,10.1640046,10.1640046,10.1640046,SINAPI_familias_e_coeficientes_2025_06.xlsx,
123,43143,"SELANTE ACRILICO PARA TRATAMENTO / ACABAMENTO SUPERFICIAL DE CONCRETO ESTAMPADO, APARENTE, PEDRAS E OUTROS",L,REPRESENTADO,3.8391012,3.8391012,3.8391012,3.8391012,3.8391012,3.8391012,3.8391012,3.8391012,3.8391012,3.8391012,3.8391012,3.8391012,3.8391012,3.8391012,3.8391012,3.8391012,3.8391012,3.8391012,3.8391012,3.8391012,3.8391012,3.8391012,3.8391012,3.8391012,3.8391012,3.8391012,3.8391012,SINAPI_familias_e_coeficientes_2025_06.xlsx,
123,142,SELANTE ELASTICO MONOCOMPONENTE A BASE DE POLIURETANO (PU) PARA JUNTAS DIVERSAS,310ML,REPRESENTADO,4.7962354,4.7962354,4.7962354,4.7962354,4.7962354,4.7962354,4.7962354,4.7962354,4.7962354,4.7962354,4.7962354,4.7962354,4.7962354,4.7962354,4.7962354,4.7962354,4.7962354,4.7962354,4.7962354,4.7962354,4.7962354,4.7962354,4.7962354,4.7962354,4.7962354,4.7962354,4.7962354,SINAPI_familias_e_coeficientes_2025_06.xlsx,
123,43142,"SELANTE MONOCOMPONENTE A BASE DE SILICONE DE BAIXO MODULO, PARA JUNTAS DE PAVIMENTACAO",L,REPRESENTADO,21.7848394,21.7848394,21.7848394,21.7848394,21.7848394,21.7848394,21.7848394,21.7848394,21.7848394,21.7848394,21.7848394,21.7848394,21.7848394,21.7848394,21.7848394,21.7848394,21.7848394,21.7848394,21.7848394,21.7848394,21.7848394,21.7848394,21.7848394,21.7848394,21.7848394,21.7848394,21.7848394,SINAPI_familias_e_coeficientes_2025_06.xlsx,
123,44536,SILICA ATIVA PARA ADICAO EM CONCRETO E ARGAMASSA,KG,REPRESENTADO,0.4035801,0.4035801,0.4035801,0.4035801,0.4035801,0.4035801,0.4035801,0.4035801,0.4035801,0.4035801,0.4035801,0.4035801,0.4035801,0.4035801,0.4035801,0.4035801,0.4035801,0.4035801,0.4035801,0.4035801,0.4035801,0.4035801,0.4035801,0.4035801,0.4035801,0.4035801,0.4035801,SINAPI_familias_e_coeficientes_2025_06.xlsx,
123,39961,SILICONE ACETICO USO GERAL INCOLOR 280 G,UN,REPRESENTADO,3.1693186,3.1693186,3.1693186,3.1693186,3.1693186,3.1693186,3.1693186,3.1693186,3.1693186,3.1693186,3.1693186,3.1693186,3.1693186,3.1693186,3.1693186,3.1693186,3.1693186,3.1693186,3.1693186,3.1693186,3.1693186,3.1693186,3.1693186,3.1693186,3.1693186,3.1693186,3.1693186,SINAPI_familias_e_coeficientes_2025_06.xlsx,
123,11609,"SOLUCAO ASFALTICA ELASTOMERICA PARA IMPRIMACAO, APLICACAO A FRIO",L,REPRESENTADO,1.6892468,1.6892468,1.6892468,1.6892468,1.6892468,1.6892468,1.6892468,1.6892468,1.6892468,1.6892468,1.6892468,1.6892468,1.6892468,1.6892468,1.6892468,1.6892468,1.6892468,1.6892468,1.6892468,1.6892468,1.6892468,1.6892468,1.6892468,1.6892468,1.6892468,1.6892468,1.6892468,SINAPI_familias_e_coeficientes_2025_06.xlsx,
123,154,"TINTA / REVESTIMENTO A BASE DE RESINA EPOXI COM ALCATRAO, BICOMPONENTE",L,REPRESENTADO,10.1397065,10.1397065,10.1397065,10.1397065,10.1397065,10.1397065,10.1397065,10.1397065,10.1397065,10.1397065,10.1397065,10.1397065,10.1397065,10.1397065,10.1397065,10.1397065,10.1397065,10.1397065,10.1397065,10.1397065,10.1397065,10.1397065,10.1397065,10.1397065,10.1397065,10.1397065,10.1397065,SINAPI_familias_e_coeficientes_2025_06.xlsx,
183,183,"BATENTE / PORTAL / ADUELA / MARCO EM MADEIRA MACICA COM REBAIXO, E = *3* CM, L = *14* CM, PARA PORTAS DE GIRO DE *60 CM A 120* CM X *210* CM, CEDRINHO / ANGELIM COMERCIAL / TAURI / CURUPIXA / PEROBA / CUMARU OU EQUIVALENTE DA REGIAO (NAO INCLUI ALIZARES)",JG,REPRESENTATIVO,1,1,1,1,1,1,1,1,1,1,1,1,1,1,1,1,1,1,1,1,1,1,1,1,1,1,1,SINAPI_familias_e_coeficientes_2025_06.xlsx,
183,184,"BATENTE / PORTAL / ADUELA / MARCO EM MADEIRA MACICA COM REBAIXO, E = *3* CM, L = *14* CM, PARA PORTAS DE GIRO DE *60 CM A 120* CM X *210* CM, PINUS / EUCALIPTO / VIROLA OU EQUIVALENTE DA REGIAO (NAO INCLUI ALIZARES)",JG,REPRESENTADO,0.6193548,0.6193548,0.6193548,0.6193548,0.6193548,0.6193548,0.6193548,0.6193548,0.6193548,0.6193548,0.6193548,0.6193548,0.6193548,0.6193548,0.6193548,0.6193548,0.6193548,0.6193548,0.6193548,0.6193548,0.6193548,0.6193548,0.6193548,0.6193548,0.6193548,0.6193548,0.6193548,SINAPI_familias_e_coeficientes_2025_06.xlsx,
183,181,"BATENTE / PORTAL / ADUELA / MARCO EM MADEIRA MACICA COM REBAIXO, E = *3* CM, L = *16* CM, PARA PORTAS DE GIRO DE *60 CM A 120* CM X *210* CM, CEDRINHO / ANGELIM COMERCIAL / TAURI / CURUPIXA / PEROBA / CUMARU OU EQUIVALENTE DA REGIAO (NAO INCLUI ALIZARES)",JG,REPRESENTADO,1.3354839,1.3354839,1.3354839,1.3354839,1.3354839,1.3354839,1.3354839,1.3354839,1.3354839,1.3354839,1.3354839,1.3354839,1.3354839,1.3354839,1.3354839,1.3354839,1.3354839,1.3354839,1.3354839,1.3354839,1.3354839,1.3354839,1.3354839,1.3354839,1.3354839,1.3354839,1.3354839,SINAPI_familias_e_coeficientes_2025_06.xlsx,
183,20001,"BATENTE / PORTAL / ADUELA / MARCO EM MADEIRA MACICA COM REBAIXO, E = *3* CM, L = *16* CM, PARA PORTAS DE GIRO DE *60 CM A 120* CM X *210* CM, PINUS / EUCALIPTO / VIROLA OU EQUIVALENTE DA REGIAO (NAO INCLUI ALIZARES)",JG,REPRESENTADO,0.7741935,0.7741935,0.7741935,0.7741935,0.7741935,0.7741935,0.7741935,0.7741935,0.7741935,0.7741935,0.7741935,0.7741935,0.7741935,0.7741935,0.7741935,0.7741935,0.7741935,0.7741935,0.7741935,0.7741935,0.7741935,0.7741935,0.7741935,0.7741935,0.7741935,0.7741935,0.7741935,SINAPI_familias_e_coeficientes_2025_06.xlsx,
183,20017,"GUARNICAO / ALIZAR / VISTA LISA EM MADEIRA MACICA, PARA PORTA, E = *1* CM, L = *5* CM, CEDRINHO / ANGELIM COMERCIAL / TAURI/ CURUPIXA / PEROBA / CUMARU OU EQUIVALENTE DA REGIAO",M,REPRESENTADO,0.0363729,0.0363729,0.0363729,0.0363729,0.0363729,0.0363729,0.0363729,0.0363729,0.0363729,0.0363729,0.0363729,0.0363729,0.0363729,0.0363729,0.0363729,0.0363729,0.0363729,0.0363729,0.0363729,0.0363729,0.0363729,0.0363729,0.0363729,0.0363729,0.0363729,0.0363729,0.0363729,SINAPI_familias_e_coeficientes_2025_06.xlsx,
183,20007,"GUARNICAO / ALIZAR / VISTA LISA EM MADEIRA MACICA, PARA PORTA, E = *1* CM, L = *5* CM, PINUS /EUCALIPTO / VIROLA OU EQUIVALENTE DA REGIAO",M,REPRESENTADO,0.0217138,0.0217138,0.0217138,0.0217138,0.0217138,0.0217138,0.0217138,0.0217138,0.0217138,0.0217138,0.0217138,0.0217138,0.0217138,0.0217138,0.0217138,0.0217138,0.0217138,0.0217138,0.0217138,0.0217138,0.0217138,0.0217138,0.0217138,0.0217138,0.0217138,0.0217138,0.0217138,SINAPI_familias_e_coeficientes_2025_06.xlsx,
253,253,ALMOXARIFE (HORISTA),H,REPRESENTATIVO,1,1,1,1,1,1,1,1,1,1,1,1,1,1,1,1,1,1,1,1,1,1,1,1,1,1,1,SINAPI_familias_e_coeficientes_2025_06.xlsx,
253,40809,ALMOXARIFE (MENSALISTA),MES,REPRESENTADO,220,220,220,220,220,220,220,220,220,220,220,220,220,220,220,220,220,220,220,220,220,220,220,220,220,220,220,SINAPI_familias_e_coeficientes_2025_06.xlsx,
253,6122,APONTADOR OU APROPRIADOR DE MAO DE OBRA (HORISTA),H,REPRESENTADO,1,1.0252376,0.9415678,0.8465375,1.0422544,1.1521575,0.9520104,1.0177418,1.0120528,1,0.8692939,0.9624753,1.0326828,1,1.0217391,1,1,0.8824912,1.0177418,1.0575338,0.9415678,0.8302072,0.9869394,0.9254692,1,1.0366913,0.9415678,SINAPI_familias_e_coeficientes_2025_06.xlsx,
253,40810,APONTADOR OU APROPRIADOR DE MAO DE OBRA (MENSALISTA),MES,REPRESENTADO,220,225.5522798,207.1449233,186.238241,229.2959738,253.4746404,209.4422827,223.9032033,222.651622,220,191.2446565,211.7445688,227.190223,220,224.7826087,220,220,194.1480611,223.9032033,232.6574456,207.1449233,182.6455843,217.1266667,203.6032275,220,228.0720799,207.1449233,SINAPI_familias_e_coeficientes_2025_06.xlsx,
253,2350,AUXILIAR DE ESCRITORIO (HORISTA),H,REPRESENTADO,0.9583213,0.6936714,0.7797271,0.7081694,0.6964238,0.7861124,0.7433322,0.7310559,0.8317509,0.7449275,0.8243003,0.8538512,0.7780083,0.8680609,0.7718272,0.7954864,0.9382158,0.8011965,0.7438437,0.7746616,0.8327896,0.7425586,0.8484848,0.9004268,0.712646,0.8580384,0.7827908,SINAPI_familias_e_coeficientes_2025_06.xlsx,
253,40812,AUXILIAR DE ESCRITORIO (MENSALISTA),MES,REPRESENTADO,210.8306954,152.6077127,171.539961,155.7972638,153.2132297,172.9447388,163.5330739,160.8322981,182.9851904,163.884058,181.346056,187.8472679,171.1618257,190.9733873,169.8019924,175.0070126,206.4074748,176.2632197,163.6456031,170.4255444,183.213715,163.3629001,186.6666667,198.0939017,156.782129,188.7684542,172.2139842,SINAPI_familias_e_coeficientes_2025_06.xlsx,
253,245,AUXILIAR DE LABORATORISTA DE SOLOS E DE CONCRETO (HORISTA),H,REPRESENTADO,1.2679281,1.1424308,1.3136346,1.2679281,1.0133875,1.3763678,0.9429313,1.2192857,1.1379664,1.1424308,1.2826399,1.25,1.25,1.2679281,1.1424308,0.9027158,1.5407764,1.0682619,0.982363,1.3243084,1.2679281,1.1897172,1.1421392,1.1693855,1.0237434,1.0902084,1.2679281,SINAPI_familias_e_coeficientes_2025_06.xlsx,
253,41090,AUXILIAR DE LABORATORISTA DE SOLOS E DE CONCRETO (MENSALISTA),MES,REPRESENTADO,278.9441712,251.3347826,288.9996101,278.9441712,222.9452463,302.8009084,207.4448768,268.2428571,250.3526093,251.3347826,282.1807888,275,275,278.9441712,251.3347826,198.5974755,338.9708006,235.0176263,216.1198517,291.3478517,278.9441712,261.7377807,251.2706299,257.2648073,225.2235584,239.8458532,278.9441712,SINAPI_familias_e_coeficientes_2025_06.xlsx,
253,7153,TECNICO EM LABORATORIO E CAMPO DE CONSTRUCAO CIVIL (HORISTA),H,REPRESENTADO,1.3085532,1.2446821,1.8538579,1.4147974,1.4608777,1.5140045,1.4676453,2.0496894,1.2822157,1.2805303,1.6431298,1.5062541,1.375,1.4147974,1.3833992,1.3164605,1.0075702,1.4629473,1.3858524,1.4714538,1.4147974,1.2277811,1.369697,1.3607759,1.2334258,1.5990013,1.4147974,SINAPI_familias_e_coeficientes_2025_06.xlsx,
253,41089,TECNICO EM LABORATORIO E CAMPO DE CONSTRUCAO CIVIL (MENSALISTA),MES,REPRESENTADO,287.8816946,273.8300657,407.8487329,311.2554238,321.393093,333.0809992,322.8819715,450.931677,282.0874471,281.7166667,361.4885496,331.3759052,302.5,311.2554238,304.3478261,289.6213184,221.6654464,321.8484136,304.887527,323.7198352,311.2554238,270.1118396,301.3333333,299.3706952,271.3536849,351.7802866,311.2554238,SINAPI_familias_e_coeficientes_2025_06.xlsx,
253,40943,TECNICO EM SEGURANCA DO TRABALHO (HORISTA),H,REPRESENTADO,1.4724221,1.2103522,2.0392876,1.4579115,1.4608777,1.4073773,1.4153402,1.4551584,1.3367098,1.3826087,1.6367684,1.4483213,1.3615145,1.4579115,1.3875692,1.2573888,1.220013,1.3353274,1.3610477,1.6185992,1.52253,1.7197455,1.5797333,1.3647606,1.2493919,1.9510693,1.4579115,SINAPI_familias_e_coeficientes_2025_06.xlsx,
253,40944,TECNICO EM SEGURANCA DO TRABALHO (MENSALISTA),MES,REPRESENTADO,323.9328537,266.2774818,448.6432749,320.7405265,321.393093,309.6230129,311.3748379,320.1348447,294.0761636,304.173913,360.0890585,318.6306781,299.533195,320.7405265,305.2652174,276.6255259,268.4028669,293.7720329,299.4304882,356.0918187,334.9565912,378.3440031,347.5413333,300.247325,274.8662076,429.2352366,320.7405265,SINAPI_familias_e_coeficientes_2025_06.xlsx,
301,301,"ANEL BORRACHA PARA TUBO ESGOTO PREDIAL, DN 100 MM (NBR 5688)",UN,REPRESENTATIVO,1,1,1,1,1,1,1,1,1,1,1,1,1,1,1,1,1,1,1,1,1,1,1,1,1,1,1,SINAPI_familias_e_coeficientes_2025_06.xlsx,
301,296,"ANEL BORRACHA PARA TUBO ESGOTO PREDIAL, DN 50 MM (NBR 5688)",UN,REPRESENTADO,0.5657143,0.5657143,0.5657143,0.5657143,0.5657143,0.5657143,0.5657143,0.5657143,0.5657143,0.5657143,0.5657143,0.5657143,0.5657143,0.5657143,0.5657143,0.5657143,0.5657143,0.5657143,0.5657143,0.5657143,0.5657143,0.5657143,0.5657143,0.5657143,0.5657143,0.5657143,0.5657143,SINAPI_familias_e_coeficientes_2025_06.xlsx,
301,297,"ANEL BORRACHA PARA TUBO ESGOTO PREDIAL, DN 75 MM (NBR 5688)",UN,REPRESENTADO,0.8314286,0.8314286,0.8314286,0.8314286,0.8314286,0.8314286,0.8314286,0.8314286,0.8314286,0.8314286,0.8314286,0.8314286,0.8314286,0.8314286,0.8314286,0.8314286,0.8314286,0.8314286,0.8314286,0.8314286,0.8314286,0.8314286,0.8314286,0.8314286,0.8314286,0.8314286,0.8314286,SINAPI_familias_e_coeficientes_2025_06.xlsx,
301,299,"ANEL BORRACHA, DN 100 MM, PARA TUBO SERIE REFORCADA ESGOTO PREDIAL",UN,REPRESENTADO,1.1742857,1.1742857,1.1742857,1.1742857,1.1742857,1.1742857,1.1742857,1.1742857,1.1742857,1.1742857,1.1742857,1.1742857,1.1742857,1.1742857,1.1742857,1.1742857,1.1742857,1.1742857,1.1742857,1.1742857,1.1742857,1.1742857,1.1742857,1.1742857,1.1742857,1.1742857,1.1742857,SINAPI_familias_e_coeficientes_2025_06.xlsx,
301,300,"ANEL BORRACHA, DN 150 MM, PARA TUBO SERIE REFORCADA ESGOTO PREDIAL",UN,REPRESENTADO,4.06,4.06,4.06,4.06,4.06,4.06,4.06,4.06,4.06,4.06,4.06,4.06,4.06,4.06,4.06,4.06,4.06,4.06,4.06,4.06,4.06,4.06,4.06,4.06,4.06,4.06,4.06,SINAPI_familias_e_coeficientes_2025_06.xlsx,
301,20085,"ANEL BORRACHA, DN 50 MM, PARA TUBO SERIE REFORCADA ESGOTO PREDIAL",UN,REPRESENTADO,0.7428571,0.7428571,0.7428571,0.7428571,0.7428571,0.7428571,0.7428571,0.7428571,0.7428571,0.7428571,0.7428571,0.7428571,0.7428571,0.7428571,0.7428571,0.7428571,0.7428571,0.7428571,0.7428571,0.7428571,0.7428571,0.7428571,0.7428571,0.7428571,0.7428571,0.7428571,0.7428571,SINAPI_familias_e_coeficientes_2025_06.xlsx,
301,298,"ANEL BORRACHA, DN 75 MM, PARA TUBO SERIE REFORCADA ESGOTO PREDIAL",UN,REPRESENTADO,0.9028571,0.9028571,0.9028571,0.9028571,0.9028571,0.9028571,0.9028571,0.9028571,0.9028571,0.9028571,0.9028571,0.9028571,0.9028571,0.9028571,0.9028571,0.9028571,0.9028571,0.9028571,0.9028571,0.9028571,0.9028571,0.9028571,0.9028571,0.9028571,0.9028571,0.9028571,0.9028571,SINAPI_familias_e_coeficientes_2025_06.xlsx,
301,311,"ANEL BORRACHA, PARA TUBO PVC DEFOFO, DN 100 MM (NBR 7665)",UN,REPRESENTADO,3.3485714,3.3485714,3.3485714,3.3485714,3.3485714,3.3485714,3.3485714,3.3485714,3.3485714,3.3485714,3.3485714,3.3485714,3.3485714,3.3485714,3.3485714,3.3485714,3.3485714,3.3485714,3.3485714,3.3485714,3.3485714,3.3485714,3.3485714,3.3485714,3.3485714,3.3485714,3.3485714,SINAPI_familias_e_coeficientes_2025_06.xlsx,
301,318,"ANEL BORRACHA, PARA TUBO PVC DEFOFO, DN 150 MM (NBR 7665)",UN,REPRESENTADO,6.7428571,6.7428571,6.7428571,6.7428571,6.7428571,6.7428571,6.7428571,6.7428571,6.7428571,6.7428571,6.7428571,6.7428571,6.7428571,6.7428571,6.7428571,6.7428571,6.7428571,6.7428571,6.7428571,6.7428571,6.7428571,6.7428571,6.7428571,6.7428571,6.7428571,6.7428571,6.7428571,SINAPI_familias_e_coeficientes_2025_06.xlsx,
301,319,"ANEL BORRACHA, PARA TUBO PVC DEFOFO, DN 200 MM (NBR 7665)",UN,REPRESENTADO,10.5714286,10.5714286,10.5714286,10.5714286,10.5714286,10.5714286,10.5714286,10.5714286,10.5714286,10.5714286,10.5714286,10.5714286,10.5714286,10.5714286,10.5714286,10.5714286,10.5714286,10.5714286,10.5714286,10.5714286,10.5714286,10.5714286,10.5714286,10.5714286,10.5714286,10.5714286,10.5714286,SINAPI_familias_e_coeficientes_2025_06.xlsx,
301,303,"ANEL BORRACHA, PARA TUBO PVC, REDE COLETOR ESGOTO, DN 100 MM (NBR 7362)",UN,REPRESENTADO,1.1085714,1.1085714,1.1085714,1.1085714,1.1085714,1.1085714,1.1085714,1.1085714,1.1085714,1.1085714,1.1085714,1.1085714,1.1085714,1.1085714,1.1085714,1.1085714,1.1085714,1.1085714,1.1085714,1.1085714,1.1085714,1.1085714,1.1085714,1.1085714,1.1085714,1.1085714,1.1085714,SINAPI_familias_e_coeficientes_2025_06.xlsx,
301,305,"ANEL BORRACHA, PARA TUBO PVC, REDE COLETOR ESGOTO, DN 150 MM (NBR 7362)",UN,REPRESENTADO,3.4857143,3.4857143,3.4857143,3.4857143,3.4857143,3.4857143,3.4857143,3.4857143,3.4857143,3.4857143,3.4857143,3.4857143,3.4857143,3.4857143,3.4857143,3.4857143,3.4857143,3.4857143,3.4857143,3.4857143,3.4857143,3.4857143,3.4857143,3.4857143,3.4857143,3.4857143,3.4857143,SINAPI_familias_e_coeficientes_2025_06.xlsx,
301,306,"ANEL BORRACHA, PARA TUBO PVC, REDE COLETOR ESGOTO, DN 200 MM (NBR 7362)",UN,REPRESENTADO,5.2857143,5.2857143,5.2857143,5.2857143,5.2857143,5.2857143,5.2857143,5.2857143,5.2857143,5.2857143,5.2857143,5.2857143,5.2857143,5.2857143,5.2857143,5.2857143,5.2857143,5.2857143,5.2857143,5.2857143,5.2857143,5.2857143,5.2857143,5.2857143,5.2857143,5.2857143,5.2857143,SINAPI_familias_e_coeficientes_2025_06.xlsx,
301,307,"ANEL BORRACHA, PARA TUBO PVC, REDE COLETOR ESGOTO, DN 250 MM (NBR 7362)",UN,REPRESENTADO,13.3542857,13.3542857,13.3542857,13.3542857,13.3542857,13.3542857,13.3542857,13.3542857,13.3542857,13.3542857,13.3542857,13.3542857,13.3542857,13.3542857,13.3542857,13.3542857,13.3542857,13.3542857,13.3542857,13.3542857,13.3542857,13.3542857,13.3542857,13.3542857,13.3542857,13.3542857,13.3542857,SINAPI_familias_e_coeficientes_2025_06.xlsx,
301,309,"ANEL BORRACHA, PARA TUBO PVC, REDE COLETOR ESGOTO, DN 350 MM (NBR 7362)",UN,REPRESENTADO,21.8742857,21.8742857,21.8742857,21.8742857,21.8742857,21.8742857,21.8742857,21.8742857,21.8742857,21.8742857,21.8742857,21.8742857,21.8742857,21.8742857,21.8742857,21.8742857,21.8742857,21.8742857,21.8742857,21.8742857,21.8742857,21.8742857,21.8742857,21.8742857,21.8742857,21.8742857,21.8742857,SINAPI_familias_e_coeficientes_2025_06.xlsx,
301,310,"ANEL BORRACHA, PARA TUBO PVC, REDE COLETOR ESGOTO, DN 400 MM (NBR 7362)",UN,REPRESENTADO,30.3171429,30.3171429,30.3171429,30.3171429,30.3171429,30.3171429,30.3171429,30.3171429,30.3171429,30.3171429,30.3171429,30.3171429,30.3171429,30.3171429,30.3171429,30.3171429,30.3171429,30.3171429,30.3171429,30.3171429,30.3171429,30.3171429,30.3171429,30.3171429,30.3171429,30.3171429,30.3171429,SINAPI_familias_e_coeficientes_2025_06.xlsx,
301,308,"ANEL BORRACHA, PARA TUBO, PVC REDE COLETOR ESGOTO, DN 300 MM (NBR 7362)",UN,REPRESENTADO,29.8028571,29.8028571,29.8028571,29.8028571,29.8028571,29.8028571,29.8028571,29.8028571,29.8028571,29.8028571,29.8028571,29.8028571,29.8028571,29.8028571,29.8028571,29.8028571,29.8028571,29.8028571,29.8028571,29.8028571,29.8028571,29.8028571,29.8028571,29.8028571,29.8028571,29.8028571,29.8028571,SINAPI_familias_e_coeficientes_2025_06.xlsx,
301,328,"ANEL BORRACHA, PARA TUBO/CONEXAO PVC PBA, DN 100 MM, PARA REDE AGUA",UN,REPRESENTADO,2.6514286,2.6514286,2.6514286,2.6514286,2.6514286,2.6514286,2.6514286,2.6514286,2.6514286,2.6514286,2.6514286,2.6514286,2.6514286,2.6514286,2.6514286,2.6514286,2.6514286,2.6514286,2.6514286,2.6514286,2.6514286,2.6514286,2.6514286,2.6514286,2.6514286,2.6514286,2.6514286,SINAPI_familias_e_coeficientes_2025_06.xlsx,
301,325,"ANEL BORRACHA, PARA TUBO/CONEXAO PVC PBA, DN 50 MM, PARA REDE AGUA",UN,REPRESENTADO,0.7828571,0.7828571,0.7828571,0.7828571,0.7828571,0.7828571,0.7828571,0.7828571,0.7828571,0.7828571,0.7828571,0.7828571,0.7828571,0.7828571,0.7828571,0.7828571,0.7828571,0.7828571,0.7828571,0.7828571,0.7828571,0.7828571,0.7828571,0.7828571,0.7828571,0.7828571,0.7828571,SINAPI_familias_e_coeficientes_2025_06.xlsx,
301,20326,"ANEL BORRACHA, PARA TUBO/CONEXAO PVC PBA, DN 60 MM, PARA REDE AGUA",UN,REPRESENTADO,1.4314286,1.4314286,1.4314286,1.4314286,1.4314286,1.4314286,1.4314286,1.4314286,1.4314286,1.4314286,1.4314286,1.4314286,1.4314286,1.4314286,1.4314286,1.4314286,1.4314286,1.4314286,1.4314286,1.4314286,1.4314286,1.4314286,1.4314286,1.4314286,1.4314286,1.4314286,1.4314286,SINAPI_familias_e_coeficientes_2025_06.xlsx,
301,329,"ANEL BORRACHA, PARA TUBO/CONEXAO PVC PBA, DN 75 MM, PARA REDE AGUA",UN,REPRESENTADO,2.2171429,2.2171429,2.2171429,2.2171429,2.2171429,2.2171429,2.2171429,2.2171429,2.2171429,2.2171429,2.2171429,2.2171429,2.2171429,2.2171429,2.2171429,2.2171429,2.2171429,2.2171429,2.2171429,2.2171429,2.2171429,2.2171429,2.2171429,2.2171429,2.2171429,2.2171429,2.2171429,SINAPI_familias_e_coeficientes_2025_06.xlsx,
301,39642,"ANEL DE BORRACHA PARA VEDACAO DE DUTO PEAD CORRUGADO PARA ELETRICA, DN 1 1/2"" (NBR 15715)",UN,REPRESENTADO,0.9828571,0.9828571,0.9828571,0.9828571,0.9828571,0.9828571,0.9828571,0.9828571,0.9828571,0.9828571,0.9828571,0.9828571,0.9828571,0.9828571,0.9828571,0.9828571,0.9828571,0.9828571,0.9828571,0.9828571,0.9828571,0.9828571,0.9828571,0.9828571,0.9828571,0.9828571,0.9828571,SINAPI_familias_e_coeficientes_2025_06.xlsx,
301,39641,"ANEL DE BORRACHA PARA VEDACAO DE DUTO PEAD CORRUGADO PARA ELETRICA, DN 1 1/4"" (NBR 15715)",UN,REPRESENTADO,0.8628571,0.8628571,0.8628571,0.8628571,0.8628571,0.8628571,0.8628571,0.8628571,0.8628571,0.8628571,0.8628571,0.8628571,0.8628571,0.8628571,0.8628571,0.8628571,0.8628571,0.8628571,0.8628571,0.8628571,0.8628571,0.8628571,0.8628571,0.8628571,0.8628571,0.8628571,0.8628571,SINAPI_familias_e_coeficientes_2025_06.xlsx,
301,39643,"ANEL DE BORRACHA PARA VEDACAO DE DUTO PEAD CORRUGADO PARA ELETRICA, DN 2"" (NBR 15715)",UN,REPRESENTADO,1.1542857,1.1542857,1.1542857,1.1542857,1.1542857,1.1542857,1.1542857,1.1542857,1.1542857,1.1542857,1.1542857,1.1542857,1.1542857,1.1542857,1.1542857,1.1542857,1.1542857,1.1542857,1.1542857,1.1542857,1.1542857,1.1542857,1.1542857,1.1542857,1.1542857,1.1542857,1.1542857,SINAPI_familias_e_coeficientes_2025_06.xlsx,
301,39644,"ANEL DE BORRACHA PARA VEDACAO DE DUTO PEAD CORRUGADO PARA ELETRICA, DN 3"" (NBR 15715)",UN,REPRESENTADO,1.7885714,1.7885714,1.7885714,1.7885714,1.7885714,1.7885714,1.7885714,1.7885714,1.7885714,1.7885714,1.7885714,1.7885714,1.7885714,1.7885714,1.7885714,1.7885714,1.7885714,1.7885714,1.7885714,1.7885714,1.7885714,1.7885714,1.7885714,1.7885714,1.7885714,1.7885714,1.7885714,SINAPI_familias_e_coeficientes_2025_06.xlsx,
301,39645,"ANEL DE BORRACHA PARA VEDACAO DE DUTO PEAD CORRUGADO PARA ELETRICA, DN 4"" (NBR 15715)",UN,REPRESENTADO,1.96,1.96,1.96,1.96,1.96,1.96,1.96,1.96,1.96,1.96,1.96,1.96,1.96,1.96,1.96,1.96,1.96,1.96,1.96,1.96,1.96,1.96,1.96,1.96,1.96,1.96,1.96,SINAPI_familias_e_coeficientes_2025_06.xlsx,
301,40340,"ANEL DE VEDACAO/JUNTA ELASTICA, H = *16* MM, PARA TUBO DE CONCRETO, DN 300 MM",UN,REPRESENTADO,7.3571429,7.3571429,7.3571429,7.3571429,7.3571429,7.3571429,7.3571429,7.3571429,7.3571429,7.3571429,7.3571429,7.3571429,7.3571429,7.3571429,7.3571429,7.3571429,7.3571429,7.3571429,7.3571429,7.3571429,7.3571429,7.3571429,7.3571429,7.3571429,7.3571429,7.3571429,7.3571429,SINAPI_familias_e_coeficientes_2025_06.xlsx,
301,40341,"ANEL DE VEDACAO/JUNTA ELASTICA, H = *16* MM, PARA TUBO DE CONCRETO, DN 400 MM",UN,REPRESENTADO,8.78,8.78,8.78,8.78,8.78,8.78,8.78,8.78,8.78,8.78,8.78,8.78,8.78,8.78,8.78,8.78,8.78,8.78,8.78,8.78,8.78,8.78,8.78,8.78,8.78,8.78,8.78,SINAPI_familias_e_coeficientes_2025_06.xlsx,
301,40342,"ANEL DE VEDACAO/JUNTA ELASTICA, H = *16* MM, PARA TUBO DE CONCRETO, DN 500 MM",UN,REPRESENTADO,10.4714286,10.4714286,10.4714286,10.4714286,10.4714286,10.4714286,10.4714286,10.4714286,10.4714286,10.4714286,10.4714286,10.4714286,10.4714286,10.4714286,10.4714286,10.4714286,10.4714286,10.4714286,10.4714286,10.4714286,10.4714286,10.4714286,10.4714286,10.4714286,10.4714286,10.4714286,10.4714286,SINAPI_familias_e_coeficientes_2025_06.xlsx,
301,40343,"ANEL DE VEDACAO/JUNTA ELASTICA, H = *16* MM, PARA TUBO DE CONCRETO, DN 600 MM",UN,REPRESENTADO,12.42,12.42,12.42,12.42,12.42,12.42,12.42,12.42,12.42,12.42,12.42,12.42,12.42,12.42,12.42,12.42,12.42,12.42,12.42,12.42,12.42,12.42,12.42,12.42,12.42,12.42,12.42,SINAPI_familias_e_coeficientes_2025_06.xlsx,
301,40344,"ANEL DE VEDACAO/JUNTA ELASTICA, H = *18* MM, PARA TUBO DE CONCRETO, DN 700 MM",UN,REPRESENTADO,16.9314286,16.9314286,16.9314286,16.9314286,16.9314286,16.9314286,16.9314286,16.9314286,16.9314286,16.9314286,16.9314286,16.9314286,16.9314286,16.9314286,16.9314286,16.9314286,16.9314286,16.9314286,16.9314286,16.9314286,16.9314286,16.9314286,16.9314286,16.9314286,16.9314286,16.9314286,16.9314286,SINAPI_familias_e_coeficientes_2025_06.xlsx,
301,40345,"ANEL DE VEDACAO/JUNTA ELASTICA, H = *19* MM, PARA TUBO DE CONCRETO, DN 800 MM",UN,REPRESENTADO,20.8628571,20.8628571,20.8628571,20.8628571,20.8628571,20.8628571,20.8628571,20.8628571,20.8628571,20.8628571,20.8628571,20.8628571,20.8628571,20.8628571,20.8628571,20.8628571,20.8628571,20.8628571,20.8628571,20.8628571,20.8628571,20.8628571,20.8628571,20.8628571,20.8628571,20.8628571,20.8628571,SINAPI_familias_e_coeficientes_2025_06.xlsx,
301,40346,"ANEL DE VEDACAO/JUNTA ELASTICA, H = *19* MM, PARA TUBO DE CONCRETO, DN 900 MM",UN,REPRESENTADO,24.2,24.2,24.2,24.2,24.2,24.2,24.2,24.2,24.2,24.2,24.2,24.2,24.2,24.2,24.2,24.2,24.2,24.2,24.2,24.2,24.2,24.2,24.2,24.2,24.2,24.2,24.2,SINAPI_familias_e_coeficientes_2025_06.xlsx,
301,40347,"ANEL DE VEDACAO/JUNTA ELASTICA, H = *21* MM, PARA TUBO DE CONCRETO, DN 1000 MM",UN,REPRESENTADO,30.4057143,30.4057143,30.4057143,30.4057143,30.4057143,30.4057143,30.4057143,30.4057143,30.4057143,30.4057143,30.4057143,30.4057143,30.4057143,30.4057143,30.4057143,30.4057143,30.4057143,30.4057143,30.4057143,30.4057143,30.4057143,30.4057143,30.4057143,30.4057143,30.4057143,30.4057143,30.4057143,SINAPI_familias_e_coeficientes_2025_06.xlsx,
360,360,"MUDA DE RASTEIRA/FORRACAO, AMENDOIM RASTEIRO/ONZE HORAS/AZULZINHA/IMPATIENS OU EQUIVALENTE DA REGIAO",UN,REPRESENTATIVO,1,1,1,1,1,1,1,1,1,1,1,1,1,1,1,1,1,1,1,1,1,1,1,1,1,1,1,SINAPI_familias_e_coeficientes_2025_06.xlsx,
360,10826,"MUDA DE ARBUSTO FLORIFERO, CLUSIA/GARDENIA/MOREIA BRANCA/ AZALEIA OU EQUIVALENTE DA REGIAO, H= *50 A 70* CM",UN,REPRESENTADO,28.7356322,28.7356322,28.7356322,28.7356322,28.7356322,28.7356322,28.7356322,28.7356322,28.7356322,28.7356322,28.7356322,28.7356322,28.7356322,28.7356322,28.7356322,28.7356322,28.7356322,28.7356322,28.7356322,28.7356322,28.7356322,28.7356322,28.7356322,28.7356322,28.7356322,28.7356322,28.7356322,SINAPI_familias_e_coeficientes_2025_06.xlsx,
360,365,"MUDA DE ARBUSTO FOLHAGEM, SANSAO-DO-CAMPO OU EQUIVALENTE DA REGIAO, H= *50 A 70* CM",UN,REPRESENTADO,17.816092,17.816092,17.816092,17.816092,17.816092,17.816092,17.816092,17.816092,17.816092,17.816092,17.816092,17.816092,17.816092,17.816092,17.816092,17.816092,17.816092,17.816092,17.816092,17.816092,17.816092,17.816092,17.816092,17.816092,17.816092,17.816092,17.816092,SINAPI_familias_e_coeficientes_2025_06.xlsx,
360,38639,"MUDA DE ARBUSTO, BUXINHO, H= *50* CM",UN,REPRESENTADO,68.9655172,68.9655172,68.9655172,68.9655172,68.9655172,68.9655172,68.9655172,68.9655172,68.9655172,68.9655172,68.9655172,68.9655172,68.9655172,68.9655172,68.9655172,68.9655172,68.9655172,68.9655172,68.9655172,68.9655172,68.9655172,68.9655172,68.9655172,68.9655172,68.9655172,68.9655172,68.9655172,SINAPI_familias_e_coeficientes_2025_06.xlsx,
360,38640,"MUDA DE ARBUSTO, PINGO DE OURO/ VIOLETEIRA, H = *10 A 20* CM",UN,REPRESENTADO,1.0344828,1.0344828,1.0344828,1.0344828,1.0344828,1.0344828,1.0344828,1.0344828,1.0344828,1.0344828,1.0344828,1.0344828,1.0344828,1.0344828,1.0344828,1.0344828,1.0344828,1.0344828,1.0344828,1.0344828,1.0344828,1.0344828,1.0344828,1.0344828,1.0344828,1.0344828,1.0344828,SINAPI_familias_e_coeficientes_2025_06.xlsx,
360,358,"MUDA DE ARVORE ORNAMENTAL, OITI/AROEIRA SALSA/ANGICO/IPE/JACARANDA OU EQUIVALENTE DA REGIAO, H= *1* M",UN,REPRESENTADO,21.2643678,21.2643678,21.2643678,21.2643678,21.2643678,21.2643678,21.2643678,21.2643678,21.2643678,21.2643678,21.2643678,21.2643678,21.2643678,21.2643678,21.2643678,21.2643678,21.2643678,21.2643678,21.2643678,21.2643678,21.2643678,21.2643678,21.2643678,21.2643678,21.2643678,21.2643678,21.2643678,SINAPI_familias_e_coeficientes_2025_06.xlsx,
360,359,"MUDA DE ARVORE ORNAMENTAL, OITI/AROEIRA SALSA/ANGICO/IPE/JACARANDA OU EQUIVALENTE DA REGIAO, H= *2* M",UN,REPRESENTADO,43.6781609,43.6781609,43.6781609,43.6781609,43.6781609,43.6781609,43.6781609,43.6781609,43.6781609,43.6781609,43.6781609,43.6781609,43.6781609,43.6781609,43.6781609,43.6781609,43.6781609,43.6781609,43.6781609,43.6781609,43.6781609,43.6781609,43.6781609,43.6781609,43.6781609,43.6781609,43.6781609,SINAPI_familias_e_coeficientes_2025_06.xlsx,
360,38641,"MUDA DE PALMEIRA ARECA, H= *1,50* M",UN,REPRESENTADO,43.1034483,43.1034483,43.1034483,43.1034483,43.1034483,43.1034483,43.1034483,43.1034483,43.1034483,43.1034483,43.1034483,43.1034483,43.1034483,43.1034483,43.1034483,43.1034483,43.1034483,43.1034483,43.1034483,43.1034483,43.1034483,43.1034483,43.1034483,43.1034483,43.1034483,43.1034483,43.1034483,SINAPI_familias_e_coeficientes_2025_06.xlsx,
366,366,"AREIA FINA - POSTO JAZIDA/FORNECEDOR (RETIRADO NA JAZIDA, SEM TRANSPORTE)",M3,REPRESENTATIVO,1,1,1,1,1,1,1,1,1,1,1,1,1,1,1,1,1,1,1,1,1,1,1,1,1,1,1,SINAPI_familias_e_coeficientes_2025_06.xlsx,
366,367,"AREIA GROSSA - POSTO JAZIDA/FORNECEDOR (RETIRADO NA JAZIDA, SEM TRANSPORTE)",M3,REPRESENTADO,1.0130769,1.0130769,1.0130769,1.0130769,1.0130769,1.0130769,1.0130769,1.0130769,1.0130769,1.0130769,1.0130769,1.0130769,1.0130769,1.0130769,1.0130769,1.0130769,1.0130769,1.0130769,1.0130769,1.0130769,1.0130769,1.0130769,1.0130769,1.0130769,1.0130769,1.0130769,1.0130769,SINAPI_familias_e_coeficientes_2025_06.xlsx,
366,370,"AREIA MEDIA - POSTO JAZIDA/FORNECEDOR (RETIRADO NA JAZIDA, SEM TRANSPORTE)",M3,REPRESENTADO,1,1,1,1,1,1,1,1,1,1,1,1,1,1,1,1,1,1,1,1,1,1,1,1,1,1,1,SINAPI_familias_e_coeficientes_2025_06.xlsx,
366,368,"AREIA PARA ATERRO - POSTO JAZIDA/FORNECEDOR (RETIRADO NA JAZIDA, SEM TRANSPORTE)",M3,REPRESENTADO,0.5,0.5,0.5,0.5,0.5,0.5,0.5,0.5,0.5,0.5,0.5,0.5,0.5,0.5,0.5,0.5,0.5,0.5,0.5,0.5,0.5,0.5,0.5,0.5,0.5,0.5,0.5,SINAPI_familias_e_coeficientes_2025_06.xlsx,
366,11075,"AREIA PARA LEITO FILTRANTE (0,42 A 1,68 MM) - POSTO JAZIDA/FORNECEDOR (RETIRADO NA JAZIDA, SEM TRANSPORTE)",M3,REPRESENTADO,11.476923,11.476923,11.476923,11.476923,11.476923,11.476923,11.476923,11.476923,11.476923,11.476923,11.476923,11.476923,11.476923,11.476923,11.476923,11.476923,11.476923,11.476923,11.476923,11.476923,11.476923,11.476923,11.476923,11.476923,11.476923,11.476923,11.476923,SINAPI_familias_e_coeficientes_2025_06.xlsx,
377,377,"ASSENTO SANITARIO DE PLASTICO, TIPO CONVENCIONAL",UN,REPRESENTATIVO,1,1,1,1,1,1,1,1,1,1,1,1,1,1,1,1,1,1,1,1,1,1,1,1,1,1,1,SINAPI_familias_e_coeficientes_2025_06.xlsx,
377,11761,ASSENTO VASO SANITARIO INFANTIL EM PLASTICO BRANCO,UN,REPRESENTADO,2.1281407,2.1281407,2.1281407,2.1281407,2.1281407,2.1281407,2.1281407,2.1281407,2.1281407,2.1281407,2.1281407,2.1281407,2.1281407,2.1281407,2.1281407,2.1281407,2.1281407,2.1281407,2.1281407,2.1281407,2.1281407,2.1281407,2.1281407,2.1281407,2.1281407,2.1281407,2.1281407,SINAPI_familias_e_coeficientes_2025_06.xlsx,
393,393,"ABRACADEIRA EM ACO PARA AMARRACAO DE ELETRODUTOS, TIPO D, COM 1"" E PARAFUSO DE FIXACAO",UN,REPRESENTATIVO,1,1,1,1,1,1,1,1,1,1,1,1,1,1,1,1,1,1,1,1,1,1,1,1,1,1,1,SINAPI_familias_e_coeficientes_2025_06.xlsx,
393,39131,"ABRACADEIRA EM ACO PARA AMARRACAO DE ELETRODUTOS, TIPO D, COM 1 1/2"" E CUNHA DE FIXACAO",UN,REPRESENTADO,1.7021277,1.7021277,1.7021277,1.7021277,1.7021277,1.7021277,1.7021277,1.7021277,1.7021277,1.7021277,1.7021277,1.7021277,1.7021277,1.7021277,1.7021277,1.7021277,1.7021277,1.7021277,1.7021277,1.7021277,1.7021277,1.7021277,1.7021277,1.7021277,1.7021277,1.7021277,1.7021277,SINAPI_familias_e_coeficientes_2025_06.xlsx,
393,394,"ABRACADEIRA EM ACO PARA AMARRACAO DE ELETRODUTOS, TIPO D, COM 1 1/2"" E PARAFUSO DE FIXACAO",UN,REPRESENTADO,1.7234043,1.7234043,1.7234043,1.7234043,1.7234043,1.7234043,1.7234043,1.7234043,1.7234043,1.7234043,1.7234043,1.7234043,1.7234043,1.7234043,1.7234043,1.7234043,1.7234043,1.7234043,1.7234043,1.7234043,1.7234043,1.7234043,1.7234043,1.7234043,1.7234043,1.7234043,1.7234043,SINAPI_familias_e_coeficientes_2025_06.xlsx,
393,39130,"ABRACADEIRA EM ACO PARA AMARRACAO DE ELETRODUTOS, TIPO D, COM 1 1/4"" E CUNHA DE FIXACAO",UN,REPRESENTADO,1.5531915,1.5531915,1.5531915,1.5531915,1.5531915,1.5531915,1.5531915,1.5531915,1.5531915,1.5531915,1.5531915,1.5531915,1.5531915,1.5531915,1.5531915,1.5531915,1.5531915,1.5531915,1.5531915,1.5531915,1.5531915,1.5531915,1.5531915,1.5531915,1.5531915,1.5531915,1.5531915,SINAPI_familias_e_coeficientes_2025_06.xlsx,
393,395,"ABRACADEIRA EM ACO PARA AMARRACAO DE ELETRODUTOS, TIPO D, COM 1 1/4"" E PARAFUSO DE FIXACAO",UN,REPRESENTADO,1.6595745,1.6595745,1.6595745,1.6595745,1.6595745,1.6595745,1.6595745,1.6595745,1.6595745,1.6595745,1.6595745,1.6595745,1.6595745,1.6595745,1.6595745,1.6595745,1.6595745,1.6595745,1.6595745,1.6595745,1.6595745,1.6595745,1.6595745,1.6595745,1.6595745,1.6595745,1.6595745,SINAPI_familias_e_coeficientes_2025_06.xlsx,
393,39129,"ABRACADEIRA EM ACO PARA AMARRACAO DE ELETRODUTOS, TIPO D, COM 1"" E CUNHA DE FIXACAO",UN,REPRESENTADO,0.9574468,0.9574468,0.9574468,0.9574468,0.9574468,0.9574468,0.9574468,0.9574468,0.9574468,0.9574468,0.9574468,0.9574468,0.9574468,0.9574468,0.9574468,0.9574468,0.9574468,0.9574468,0.9574468,0.9574468,0.9574468,0.9574468,0.9574468,0.9574468,0.9574468,0.9574468,0.9574468,SINAPI_familias_e_coeficientes_2025_06.xlsx,
393,39127,"ABRACADEIRA EM ACO PARA AMARRACAO DE ELETRODUTOS, TIPO D, COM 1/2"" E CUNHA DE FIXACAO",UN,REPRESENTADO,0.8191489,0.8191489,0.8191489,0.8191489,0.8191489,0.8191489,0.8191489,0.8191489,0.8191489,0.8191489,0.8191489,0.8191489,0.8191489,0.8191489,0.8191489,0.8191489,0.8191489,0.8191489,0.8191489,0.8191489,0.8191489,0.8191489,0.8191489,0.8191489,0.8191489,0.8191489,0.8191489,SINAPI_familias_e_coeficientes_2025_06.xlsx,
393,392,"ABRACADEIRA EM ACO PARA AMARRACAO DE ELETRODUTOS, TIPO D, COM 1/2"" E PARAFUSO DE FIXACAO",UN,REPRESENTADO,0.8404255,0.8404255,0.8404255,0.8404255,0.8404255,0.8404255,0.8404255,0.8404255,0.8404255,0.8404255,0.8404255,0.8404255,0.8404255,0.8404255,0.8404255,0.8404255,0.8404255,0.8404255,0.8404255,0.8404255,0.8404255,0.8404255,0.8404255,0.8404255,0.8404255,0.8404255,0.8404255,SINAPI_familias_e_coeficientes_2025_06.xlsx,
393,39133,"ABRACADEIRA EM ACO PARA AMARRACAO DE ELETRODUTOS, TIPO D, COM 2 1/2"" E CUNHA DE FIXACAO",UN,REPRESENTADO,2.2340426,2.2340426,2.2340426,2.2340426,2.2340426,2.2340426,2.2340426,2.2340426,2.2340426,2.2340426,2.2340426,2.2340426,2.2340426,2.2340426,2.2340426,2.2340426,2.2340426,2.2340426,2.2340426,2.2340426,2.2340426,2.2340426,2.2340426,2.2340426,2.2340426,2.2340426,2.2340426,SINAPI_familias_e_coeficientes_2025_06.xlsx,
393,397,"ABRACADEIRA EM ACO PARA AMARRACAO DE ELETRODUTOS, TIPO D, COM 2 1/2"" E PARAFUSO DE FIXACAO",UN,REPRESENTADO,2.4680851,2.4680851,2.4680851,2.4680851,2.4680851,2.4680851,2.4680851,2.4680851,2.4680851,2.4680851,2.4680851,2.4680851,2.4680851,2.4680851,2.4680851,2.4680851,2.4680851,2.4680851,2.4680851,2.4680851,2.4680851,2.4680851,2.4680851,2.4680851,2.4680851,2.4680851,2.4680851,SINAPI_familias_e_coeficientes_2025_06.xlsx,
393,39132,"ABRACADEIRA EM ACO PARA AMARRACAO DE ELETRODUTOS, TIPO D, COM 2"" E CUNHA DE FIXACAO",UN,REPRESENTADO,1.787234,1.787234,1.787234,1.787234,1.787234,1.787234,1.787234,1.787234,1.787234,1.787234,1.787234,1.787234,1.787234,1.787234,1.787234,1.787234,1.787234,1.787234,1.787234,1.787234,1.787234,1.787234,1.787234,1.787234,1.787234,1.787234,1.787234,SINAPI_familias_e_coeficientes_2025_06.xlsx,
393,396,"ABRACADEIRA EM ACO PARA AMARRACAO DE ELETRODUTOS, TIPO D, COM 2"" E PARAFUSO DE FIXACAO",UN,REPRESENTADO,1.9148936,1.9148936,1.9148936,1.9148936,1.9148936,1.9148936,1.9148936,1.9148936,1.9148936,1.9148936,1.9148936,1.9148936,1.9148936,1.9148936,1.9148936,1.9148936,1.9148936,1.9148936,1.9148936,1.9148936,1.9148936,1.9148936,1.9148936,1.9148936,1.9148936,1.9148936,1.9148936,SINAPI_familias_e_coeficientes_2025_06.xlsx,
393,39135,"ABRACADEIRA EM ACO PARA AMARRACAO DE ELETRODUTOS, TIPO D, COM 3 1/2"" E CUNHA DE FIXACAO",UN,REPRESENTADO,3.5744681,3.5744681,3.5744681,3.5744681,3.5744681,3.5744681,3.5744681,3.5744681,3.5744681,3.5744681,3.5744681,3.5744681,3.5744681,3.5744681,3.5744681,3.5744681,3.5744681,3.5744681,3.5744681,3.5744681,3.5744681,3.5744681,3.5744681,3.5744681,3.5744681,3.5744681,3.5744681,SINAPI_familias_e_coeficientes_2025_06.xlsx,
393,39134,"ABRACADEIRA EM ACO PARA AMARRACAO DE ELETRODUTOS, TIPO D, COM 3"" E CUNHA DE FIXACAO",UN,REPRESENTADO,2.9787234,2.9787234,2.9787234,2.9787234,2.9787234,2.9787234,2.9787234,2.9787234,2.9787234,2.9787234,2.9787234,2.9787234,2.9787234,2.9787234,2.9787234,2.9787234,2.9787234,2.9787234,2.9787234,2.9787234,2.9787234,2.9787234,2.9787234,2.9787234,2.9787234,2.9787234,2.9787234,SINAPI_familias_e_coeficientes_2025_06.xlsx,
393,398,"ABRACADEIRA EM ACO PARA AMARRACAO DE ELETRODUTOS, TIPO D, COM 3"" E PARAFUSO DE FIXACAO",UN,REPRESENTADO,2.7446809,2.7446809,2.7446809,2.7446809,2.7446809,2.7446809,2.7446809,2.7446809,2.7446809,2.7446809,2.7446809,2.7446809,2.7446809,2.7446809,2.7446809,2.7446809,2.7446809,2.7446809,2.7446809,2.7446809,2.7446809,2.7446809,2.7446809,2.7446809,2.7446809,2.7446809,2.7446809,SINAPI_familias_e_coeficientes_2025_06.xlsx,
393,39128,"ABRACADEIRA EM ACO PARA AMARRACAO DE ELETRODUTOS, TIPO D, COM 3/4"" E CUNHA DE FIXACAO",UN,REPRESENTADO,0.893617,0.893617,0.893617,0.893617,0.893617,0.893617,0.893617,0.893617,0.893617,0.893617,0.893617,0.893617,0.893617,0.893617,0.893617,0.893617,0.893617,0.893617,0.893617,0.893617,0.893617,0.893617,0.893617,0.893617,0.893617,0.893617,0.893617,SINAPI_familias_e_coeficientes_2025_06.xlsx,
393,400,"ABRACADEIRA EM ACO PARA AMARRACAO DE ELETRODUTOS, TIPO D, COM 3/4"" E PARAFUSO DE FIXACAO",UN,REPRESENTADO,0.8723404,0.8723404,0.8723404,0.8723404,0.8723404,0.8723404,0.8723404,0.8723404,0.8723404,0.8723404,0.8723404,0.8723404,0.8723404,0.8723404,0.8723404,0.8723404,0.8723404,0.8723404,0.8723404,0.8723404,0.8723404,0.8723404,0.8723404,0.8723404,0.8723404,0.8723404,0.8723404,SINAPI_familias_e_coeficientes_2025_06.xlsx,
393,39125,"ABRACADEIRA EM ACO PARA AMARRACAO DE ELETRODUTOS, TIPO D, COM 3/8"" E PARAFUSO DE FIXACAO",UN,REPRESENTADO,0.893617,0.893617,0.893617,0.893617,0.893617,0.893617,0.893617,0.893617,0.893617,0.893617,0.893617,0.893617,0.893617,0.893617,0.893617,0.893617,0.893617,0.893617,0.893617,0.893617,0.893617,0.893617,0.893617,0.893617,0.893617,0.893617,0.893617,SINAPI_familias_e_coeficientes_2025_06.xlsx,
393,39126,"ABRACADEIRA EM ACO PARA AMARRACAO DE ELETRODUTOS, TIPO D, COM 4"" E CUNHA DE FIXACAO",UN,REPRESENTADO,4.0212766,4.0212766,4.0212766,4.0212766,4.0212766,4.0212766,4.0212766,4.0212766,4.0212766,4.0212766,4.0212766,4.0212766,4.0212766,4.0212766,4.0212766,4.0212766,4.0212766,4.0212766,4.0212766,4.0212766,4.0212766,4.0212766,4.0212766,4.0212766,4.0212766,4.0212766,4.0212766,SINAPI_familias_e_coeficientes_2025_06.xlsx,
393,399,"ABRACADEIRA EM ACO PARA AMARRACAO DE ELETRODUTOS, TIPO D, COM 4"" E PARAFUSO DE FIXACAO",UN,REPRESENTADO,3.5425532,3.5425532,3.5425532,3.5425532,3.5425532,3.5425532,3.5425532,3.5425532,3.5425532,3.5425532,3.5425532,3.5425532,3.5425532,3.5425532,3.5425532,3.5425532,3.5425532,3.5425532,3.5425532,3.5425532,3.5425532,3.5425532,3.5425532,3.5425532,3.5425532,3.5425532,3.5425532,SINAPI_familias_e_coeficientes_2025_06.xlsx,
393,39158,"ABRACADEIRA EM ACO PARA AMARRACAO DE ELETRODUTOS, TIPO ECONOMICA (GOTA), COM 8""",UN,REPRESENTADO,9.5106383,9.5106383,9.5106383,9.5106383,9.5106383,9.5106383,9.5106383,9.5106383,9.5106383,9.5106383,9.5106383,9.5106383,9.5106383,9.5106383,9.5106383,9.5106383,9.5106383,9.5106383,9.5106383,9.5106383,9.5106383,9.5106383,9.5106383,9.5106383,9.5106383,9.5106383,9.5106383,SINAPI_familias_e_coeficientes_2025_06.xlsx,
393,39141,"ABRACADEIRA EM ACO PARA AMARRACAO DE ELETRODUTOS, TIPO U SIMPLES, COM 1 1/2""",UN,REPRESENTADO,0.6914894,0.6914894,0.6914894,0.6914894,0.6914894,0.6914894,0.6914894,0.6914894,0.6914894,0.6914894,0.6914894,0.6914894,0.6914894,0.6914894,0.6914894,0.6914894,0.6914894,0.6914894,0.6914894,0.6914894,0.6914894,0.6914894,0.6914894,0.6914894,0.6914894,0.6914894,0.6914894,SINAPI_familias_e_coeficientes_2025_06.xlsx,
393,39140,"ABRACADEIRA EM ACO PARA AMARRACAO DE ELETRODUTOS, TIPO U SIMPLES, COM 1 1/4""",UN,REPRESENTADO,0.6276596,0.6276596,0.6276596,0.6276596,0.6276596,0.6276596,0.6276596,0.6276596,0.6276596,0.6276596,0.6276596,0.6276596,0.6276596,0.6276596,0.6276596,0.6276596,0.6276596,0.6276596,0.6276596,0.6276596,0.6276596,0.6276596,0.6276596,0.6276596,0.6276596,0.6276596,0.6276596,SINAPI_familias_e_coeficientes_2025_06.xlsx,
393,39139,"ABRACADEIRA EM ACO PARA AMARRACAO DE ELETRODUTOS, TIPO U SIMPLES, COM 1""",UN,REPRESENTADO,0.5212766,0.5212766,0.5212766,0.5212766,0.5212766,0.5212766,0.5212766,0.5212766,0.5212766,0.5212766,0.5212766,0.5212766,0.5212766,0.5212766,0.5212766,0.5212766,0.5212766,0.5212766,0.5212766,0.5212766,0.5212766,0.5212766,0.5212766,0.5212766,0.5212766,0.5212766,0.5212766,SINAPI_familias_e_coeficientes_2025_06.xlsx,
393,39137,"ABRACADEIRA EM ACO PARA AMARRACAO DE ELETRODUTOS, TIPO U SIMPLES, COM 1/2""",UN,REPRESENTADO,0.3617021,0.3617021,0.3617021,0.3617021,0.3617021,0.3617021,0.3617021,0.3617021,0.3617021,0.3617021,0.3617021,0.3617021,0.3617021,0.3617021,0.3617021,0.3617021,0.3617021,0.3617021,0.3617021,0.3617021,0.3617021,0.3617021,0.3617021,0.3617021,0.3617021,0.3617021,0.3617021,SINAPI_familias_e_coeficientes_2025_06.xlsx,
393,39143,"ABRACADEIRA EM ACO PARA AMARRACAO DE ELETRODUTOS, TIPO U SIMPLES, COM 2 1/2""",UN,REPRESENTADO,1.4255319,1.4255319,1.4255319,1.4255319,1.4255319,1.4255319,1.4255319,1.4255319,1.4255319,1.4255319,1.4255319,1.4255319,1.4255319,1.4255319,1.4255319,1.4255319,1.4255319,1.4255319,1.4255319,1.4255319,1.4255319,1.4255319,1.4255319,1.4255319,1.4255319,1.4255319,1.4255319,SINAPI_familias_e_coeficientes_2025_06.xlsx,
393,39142,"ABRACADEIRA EM ACO PARA AMARRACAO DE ELETRODUTOS, TIPO U SIMPLES, COM 2""",UN,REPRESENTADO,1.0212766,1.0212766,1.0212766,1.0212766,1.0212766,1.0212766,1.0212766,1.0212766,1.0212766,1.0212766,1.0212766,1.0212766,1.0212766,1.0212766,1.0212766,1.0212766,1.0212766,1.0212766,1.0212766,1.0212766,1.0212766,1.0212766,1.0212766,1.0212766,1.0212766,1.0212766,1.0212766,SINAPI_familias_e_coeficientes_2025_06.xlsx,
393,39144,"ABRACADEIRA EM ACO PARA AMARRACAO DE ELETRODUTOS, TIPO U SIMPLES, COM 3""",UN,REPRESENTADO,1.6595745,1.6595745,1.6595745,1.6595745,1.6595745,1.6595745,1.6595745,1.6595745,1.6595745,1.6595745,1.6595745,1.6595745,1.6595745,1.6595745,1.6595745,1.6595745,1.6595745,1.6595745,1.6595745,1.6595745,1.6595745,1.6595745,1.6595745,1.6595745,1.6595745,1.6595745,1.6595745,SINAPI_familias_e_coeficientes_2025_06.xlsx,
393,39138,"ABRACADEIRA EM ACO PARA AMARRACAO DE ELETRODUTOS, TIPO U SIMPLES, COM 3/4""",UN,REPRESENTADO,0.3829787,0.3829787,0.3829787,0.3829787,0.3829787,0.3829787,0.3829787,0.3829787,0.3829787,0.3829787,0.3829787,0.3829787,0.3829787,0.3829787,0.3829787,0.3829787,0.3829787,0.3829787,0.3829787,0.3829787,0.3829787,0.3829787,0.3829787,0.3829787,0.3829787,0.3829787,0.3829787,SINAPI_familias_e_coeficientes_2025_06.xlsx,
393,39136,"ABRACADEIRA EM ACO PARA AMARRACAO DE ELETRODUTOS, TIPO U SIMPLES, COM 3/8""",UN,REPRESENTADO,0.2553191,0.2553191,0.2553191,0.2553191,0.2553191,0.2553191,0.2553191,0.2553191,0.2553191,0.2553191,0.2553191,0.2553191,0.2553191,0.2553191,0.2553191,0.2553191,0.2553191,0.2553191,0.2553191,0.2553191,0.2553191,0.2553191,0.2553191,0.2553191,0.2553191,0.2553191,0.2553191,SINAPI_familias_e_coeficientes_2025_06.xlsx,
393,39145,"ABRACADEIRA EM ACO PARA AMARRACAO DE ELETRODUTOS, TIPO U SIMPLES, COM 4""",UN,REPRESENTADO,2.7340426,2.7340426,2.7340426,2.7340426,2.7340426,2.7340426,2.7340426,2.7340426,2.7340426,2.7340426,2.7340426,2.7340426,2.7340426,2.7340426,2.7340426,2.7340426,2.7340426,2.7340426,2.7340426,2.7340426,2.7340426,2.7340426,2.7340426,2.7340426,2.7340426,2.7340426,2.7340426,SINAPI_familias_e_coeficientes_2025_06.xlsx,
411,411,"ABRACADEIRA DE NYLON PARA AMARRACAO DE CABOS, COMPRIMENTO DE 200 X *4,6* MM",UN,REPRESENTATIVO,1,1,1,1,1,1,1,1,1,1,1,1,1,1,1,1,1,1,1,1,1,1,1,1,1,1,1,SINAPI_familias_e_coeficientes_2025_06.xlsx,
411,412,"ABRACADEIRA DE NYLON PARA AMARRACAO DE CABOS, COMPRIMENTO DE *230* X *7,6* MM",UN,REPRESENTADO,5.1458842,5.1458842,5.1458842,5.1458842,5.1458842,5.1458842,5.1458842,5.1458842,5.1458842,5.1458842,5.1458842,5.1458842,5.1458842,5.1458842,5.1458842,5.1458842,5.1458842,5.1458842,5.1458842,5.1458842,5.1458842,5.1458842,5.1458842,5.1458842,5.1458842,5.1458842,5.1458842,SINAPI_familias_e_coeficientes_2025_06.xlsx,
411,414,"ABRACADEIRA DE NYLON PARA AMARRACAO DE CABOS, COMPRIMENTO DE 100 X 2,5 MM",UN,REPRESENTADO,0.3254278,0.3254278,0.3254278,0.3254278,0.3254278,0.3254278,0.3254278,0.3254278,0.3254278,0.3254278,0.3254278,0.3254278,0.3254278,0.3254278,0.3254278,0.3254278,0.3254278,0.3254278,0.3254278,0.3254278,0.3254278,0.3254278,0.3254278,0.3254278,0.3254278,0.3254278,0.3254278,SINAPI_familias_e_coeficientes_2025_06.xlsx,
411,410,"ABRACADEIRA DE NYLON PARA AMARRACAO DE CABOS, COMPRIMENTO DE 150 X *3,6* MM",UN,REPRESENTADO,0.795436,0.795436,0.795436,0.795436,0.795436,0.795436,0.795436,0.795436,0.795436,0.795436,0.795436,0.795436,0.795436,0.795436,0.795436,0.795436,0.795436,0.795436,0.795436,0.795436,0.795436,0.795436,0.795436,0.795436,0.795436,0.795436,0.795436,SINAPI_familias_e_coeficientes_2025_06.xlsx,
411,408,"ABRACADEIRA DE NYLON PARA AMARRACAO DE CABOS, COMPRIMENTO DE 390 X *4,6* MM",UN,REPRESENTADO,4.9659331,4.9659331,4.9659331,4.9659331,4.9659331,4.9659331,4.9659331,4.9659331,4.9659331,4.9659331,4.9659331,4.9659331,4.9659331,4.9659331,4.9659331,4.9659331,4.9659331,4.9659331,4.9659331,4.9659331,4.9659331,4.9659331,4.9659331,4.9659331,4.9659331,4.9659331,4.9659331,SINAPI_familias_e_coeficientes_2025_06.xlsx,
428,428,"PARAFUSO M16 EM ACO GALVANIZADO, COMPRIMENTO = 500 MM, DIAMETRO = 16 MM, ROSCA MAQUINA, COM CABECA SEXTAVADA E PORCA",UN,REPRESENTATIVO,1,1,1,1,1,1,1,1,1,1,1,1,1,1,1,1,1,1,1,1,1,1,1,1,1,1,1,SINAPI_familias_e_coeficientes_2025_06.xlsx,
428,13348,"ARRUELA EM ACO GALVANIZADO, DIAMETRO EXTERNO = 35MM, ESPESSURA = 3MM, DIAMETRO DO FURO= 18MM",UN,REPRESENTADO,0.046875,0.046875,0.046875,0.046875,0.046875,0.046875,0.046875,0.046875,0.046875,0.046875,0.046875,0.046875,0.046875,0.046875,0.046875,0.046875,0.046875,0.046875,0.046875,0.046875,0.046875,0.046875,0.046875,0.046875,0.046875,0.046875,0.046875,SINAPI_familias_e_coeficientes_2025_06.xlsx,
428,11267,"ARRUELA LISA, REDONDA, DE LATAO POLIDO, DIAMETRO NOMINAL 5/8"", DIAMETRO EXTERNO = 34 MM, DIAMETRO DO FURO = 17 MM, ESPESSURA = *2,5* MM",UN,REPRESENTADO,0.0409375,0.0409375,0.0409375,0.0409375,0.0409375,0.0409375,0.0409375,0.0409375,0.0409375,0.0409375,0.0409375,0.0409375,0.0409375,0.0409375,0.0409375,0.0409375,0.0409375,0.0409375,0.0409375,0.0409375,0.0409375,0.0409375,0.0409375,0.0409375,0.0409375,0.0409375,0.0409375,SINAPI_familias_e_coeficientes_2025_06.xlsx,
428,379,"ARRUELA QUADRADA EM ACO GALVANIZADO, DIMENSAO = 38 MM, ESPESSURA = 3MM, DIAMETRO DO FURO= 18 MM",UN,REPRESENTADO,0.0411458,0.0411458,0.0411458,0.0411458,0.0411458,0.0411458,0.0411458,0.0411458,0.0411458,0.0411458,0.0411458,0.0411458,0.0411458,0.0411458,0.0411458,0.0411458,0.0411458,0.0411458,0.0411458,0.0411458,0.0411458,0.0411458,0.0411458,0.0411458,0.0411458,0.0411458,0.0411458,SINAPI_familias_e_coeficientes_2025_06.xlsx,
428,436,"PARAFUSO FRANCES M16 EM ACO GALVANIZADO, COMPRIMENTO = 150 MM, DIAMETRO = 16 MM, CABECA ABAULADA",UN,REPRESENTADO,0.346875,0.346875,0.346875,0.346875,0.346875,0.346875,0.346875,0.346875,0.346875,0.346875,0.346875,0.346875,0.346875,0.346875,0.346875,0.346875,0.346875,0.346875,0.346875,0.346875,0.346875,0.346875,0.346875,0.346875,0.346875,0.346875,0.346875,SINAPI_familias_e_coeficientes_2025_06.xlsx,
428,442,"PARAFUSO FRANCES M16 EM ACO GALVANIZADO, COMPRIMENTO = 45 MM, DIAMETRO = 16 MM, CABECA ABAULADA",UN,REPRESENTADO,0.2052083,0.2052083,0.2052083,0.2052083,0.2052083,0.2052083,0.2052083,0.2052083,0.2052083,0.2052083,0.2052083,0.2052083,0.2052083,0.2052083,0.2052083,0.2052083,0.2052083,0.2052083,0.2052083,0.2052083,0.2052083,0.2052083,0.2052083,0.2052083,0.2052083,0.2052083,0.2052083,SINAPI_familias_e_coeficientes_2025_06.xlsx,
428,430,"PARAFUSO M16 EM ACO GALVANIZADO, COMPRIMENTO = 125 MM, DIAMETRO = 16 MM, ROSCA MAQUINA, CABECA QUADRADA",UN,REPRESENTADO,0.3104167,0.3104167,0.3104167,0.3104167,0.3104167,0.3104167,0.3104167,0.3104167,0.3104167,0.3104167,0.3104167,0.3104167,0.3104167,0.3104167,0.3104167,0.3104167,0.3104167,0.3104167,0.3104167,0.3104167,0.3104167,0.3104167,0.3104167,0.3104167,0.3104167,0.3104167,0.3104167,SINAPI_familias_e_coeficientes_2025_06.xlsx,
428,441,"PARAFUSO M16 EM ACO GALVANIZADO, COMPRIMENTO = 150 MM, DIAMETRO = 16 MM, ROSCA MAQUINA, CABECA QUADRADA",UN,REPRESENTADO,0.3416667,0.3416667,0.3416667,0.3416667,0.3416667,0.3416667,0.3416667,0.3416667,0.3416667,0.3416667,0.3416667,0.3416667,0.3416667,0.3416667,0.3416667,0.3416667,0.3416667,0.3416667,0.3416667,0.3416667,0.3416667,0.3416667,0.3416667,0.3416667,0.3416667,0.3416667,0.3416667,SINAPI_familias_e_coeficientes_2025_06.xlsx,
428,431,"PARAFUSO M16 EM ACO GALVANIZADO, COMPRIMENTO = 200 MM, DIAMETRO = 16 MM, ROSCA MAQUINA, CABECA QUADRADA",UN,REPRESENTADO,0.4125,0.4125,0.4125,0.4125,0.4125,0.4125,0.4125,0.4125,0.4125,0.4125,0.4125,0.4125,0.4125,0.4125,0.4125,0.4125,0.4125,0.4125,0.4125,0.4125,0.4125,0.4125,0.4125,0.4125,0.4125,0.4125,0.4125,SINAPI_familias_e_coeficientes_2025_06.xlsx,
428,432,"PARAFUSO M16 EM ACO GALVANIZADO, COMPRIMENTO = 250 MM, DIAMETRO = 16 MM, ROSCA MAQUINA, CABECA QUADRADA",UN,REPRESENTADO,0.4552083,0.4552083,0.4552083,0.4552083,0.4552083,0.4552083,0.4552083,0.4552083,0.4552083,0.4552083,0.4552083,0.4552083,0.4552083,0.4552083,0.4552083,0.4552083,0.4552083,0.4552083,0.4552083,0.4552083,0.4552083,0.4552083,0.4552083,0.4552083,0.4552083,0.4552083,0.4552083,SINAPI_familias_e_coeficientes_2025_06.xlsx,
428,429,"PARAFUSO M16 EM ACO GALVANIZADO, COMPRIMENTO = 300 MM, DIAMETRO = 16 MM, ROSCA DUPLA",UN,REPRESENTADO,0.6135417,0.6135417,0.6135417,0.6135417,0.6135417,0.6135417,0.6135417,0.6135417,0.6135417,0.6135417,0.6135417,0.6135417,0.6135417,0.6135417,0.6135417,0.6135417,0.6135417,0.6135417,0.6135417,0.6135417,0.6135417,0.6135417,0.6135417,0.6135417,0.6135417,0.6135417,0.6135417,SINAPI_familias_e_coeficientes_2025_06.xlsx,
428,439,"PARAFUSO M16 EM ACO GALVANIZADO, COMPRIMENTO = 300 MM, DIAMETRO = 16 MM, ROSCA MAQUINA, CABECA QUADRADA",UN,REPRESENTADO,0.5229167,0.5229167,0.5229167,0.5229167,0.5229167,0.5229167,0.5229167,0.5229167,0.5229167,0.5229167,0.5229167,0.5229167,0.5229167,0.5229167,0.5229167,0.5229167,0.5229167,0.5229167,0.5229167,0.5229167,0.5229167,0.5229167,0.5229167,0.5229167,0.5229167,0.5229167,0.5229167,SINAPI_familias_e_coeficientes_2025_06.xlsx,
428,433,"PARAFUSO M16 EM ACO GALVANIZADO, COMPRIMENTO = 350 MM, DIAMETRO = 16 MM, ROSCA MAQUINA, CABECA QUADRADA",UN,REPRESENTADO,0.6104167,0.6104167,0.6104167,0.6104167,0.6104167,0.6104167,0.6104167,0.6104167,0.6104167,0.6104167,0.6104167,0.6104167,0.6104167,0.6104167,0.6104167,0.6104167,0.6104167,0.6104167,0.6104167,0.6104167,0.6104167,0.6104167,0.6104167,0.6104167,0.6104167,0.6104167,0.6104167,SINAPI_familias_e_coeficientes_2025_06.xlsx,
428,437,"PARAFUSO M16 EM ACO GALVANIZADO, COMPRIMENTO = 400 MM, DIAMETRO = 16 MM, ROSCA DUPLA",UN,REPRESENTADO,0.8109375,0.8109375,0.8109375,0.8109375,0.8109375,0.8109375,0.8109375,0.8109375,0.8109375,0.8109375,0.8109375,0.8109375,0.8109375,0.8109375,0.8109375,0.8109375,0.8109375,0.8109375,0.8109375,0.8109375,0.8109375,0.8109375,0.8109375,0.8109375,0.8109375,0.8109375,0.8109375,SINAPI_familias_e_coeficientes_2025_06.xlsx,
428,11790,"PARAFUSO M16 EM ACO GALVANIZADO, COMPRIMENTO = 450 MM, DIAMETRO = 16 MM, ROSCA MAQUINA, CABECA QUADRADA",UN,REPRESENTADO,0.9197917,0.9197917,0.9197917,0.9197917,0.9197917,0.9197917,0.9197917,0.9197917,0.9197917,0.9197917,0.9197917,0.9197917,0.9197917,0.9197917,0.9197917,0.9197917,0.9197917,0.9197917,0.9197917,0.9197917,0.9197917,0.9197917,0.9197917,0.9197917,0.9197917,0.9197917,0.9197917,SINAPI_familias_e_coeficientes_2025_06.xlsx,
428,421,"PORCA OLHAL M 16, EM ACO GALVANIZADO, DIAMETRO = 16 MM",UN,REPRESENTADO,0.6041667,0.6041667,0.6041667,0.6041667,0.6041667,0.6041667,0.6041667,0.6041667,0.6041667,0.6041667,0.6041667,0.6041667,0.6041667,0.6041667,0.6041667,0.6041667,0.6041667,0.6041667,0.6041667,0.6041667,0.6041667,0.6041667,0.6041667,0.6041667,0.6041667,0.6041667,0.6041667,SINAPI_familias_e_coeficientes_2025_06.xlsx,
511,511,"PRIMER PARA MANTA ASFALTICA A BASE DE ASFALTO MODIFICADO DILUIDO EM SOLVENTE, APLICACAO A FRIO",L,REPRESENTATIVO,1,1,1,1,1,1,1,1,1,1,1,1,1,1,1,1,1,1,1,1,1,1,1,1,1,1,1,SINAPI_familias_e_coeficientes_2025_06.xlsx,
511,510,"ASFALTO MODIFICADO TIPO I - NBR 9910 (ASFALTO OXIDADO PARA IMPERMEABILIZACAO, COEFICIENTE DE PENETRACAO 25-40)",KG,REPRESENTADO,0.6833302,0.6833302,0.6833302,0.6833302,0.6833302,0.6833302,0.6833302,0.6833302,0.6833302,0.6833302,0.6833302,0.6833302,0.6833302,0.6833302,0.6833302,0.6833302,0.6833302,0.6833302,0.6833302,0.6833302,0.6833302,0.6833302,0.6833302,0.6833302,0.6833302,0.6833302,0.6833302,SINAPI_familias_e_coeficientes_2025_06.xlsx,
511,516,"ASFALTO MODIFICADO TIPO II - NBR 9910 (ASFALTO OXIDADO PARA IMPERMEABILIZACAO, COEFICIENTE DE PENETRACAO 20-35)",KG,REPRESENTADO,0.8096166,0.8096166,0.8096166,0.8096166,0.8096166,0.8096166,0.8096166,0.8096166,0.8096166,0.8096166,0.8096166,0.8096166,0.8096166,0.8096166,0.8096166,0.8096166,0.8096166,0.8096166,0.8096166,0.8096166,0.8096166,0.8096166,0.8096166,0.8096166,0.8096166,0.8096166,0.8096166,SINAPI_familias_e_coeficientes_2025_06.xlsx,
511,509,"ASFALTO MODIFICADO TIPO III - NBR 9910 (ASFALTO OXIDADO PARA IMPERMEABILIZACAO, COEFICIENTE DE PENETRACAO 15-25)",KG,REPRESENTADO,0.90844,0.90844,0.90844,0.90844,0.90844,0.90844,0.90844,0.90844,0.90844,0.90844,0.90844,0.90844,0.90844,0.90844,0.90844,0.90844,0.90844,0.90844,0.90844,0.90844,0.90844,0.90844,0.90844,0.90844,0.90844,0.90844,0.90844,SINAPI_familias_e_coeficientes_2025_06.xlsx,
511,517,EMULSAO ASFALTICA ANIONICA,L,REPRESENTADO,0.4718045,0.4718045,0.4718045,0.4718045,0.4718045,0.4718045,0.4718045,0.4718045,0.4718045,0.4718045,0.4718045,0.4718045,0.4718045,0.4718045,0.4718045,0.4718045,0.4718045,0.4718045,0.4718045,0.4718045,0.4718045,0.4718045,0.4718045,0.4718045,0.4718045,0.4718045,0.4718045,SINAPI_familias_e_coeficientes_2025_06.xlsx,
541,541,"BANCADA DE MARMORE SINTETICO COM UMA CUBA, 120 X *60* CM",UN,REPRESENTATIVO,1,1,1,1,1,1,1,1,1,1,1,1,1,1,1,1,1,1,1,1,1,1,1,1,1,1,1,SINAPI_familias_e_coeficientes_2025_06.xlsx,
541,542,"BANCADA DE MARMORE SINTETICO COM UMA CUBA, 150 X *60* CM",UN,REPRESENTADO,1.2535211,1.2535211,1.2535211,1.2535211,1.2535211,1.2535211,1.2535211,1.2535211,1.2535211,1.2535211,1.2535211,1.2535211,1.2535211,1.2535211,1.2535211,1.2535211,1.2535211,1.2535211,1.2535211,1.2535211,1.2535211,1.2535211,1.2535211,1.2535211,1.2535211,1.2535211,1.2535211,SINAPI_familias_e_coeficientes_2025_06.xlsx,
541,540,"BANCADA DE MARMORE SINTETICO COM UMA CUBA, 200 X *60* CM",UN,REPRESENTADO,2.8247887,2.8247887,2.8247887,2.8247887,2.8247887,2.8247887,2.8247887,2.8247887,2.8247887,2.8247887,2.8247887,2.8247887,2.8247887,2.8247887,2.8247887,2.8247887,2.8247887,2.8247887,2.8247887,2.8247887,2.8247887,2.8247887,2.8247887,2.8247887,2.8247887,2.8247887,2.8247887,SINAPI_familias_e_coeficientes_2025_06.xlsx,
541,11693,BANCADA/TAMPO LISO (SEM CUBA) EM MARMORE SINTETICO,M2,REPRESENTADO,1.1088028,1.1088028,1.1088028,1.1088028,1.1088028,1.1088028,1.1088028,1.1088028,1.1088028,1.1088028,1.1088028,1.1088028,1.1088028,1.1088028,1.1088028,1.1088028,1.1088028,1.1088028,1.1088028,1.1088028,1.1088028,1.1088028,1.1088028,1.1088028,1.1088028,1.1088028,1.1088028,SINAPI_familias_e_coeficientes_2025_06.xlsx,
541,36790,"TANQUE DUPLO EM MARMORE SINTETICO COM CUBA LISA E ESFREGADOR, *110 X 60* CM",UN,REPRESENTADO,1.5056338,1.5056338,1.5056338,1.5056338,1.5056338,1.5056338,1.5056338,1.5056338,1.5056338,1.5056338,1.5056338,1.5056338,1.5056338,1.5056338,1.5056338,1.5056338,1.5056338,1.5056338,1.5056338,1.5056338,1.5056338,1.5056338,1.5056338,1.5056338,1.5056338,1.5056338,1.5056338,SINAPI_familias_e_coeficientes_2025_06.xlsx,
541,37589,"TANQUE SIMPLES EM MARMORE SINTETICO COM COLUNA, CAPACIDADE *22* L, *60 X 46* CM",UN,REPRESENTADO,1.8447887,1.8447887,1.8447887,1.8447887,1.8447887,1.8447887,1.8447887,1.8447887,1.8447887,1.8447887,1.8447887,1.8447887,1.8447887,1.8447887,1.8447887,1.8447887,1.8447887,1.8447887,1.8447887,1.8447887,1.8447887,1.8447887,1.8447887,1.8447887,1.8447887,1.8447887,1.8447887,SINAPI_familias_e_coeficientes_2025_06.xlsx,
541,11690,"TANQUE SIMPLES EM MARMORE SINTETICO DE FIXAR NA PAREDE, CAPACIDADE *22* L, *60 X 46* CM",UN,REPRESENTADO,0.98,0.98,0.98,0.98,0.98,0.98,0.98,0.98,0.98,0.98,0.98,0.98,0.98,0.98,0.98,0.98,0.98,0.98,0.98,0.98,0.98,0.98,0.98,0.98,0.98,0.98,0.98,SINAPI_familias_e_coeficientes_2025_06.xlsx,
541,20234,"TANQUE SIMPLES EM MARMORE SINTETICO SUSPENSO, CAPACIDADE *38* L, *60 X 60* CM",UN,REPRESENTADO,1.2402112,1.2402112,1.2402112,1.2402112,1.2402112,1.2402112,1.2402112,1.2402112,1.2402112,1.2402112,1.2402112,1.2402112,1.2402112,1.2402112,1.2402112,1.2402112,1.2402112,1.2402112,1.2402112,1.2402112,1.2402112,1.2402112,1.2402112,1.2402112,1.2402112,1.2402112,1.2402112,SINAPI_familias_e_coeficientes_2025_06.xlsx,
546,546,"BARRA DE ACO CHATA, RETANGULAR (QUALQUER BITOLA)",KG,REPRESENTATIVO,1,1,1,1,1,1,1,1,1,1,1,1,1,1,1,1,1,1,1,1,1,1,1,1,1,1,1,SINAPI_familias_e_coeficientes_2025_06.xlsx,
546,566,"BARRA DE ACO CHATO, RETANGULAR, 19,05 MM X 3,17 MM (L X E), 0,47 KG/M",M,REPRESENTADO,0.4747959,0.4747959,0.4747959,0.4747959,0.4747959,0.4747959,0.4747959,0.4747959,0.4747959,0.4747959,0.4747959,0.4747959,0.4747959,0.4747959,0.4747959,0.4747959,0.4747959,0.4747959,0.4747959,0.4747959,0.4747959,0.4747959,0.4747959,0.4747959,0.4747959,0.4747959,0.4747959,SINAPI_familias_e_coeficientes_2025_06.xlsx,
546,565,"BARRA DE ACO CHATO, RETANGULAR, 25,4 MM X 4,76 MM (L X E), 0,94 KG/M",M,REPRESENTADO,1.73,1.73,1.73,1.73,1.73,1.73,1.73,1.73,1.73,1.73,1.73,1.73,1.73,1.73,1.73,1.73,1.73,1.73,1.73,1.73,1.73,1.73,1.73,1.73,1.73,1.73,1.73,SINAPI_familias_e_coeficientes_2025_06.xlsx,
546,555,"BARRA DE ACO CHATO, RETANGULAR, 25,4 MM X 6,35 MM (L X E), 1,2265 KG/M",M,REPRESENTADO,1.2265,1.2265,1.2265,1.2265,1.2265,1.2265,1.2265,1.2265,1.2265,1.2265,1.2265,1.2265,1.2265,1.2265,1.2265,1.2265,1.2265,1.2265,1.2265,1.2265,1.2265,1.2265,1.2265,1.2265,1.2265,1.2265,1.2265,SINAPI_familias_e_coeficientes_2025_06.xlsx,
546,557,"BARRA DE ACO CHATO, RETANGULAR, 38,1 MM X 12,7 MM (L X E), 3,79 KG/M",M,REPRESENTADO,3.8480102,3.8480102,3.8480102,3.8480102,3.8480102,3.8480102,3.8480102,3.8480102,3.8480102,3.8480102,3.8480102,3.8480102,3.8480102,3.8480102,3.8480102,3.8480102,3.8480102,3.8480102,3.8480102,3.8480102,3.8480102,3.8480102,3.8480102,3.8480102,3.8480102,3.8480102,3.8480102,SINAPI_familias_e_coeficientes_2025_06.xlsx,
546,552,"BARRA DE ACO CHATO, RETANGULAR, 38,1 MM X 6,35 MM (L X E), 1,89 KG/M",M,REPRESENTADO,1.9092857,1.9092857,1.9092857,1.9092857,1.9092857,1.9092857,1.9092857,1.9092857,1.9092857,1.9092857,1.9092857,1.9092857,1.9092857,1.9092857,1.9092857,1.9092857,1.9092857,1.9092857,1.9092857,1.9092857,1.9092857,1.9092857,1.9092857,1.9092857,1.9092857,1.9092857,1.9092857,SINAPI_familias_e_coeficientes_2025_06.xlsx,
546,563,"BARRA DE ACO CHATO, RETANGULAR, 38,1 MM X 9,53 MM (L X E), 2,84 KG/M",M,REPRESENTADO,2.8689796,2.8689796,2.8689796,2.8689796,2.8689796,2.8689796,2.8689796,2.8689796,2.8689796,2.8689796,2.8689796,2.8689796,2.8689796,2.8689796,2.8689796,2.8689796,2.8689796,2.8689796,2.8689796,2.8689796,2.8689796,2.8689796,2.8689796,2.8689796,2.8689796,2.8689796,2.8689796,SINAPI_familias_e_coeficientes_2025_06.xlsx,
546,549,"BARRA DE ACO CHATO, RETANGULAR, 50,8 MM X 12,7 MM (L X E), 5,06 KG/M",M,REPRESENTADO,5.1632653,5.1632653,5.1632653,5.1632653,5.1632653,5.1632653,5.1632653,5.1632653,5.1632653,5.1632653,5.1632653,5.1632653,5.1632653,5.1632653,5.1632653,5.1632653,5.1632653,5.1632653,5.1632653,5.1632653,5.1632653,5.1632653,5.1632653,5.1632653,5.1632653,5.1632653,5.1632653,SINAPI_familias_e_coeficientes_2025_06.xlsx,
546,551,"BARRA DE ACO CHATO, RETANGULAR, 50,8 MM X 25,4 MM (L X E), 10,12 KG/M",M,REPRESENTADO,10.2232653,10.2232653,10.2232653,10.2232653,10.2232653,10.2232653,10.2232653,10.2232653,10.2232653,10.2232653,10.2232653,10.2232653,10.2232653,10.2232653,10.2232653,10.2232653,10.2232653,10.2232653,10.2232653,10.2232653,10.2232653,10.2232653,10.2232653,10.2232653,10.2232653,10.2232653,10.2232653,SINAPI_familias_e_coeficientes_2025_06.xlsx,
546,559,"BARRA DE ACO CHATO, RETANGULAR, 50,8 MM X 6,35 MM (L X E), 2,53 KG/M",M,REPRESENTADO,2.5558163,2.5558163,2.5558163,2.5558163,2.5558163,2.5558163,2.5558163,2.5558163,2.5558163,2.5558163,2.5558163,2.5558163,2.5558163,2.5558163,2.5558163,2.5558163,2.5558163,2.5558163,2.5558163,2.5558163,2.5558163,2.5558163,2.5558163,2.5558163,2.5558163,2.5558163,2.5558163,SINAPI_familias_e_coeficientes_2025_06.xlsx,
546,560,"BARRA DE ACO CHATO, RETANGULAR, 50,8 MM X 7,94 MM (L X E), 3,162 KG/M",M,REPRESENTADO,3.1974918,3.1974918,3.1974918,3.1974918,3.1974918,3.1974918,3.1974918,3.1974918,3.1974918,3.1974918,3.1974918,3.1974918,3.1974918,3.1974918,3.1974918,3.1974918,3.1974918,3.1974918,3.1974918,3.1974918,3.1974918,3.1974918,3.1974918,3.1974918,3.1974918,3.1974918,3.1974918,SINAPI_familias_e_coeficientes_2025_06.xlsx,
546,547,"BARRA DE ACO CHATO, RETANGULAR, 50,8 MM X 9,53 MM (L X E), 3,79KG/M",M,REPRESENTADO,3.8286735,3.8286735,3.8286735,3.8286735,3.8286735,3.8286735,3.8286735,3.8286735,3.8286735,3.8286735,3.8286735,3.8286735,3.8286735,3.8286735,3.8286735,3.8286735,3.8286735,3.8286735,3.8286735,3.8286735,3.8286735,3.8286735,3.8286735,3.8286735,3.8286735,3.8286735,3.8286735,SINAPI_familias_e_coeficientes_2025_06.xlsx,
546,567,"CANTONEIRA (ABAS IGUAIS) EM ACO CARBONO, 25,4 MM X 3,17 MM (L X E), 1,27KG/M",M,REPRESENTADO,1.2687041,1.2687041,1.2687041,1.2687041,1.2687041,1.2687041,1.2687041,1.2687041,1.2687041,1.2687041,1.2687041,1.2687041,1.2687041,1.2687041,1.2687041,1.2687041,1.2687041,1.2687041,1.2687041,1.2687041,1.2687041,1.2687041,1.2687041,1.2687041,1.2687041,1.2687041,1.2687041,SINAPI_familias_e_coeficientes_2025_06.xlsx,
546,574,"CANTONEIRA (ABAS IGUAIS) EM ACO CARBONO, 38,1 MM X 3,17 MM (L X E), 3,48 KG/M",M,REPRESENTADO,3.3344082,3.3344082,3.3344082,3.3344082,3.3344082,3.3344082,3.3344082,3.3344082,3.3344082,3.3344082,3.3344082,3.3344082,3.3344082,3.3344082,3.3344082,3.3344082,3.3344082,3.3344082,3.3344082,3.3344082,3.3344082,3.3344082,3.3344082,3.3344082,3.3344082,3.3344082,3.3344082,SINAPI_familias_e_coeficientes_2025_06.xlsx,
546,568,"CANTONEIRA (ABAS IGUAIS) EM ACO CARBONO, 50,8 MM X 9,53 MM (L X E), 6,99 KG/M",M,REPRESENTADO,7.0256633,7.0256633,7.0256633,7.0256633,7.0256633,7.0256633,7.0256633,7.0256633,7.0256633,7.0256633,7.0256633,7.0256633,7.0256633,7.0256633,7.0256633,7.0256633,7.0256633,7.0256633,7.0256633,7.0256633,7.0256633,7.0256633,7.0256633,7.0256633,7.0256633,7.0256633,7.0256633,SINAPI_familias_e_coeficientes_2025_06.xlsx,
592,592,"CANTONEIRA EM ALUMINIO, ABAS IGUAIS, LARGURA DE 25,40 MM (1""), ESPESSURA DE 3,17 MM (1/8"") E PESO LINEAR DE APROXIMADAMENTE 0,408 KG/M",KG,REPRESENTATIVO,1,1,1,1,1,1,1,1,1,1,1,1,1,1,1,1,1,1,1,1,1,1,1,1,1,1,1,SINAPI_familias_e_coeficientes_2025_06.xlsx,
592,586,"CANTONEIRA EM ALUMINIO, ABAS IGUAIS, LARGURA DE 25,40 MM (1""), ESPESSURA DE 4,76 MM (3/16"") E PESO LINEAR DE APROXIMADAMENTE 0,593 KG/M",M,REPRESENTADO,0.588,0.588,0.588,0.588,0.588,0.588,0.588,0.588,0.588,0.588,0.588,0.588,0.588,0.588,0.588,0.588,0.588,0.588,0.588,0.588,0.588,0.588,0.588,0.588,0.588,0.588,0.588,SINAPI_familias_e_coeficientes_2025_06.xlsx,
592,588,"CANTONEIRA EM ALUMINIO, ABAS IGUAIS, LARGURA DE 31,75 MM (1 1/4""), ESPESSURA DE 4,76 MM (3/16"") E PESO LINEAR DE APROXIMADAMENTE 0,755 KG/M",M,REPRESENTADO,0.93,0.93,0.93,0.93,0.93,0.93,0.93,0.93,0.93,0.93,0.93,0.93,0.93,0.93,0.93,0.93,0.93,0.93,0.93,0.93,0.93,0.93,0.93,0.93,0.93,0.93,0.93,SINAPI_familias_e_coeficientes_2025_06.xlsx,
592,591,"CANTONEIRA EM ALUMINIO, ABAS IGUAIS, LARGURA DE 38,10 MM (1 1/2""), ESPESSURA DE 4,76 MM (3/16"") E PESO LINEAR DE APROXIMADAMENTE 0,915 KG/M",KG,REPRESENTADO,0.9333333,0.9333333,0.9333333,0.9333333,0.9333333,0.9333333,0.9333333,0.9333333,0.9333333,0.9333333,0.9333333,0.9333333,0.9333333,0.9333333,0.9333333,0.9333333,0.9333333,0.9333333,0.9333333,0.9333333,0.9333333,0.9333333,0.9333333,0.9333333,0.9333333,0.9333333,0.9333333,SINAPI_familias_e_coeficientes_2025_06.xlsx,
592,584,"CANTONEIRA EM ALUMINIO, ABAS IGUAIS, LARGURA DE 50,80 MM (2""), ESPESSURA DE 3,17 MM (1/8"") E PESO LINEAR DE APROXIMADAMENTE 0,842 KG/M",M,REPRESENTADO,0.9933333,0.9933333,0.9933333,0.9933333,0.9933333,0.9933333,0.9933333,0.9933333,0.9933333,0.9933333,0.9933333,0.9933333,0.9933333,0.9933333,0.9933333,0.9933333,0.9933333,0.9933333,0.9933333,0.9933333,0.9933333,0.9933333,0.9933333,0.9933333,0.9933333,0.9933333,0.9933333,SINAPI_familias_e_coeficientes_2025_06.xlsx,
592,589,"CANTONEIRA EM ALUMINIO, ABAS IGUAIS, LARGURA DE 50,80 MM (2""), ESPESSURA DE 6,35 MM (1/4"") E PESO LINEAR DE APROXIMADAMENTE 1,630 KG/M",M,REPRESENTADO,1.572,1.572,1.572,1.572,1.572,1.572,1.572,1.572,1.572,1.572,1.572,1.572,1.572,1.572,1.572,1.572,1.572,1.572,1.572,1.572,1.572,1.572,1.572,1.572,1.572,1.572,1.572,SINAPI_familias_e_coeficientes_2025_06.xlsx,
592,34359,"CURVA 90 GRAUS DE BARRA CHATA EM ALUMINIO 3/4"" X 1/4"" X 300 MM",UN,REPRESENTADO,0.2966666,0.2966666,0.2966666,0.2966666,0.2966666,0.2966666,0.2966666,0.2966666,0.2966666,0.2966666,0.2966666,0.2966666,0.2966666,0.2966666,0.2966666,0.2966666,0.2966666,0.2966666,0.2966666,0.2966666,0.2966666,0.2966666,0.2966666,0.2966666,0.2966666,0.2966666,0.2966666,SINAPI_familias_e_coeficientes_2025_06.xlsx,
592,34360,PERFIL DE ALUMINIO ANODIZADO,KG,REPRESENTADO,1.1666666,1.1666666,1.1666666,1.1666666,1.1666666,1.1666666,1.1666666,1.1666666,1.1666666,1.1666666,1.1666666,1.1666666,1.1666666,1.1666666,1.1666666,1.1666666,1.1666666,1.1666666,1.1666666,1.1666666,1.1666666,1.1666666,1.1666666,1.1666666,1.1666666,1.1666666,1.1666666,SINAPI_familias_e_coeficientes_2025_06.xlsx,
592,585,"PERFIL EM ALUMINIO, FORMATO U, ABAS IGUAIS, LARGURA DE 25,4 MM (1""), ESPESSURA DE 2,38 MM (3/32"") E PESO LINEAR DE APROXIMADAMENTE 0,460 KG/M",KG,REPRESENTADO,0.9333333,0.9333333,0.9333333,0.9333333,0.9333333,0.9333333,0.9333333,0.9333333,0.9333333,0.9333333,0.9333333,0.9333333,0.9333333,0.9333333,0.9333333,0.9333333,0.9333333,0.9333333,0.9333333,0.9333333,0.9333333,0.9333333,0.9333333,0.9333333,0.9333333,0.9333333,0.9333333,SINAPI_familias_e_coeficientes_2025_06.xlsx,
592,5104,"REBITE DE REPUXO EM ALUMINIO VAZADO, DIAMETRO 3,2 X 8 MM DE COMPRIMENTO (1KG = 1025 UNIDADES)",KG,REPRESENTADO,1.902,1.902,1.902,1.902,1.902,1.902,1.902,1.902,1.902,1.902,1.902,1.902,1.902,1.902,1.902,1.902,1.902,1.902,1.902,1.902,1.902,1.902,1.902,1.902,1.902,1.902,1.902,SINAPI_familias_e_coeficientes_2025_06.xlsx,
626,626,"MANTA LIQUIDA DE BASE ASFALTICA MODIFICADA COM A ADICAO DE ELASTOMEROS DILUIDOS EM SOLVENTE ORGANICO, APLICACAO A FRIO (MEMBRANA DE EMULSAO ASFALTICA PARA IMPERMEABILIZACAO FLEXIVEL)",KG,REPRESENTATIVO,1,1,1,1,1,1,1,1,1,1,1,1,1,1,1,1,1,1,1,1,1,1,1,1,1,1,1,SINAPI_familias_e_coeficientes_2025_06.xlsx,
626,7334,ADITIVO ADESIVO LIQUIDO PARA ARGAMASSAS DE REVESTIMENTOS CIMENTICIOS,L,REPRESENTADO,0.8101212,0.8101212,0.8101212,0.8101212,0.8101212,0.8101212,0.8101212,0.8101212,0.8101212,0.8101212,0.8101212,0.8101212,0.8101212,0.8101212,0.8101212,0.8101212,0.8101212,0.8101212,0.8101212,0.8101212,0.8101212,0.8101212,0.8101212,0.8101212,0.8101212,0.8101212,0.8101212,SINAPI_familias_e_coeficientes_2025_06.xlsx,
626,7340,"IMUNIZANTE PARA MADEIRA, INCOLOR",L,REPRESENTADO,1.5120203,1.5120203,1.5120203,1.5120203,1.5120203,1.5120203,1.5120203,1.5120203,1.5120203,1.5120203,1.5120203,1.5120203,1.5120203,1.5120203,1.5120203,1.5120203,1.5120203,1.5120203,1.5120203,1.5120203,1.5120203,1.5120203,1.5120203,1.5120203,1.5120203,1.5120203,1.5120203,SINAPI_familias_e_coeficientes_2025_06.xlsx,
626,38120,MASSA EPOXI BICOMPONENTE PARA REPAROS,KG,REPRESENTADO,7.1167333,7.1167333,7.1167333,7.1167333,7.1167333,7.1167333,7.1167333,7.1167333,7.1167333,7.1167333,7.1167333,7.1167333,7.1167333,7.1167333,7.1167333,7.1167333,7.1167333,7.1167333,7.1167333,7.1167333,7.1167333,7.1167333,7.1167333,7.1167333,7.1167333,7.1167333,7.1167333,SINAPI_familias_e_coeficientes_2025_06.xlsx,
626,7317,SELANTE DE BASE ASFALTICA PARA VEDACAO,KG,REPRESENTADO,2.1078038,2.1078038,2.1078038,2.1078038,2.1078038,2.1078038,2.1078038,2.1078038,2.1078038,2.1078038,2.1078038,2.1078038,2.1078038,2.1078038,2.1078038,2.1078038,2.1078038,2.1078038,2.1078038,2.1078038,2.1078038,2.1078038,2.1078038,2.1078038,2.1078038,2.1078038,2.1078038,SINAPI_familias_e_coeficientes_2025_06.xlsx,
626,7313,"TINTA ASFALTICA IMPERMEABILIZANTE DILUIDA EM SOLVENTE, PARA MATERIAIS CIMENTICIOS, METAL E MADEIRA",L,REPRESENTADO,1.1131845,1.1131845,1.1131845,1.1131845,1.1131845,1.1131845,1.1131845,1.1131845,1.1131845,1.1131845,1.1131845,1.1131845,1.1131845,1.1131845,1.1131845,1.1131845,1.1131845,1.1131845,1.1131845,1.1131845,1.1131845,1.1131845,1.1131845,1.1131845,1.1131845,1.1131845,1.1131845,SINAPI_familias_e_coeficientes_2025_06.xlsx,
626,7319,"TINTA ASFALTICA IMPERMEABILIZANTE DISPERSA EM AGUA, PARA MATERIAIS CIMENTICIOS",L,REPRESENTADO,0.6371533,0.6371533,0.6371533,0.6371533,0.6371533,0.6371533,0.6371533,0.6371533,0.6371533,0.6371533,0.6371533,0.6371533,0.6371533,0.6371533,0.6371533,0.6371533,0.6371533,0.6371533,0.6371533,0.6371533,0.6371533,0.6371533,0.6371533,0.6371533,0.6371533,0.6371533,0.6371533,SINAPI_familias_e_coeficientes_2025_06.xlsx,
626,7342,"TINTA MINERAL IMPERMEAVEL EM PO, BRANCA",KG,REPRESENTADO,0.1222476,0.1222476,0.1222476,0.1222476,0.1222476,0.1222476,0.1222476,0.1222476,0.1222476,0.1222476,0.1222476,0.1222476,0.1222476,0.1222476,0.1222476,0.1222476,0.1222476,0.1222476,0.1222476,0.1222476,0.1222476,0.1222476,0.1222476,0.1222476,0.1222476,0.1222476,0.1222476,SINAPI_familias_e_coeficientes_2025_06.xlsx,
650,650,"BLOCO DE VEDACAO DE CONCRETO, 9 X 19 X 39 CM (CLASSE C - NBR 6136)",UN,REPRESENTATIVO,1,1,1,1,1,1,1,1,1,1,1,1,1,1,1,1,1,1,1,1,1,1,1,1,1,1,1,SINAPI_familias_e_coeficientes_2025_06.xlsx,
650,34556,"BLOCO DE CONCRETO ESTRUTURAL 14 X 19 X 29 CM, FBK 10 MPA (NBR 6136)",UN,REPRESENTADO,1.5510204,1.5510204,1.5510204,1.5510204,1.5510204,1.5510204,1.5510204,1.5510204,1.5510204,1.5510204,1.5510204,1.5510204,1.5510204,1.5510204,1.5510204,1.5510204,1.5510204,1.5510204,1.5510204,1.5510204,1.5510204,1.5510204,1.5510204,1.5510204,1.5510204,1.5510204,1.5510204,SINAPI_familias_e_coeficientes_2025_06.xlsx,
650,37873,"BLOCO DE CONCRETO ESTRUTURAL 14 X 19 X 29 CM, FBK 12 MPA (NBR 6136)",UN,REPRESENTADO,1.5782313,1.5782313,1.5782313,1.5782313,1.5782313,1.5782313,1.5782313,1.5782313,1.5782313,1.5782313,1.5782313,1.5782313,1.5782313,1.5782313,1.5782313,1.5782313,1.5782313,1.5782313,1.5782313,1.5782313,1.5782313,1.5782313,1.5782313,1.5782313,1.5782313,1.5782313,1.5782313,SINAPI_familias_e_coeficientes_2025_06.xlsx,
650,34564,"BLOCO DE CONCRETO ESTRUTURAL 14 X 19 X 29 CM, FBK 14 MPA (NBR 6136)",UN,REPRESENTADO,1.6530612,1.6530612,1.6530612,1.6530612,1.6530612,1.6530612,1.6530612,1.6530612,1.6530612,1.6530612,1.6530612,1.6530612,1.6530612,1.6530612,1.6530612,1.6530612,1.6530612,1.6530612,1.6530612,1.6530612,1.6530612,1.6530612,1.6530612,1.6530612,1.6530612,1.6530612,1.6530612,SINAPI_familias_e_coeficientes_2025_06.xlsx,
650,34565,"BLOCO DE CONCRETO ESTRUTURAL 14 X 19 X 29 CM, FBK 16 MPA (NBR 6136)",UN,REPRESENTADO,1.7482993,1.7482993,1.7482993,1.7482993,1.7482993,1.7482993,1.7482993,1.7482993,1.7482993,1.7482993,1.7482993,1.7482993,1.7482993,1.7482993,1.7482993,1.7482993,1.7482993,1.7482993,1.7482993,1.7482993,1.7482993,1.7482993,1.7482993,1.7482993,1.7482993,1.7482993,1.7482993,SINAPI_familias_e_coeficientes_2025_06.xlsx,
650,38590,"BLOCO DE CONCRETO ESTRUTURAL 14 X 19 X 29 CM, FBK 4,5 MPA (NBR 6136)",UN,REPRESENTADO,1.292517,1.292517,1.292517,1.292517,1.292517,1.292517,1.292517,1.292517,1.292517,1.292517,1.292517,1.292517,1.292517,1.292517,1.292517,1.292517,1.292517,1.292517,1.292517,1.292517,1.292517,1.292517,1.292517,1.292517,1.292517,1.292517,1.292517,SINAPI_familias_e_coeficientes_2025_06.xlsx,
650,34566,"BLOCO DE CONCRETO ESTRUTURAL 14 X 19 X 29 CM, FBK 6 MPA (NBR 6136)",UN,REPRESENTADO,1.3571429,1.3571429,1.3571429,1.3571429,1.3571429,1.3571429,1.3571429,1.3571429,1.3571429,1.3571429,1.3571429,1.3571429,1.3571429,1.3571429,1.3571429,1.3571429,1.3571429,1.3571429,1.3571429,1.3571429,1.3571429,1.3571429,1.3571429,1.3571429,1.3571429,1.3571429,1.3571429,SINAPI_familias_e_coeficientes_2025_06.xlsx,
650,34567,"BLOCO DE CONCRETO ESTRUTURAL 14 X 19 X 29 CM, FBK 8 MPA (NBR 6136)",UN,REPRESENTADO,1.4387755,1.4387755,1.4387755,1.4387755,1.4387755,1.4387755,1.4387755,1.4387755,1.4387755,1.4387755,1.4387755,1.4387755,1.4387755,1.4387755,1.4387755,1.4387755,1.4387755,1.4387755,1.4387755,1.4387755,1.4387755,1.4387755,1.4387755,1.4387755,1.4387755,1.4387755,1.4387755,SINAPI_familias_e_coeficientes_2025_06.xlsx,
650,38591,"BLOCO DE CONCRETO ESTRUTURAL 14 X 19 X 34 CM, FBK 4,5 MPA (NBR 6136)",UN,REPRESENTADO,1.3061224,1.3061224,1.3061224,1.3061224,1.3061224,1.3061224,1.3061224,1.3061224,1.3061224,1.3061224,1.3061224,1.3061224,1.3061224,1.3061224,1.3061224,1.3061224,1.3061224,1.3061224,1.3061224,1.3061224,1.3061224,1.3061224,1.3061224,1.3061224,1.3061224,1.3061224,1.3061224,SINAPI_familias_e_coeficientes_2025_06.xlsx,
650,34568,"BLOCO DE CONCRETO ESTRUTURAL 14 X 19 X 39 CM, FBK 10 MPA (NBR 6136)",UN,REPRESENTADO,1.7006803,1.7006803,1.7006803,1.7006803,1.7006803,1.7006803,1.7006803,1.7006803,1.7006803,1.7006803,1.7006803,1.7006803,1.7006803,1.7006803,1.7006803,1.7006803,1.7006803,1.7006803,1.7006803,1.7006803,1.7006803,1.7006803,1.7006803,1.7006803,1.7006803,1.7006803,1.7006803,SINAPI_familias_e_coeficientes_2025_06.xlsx,
650,34569,"BLOCO DE CONCRETO ESTRUTURAL 14 X 19 X 39 CM, FBK 12 MPA (NBR 6136)",UN,REPRESENTADO,1.7482993,1.7482993,1.7482993,1.7482993,1.7482993,1.7482993,1.7482993,1.7482993,1.7482993,1.7482993,1.7482993,1.7482993,1.7482993,1.7482993,1.7482993,1.7482993,1.7482993,1.7482993,1.7482993,1.7482993,1.7482993,1.7482993,1.7482993,1.7482993,1.7482993,1.7482993,1.7482993,SINAPI_familias_e_coeficientes_2025_06.xlsx,
650,34570,"BLOCO DE CONCRETO ESTRUTURAL 14 X 19 X 39 CM, FBK 14 MPA (NBR 6136)",UN,REPRESENTADO,1.8979592,1.8979592,1.8979592,1.8979592,1.8979592,1.8979592,1.8979592,1.8979592,1.8979592,1.8979592,1.8979592,1.8979592,1.8979592,1.8979592,1.8979592,1.8979592,1.8979592,1.8979592,1.8979592,1.8979592,1.8979592,1.8979592,1.8979592,1.8979592,1.8979592,1.8979592,1.8979592,SINAPI_familias_e_coeficientes_2025_06.xlsx,
650,25070,"BLOCO DE CONCRETO ESTRUTURAL 14 X 19 X 39 CM, FBK 4,5 MPA (NBR 6136)",UN,REPRESENTADO,1.4285714,1.4285714,1.4285714,1.4285714,1.4285714,1.4285714,1.4285714,1.4285714,1.4285714,1.4285714,1.4285714,1.4285714,1.4285714,1.4285714,1.4285714,1.4285714,1.4285714,1.4285714,1.4285714,1.4285714,1.4285714,1.4285714,1.4285714,1.4285714,1.4285714,1.4285714,1.4285714,SINAPI_familias_e_coeficientes_2025_06.xlsx,
650,34571,"BLOCO DE CONCRETO ESTRUTURAL 14 X 19 X 39 CM, FBK 6 MPA (NBR 6136)",UN,REPRESENTADO,1.4421769,1.4421769,1.4421769,1.4421769,1.4421769,1.4421769,1.4421769,1.4421769,1.4421769,1.4421769,1.4421769,1.4421769,1.4421769,1.4421769,1.4421769,1.4421769,1.4421769,1.4421769,1.4421769,1.4421769,1.4421769,1.4421769,1.4421769,1.4421769,1.4421769,1.4421769,1.4421769,SINAPI_familias_e_coeficientes_2025_06.xlsx,
650,34573,"BLOCO DE CONCRETO ESTRUTURAL 14 X 19 X 39 CM, FBK 8 MPA (NBR 6136)",UN,REPRESENTADO,1.5170068,1.5170068,1.5170068,1.5170068,1.5170068,1.5170068,1.5170068,1.5170068,1.5170068,1.5170068,1.5170068,1.5170068,1.5170068,1.5170068,1.5170068,1.5170068,1.5170068,1.5170068,1.5170068,1.5170068,1.5170068,1.5170068,1.5170068,1.5170068,1.5170068,1.5170068,1.5170068,SINAPI_familias_e_coeficientes_2025_06.xlsx,
650,37107,"BLOCO DE CONCRETO ESTRUTURAL 14 X 19 X 39, FCK 16 MPA (NBR 6136)",UN,REPRESENTADO,2.0034014,2.0034014,2.0034014,2.0034014,2.0034014,2.0034014,2.0034014,2.0034014,2.0034014,2.0034014,2.0034014,2.0034014,2.0034014,2.0034014,2.0034014,2.0034014,2.0034014,2.0034014,2.0034014,2.0034014,2.0034014,2.0034014,2.0034014,2.0034014,2.0034014,2.0034014,2.0034014,SINAPI_familias_e_coeficientes_2025_06.xlsx,
650,34576,"BLOCO DE CONCRETO ESTRUTURAL 19 X 19 X 39 CM, FBK 10 MPA (NBR 6136)",UN,REPRESENTADO,2.2108844,2.2108844,2.2108844,2.2108844,2.2108844,2.2108844,2.2108844,2.2108844,2.2108844,2.2108844,2.2108844,2.2108844,2.2108844,2.2108844,2.2108844,2.2108844,2.2108844,2.2108844,2.2108844,2.2108844,2.2108844,2.2108844,2.2108844,2.2108844,2.2108844,2.2108844,2.2108844,SINAPI_familias_e_coeficientes_2025_06.xlsx,
650,34577,"BLOCO DE CONCRETO ESTRUTURAL 19 X 19 X 39 CM, FBK 12 MPA (NBR 6136)",UN,REPRESENTADO,2.3061224,2.3061224,2.3061224,2.3061224,2.3061224,2.3061224,2.3061224,2.3061224,2.3061224,2.3061224,2.3061224,2.3061224,2.3061224,2.3061224,2.3061224,2.3061224,2.3061224,2.3061224,2.3061224,2.3061224,2.3061224,2.3061224,2.3061224,2.3061224,2.3061224,2.3061224,2.3061224,SINAPI_familias_e_coeficientes_2025_06.xlsx,
650,34578,"BLOCO DE CONCRETO ESTRUTURAL 19 X 19 X 39 CM, FBK 14 MPA (NBR 6136)",UN,REPRESENTADO,2.5,2.5,2.5,2.5,2.5,2.5,2.5,2.5,2.5,2.5,2.5,2.5,2.5,2.5,2.5,2.5,2.5,2.5,2.5,2.5,2.5,2.5,2.5,2.5,2.5,2.5,2.5,SINAPI_familias_e_coeficientes_2025_06.xlsx,
650,34579,"BLOCO DE CONCRETO ESTRUTURAL 19 X 19 X 39 CM, FBK 16 MPA (NBR 6136)",UN,REPRESENTADO,2.6666667,2.6666667,2.6666667,2.6666667,2.6666667,2.6666667,2.6666667,2.6666667,2.6666667,2.6666667,2.6666667,2.6666667,2.6666667,2.6666667,2.6666667,2.6666667,2.6666667,2.6666667,2.6666667,2.6666667,2.6666667,2.6666667,2.6666667,2.6666667,2.6666667,2.6666667,2.6666667,SINAPI_familias_e_coeficientes_2025_06.xlsx,
650,25067,"BLOCO DE CONCRETO ESTRUTURAL 19 X 19 X 39 CM, FBK 4,5 MPA (NBR 6136)",UN,REPRESENTADO,1.7857143,1.7857143,1.7857143,1.7857143,1.7857143,1.7857143,1.7857143,1.7857143,1.7857143,1.7857143,1.7857143,1.7857143,1.7857143,1.7857143,1.7857143,1.7857143,1.7857143,1.7857143,1.7857143,1.7857143,1.7857143,1.7857143,1.7857143,1.7857143,1.7857143,1.7857143,1.7857143,SINAPI_familias_e_coeficientes_2025_06.xlsx,
650,34580,"BLOCO DE CONCRETO ESTRUTURAL 19 X 19 X 39 CM, FBK 8 MPA (NBR 6136)",UN,REPRESENTADO,1.9931973,1.9931973,1.9931973,1.9931973,1.9931973,1.9931973,1.9931973,1.9931973,1.9931973,1.9931973,1.9931973,1.9931973,1.9931973,1.9931973,1.9931973,1.9931973,1.9931973,1.9931973,1.9931973,1.9931973,1.9931973,1.9931973,1.9931973,1.9931973,1.9931973,1.9931973,1.9931973,SINAPI_familias_e_coeficientes_2025_06.xlsx,
650,25071,"BLOCO DE CONCRETO ESTRUTURAL 9 X 19 X 39 CM, FBK 4,5 MPA (NBR 6136)",UN,REPRESENTADO,0.9931973,0.9931973,0.9931973,0.9931973,0.9931973,0.9931973,0.9931973,0.9931973,0.9931973,0.9931973,0.9931973,0.9931973,0.9931973,0.9931973,0.9931973,0.9931973,0.9931973,0.9931973,0.9931973,0.9931973,0.9931973,0.9931973,0.9931973,0.9931973,0.9931973,0.9931973,0.9931973,SINAPI_familias_e_coeficientes_2025_06.xlsx,
650,34592,BLOCO DE VEDACAO CONCRETO 14 X 19 X 29 CM (CLASSE C - NBR 6136),UN,REPRESENTADO,1.1360544,1.1360544,1.1360544,1.1360544,1.1360544,1.1360544,1.1360544,1.1360544,1.1360544,1.1360544,1.1360544,1.1360544,1.1360544,1.1360544,1.1360544,1.1360544,1.1360544,1.1360544,1.1360544,1.1360544,1.1360544,1.1360544,1.1360544,1.1360544,1.1360544,1.1360544,1.1360544,SINAPI_familias_e_coeficientes_2025_06.xlsx,
650,34599,BLOCO DE VEDACAO CONCRETO APARENTE 9 X 19 X 39 CM (CLASSE C - NBR 6136),UN,REPRESENTADO,1.0204082,1.0204082,1.0204082,1.0204082,1.0204082,1.0204082,1.0204082,1.0204082,1.0204082,1.0204082,1.0204082,1.0204082,1.0204082,1.0204082,1.0204082,1.0204082,1.0204082,1.0204082,1.0204082,1.0204082,1.0204082,1.0204082,1.0204082,1.0204082,1.0204082,1.0204082,1.0204082,SINAPI_familias_e_coeficientes_2025_06.xlsx,
650,651,BLOCO DE VEDACAO DE CONCRETO 14 X 19 X 39 CM (CLASSE C - NBR 6136),UN,REPRESENTADO,1.2517007,1.2517007,1.2517007,1.2517007,1.2517007,1.2517007,1.2517007,1.2517007,1.2517007,1.2517007,1.2517007,1.2517007,1.2517007,1.2517007,1.2517007,1.2517007,1.2517007,1.2517007,1.2517007,1.2517007,1.2517007,1.2517007,1.2517007,1.2517007,1.2517007,1.2517007,1.2517007,SINAPI_familias_e_coeficientes_2025_06.xlsx,
650,654,BLOCO DE VEDACAO DE CONCRETO 19 X 19 X 39 CM (CLASSE C - NBR 6136),UN,REPRESENTADO,1.5510204,1.5510204,1.5510204,1.5510204,1.5510204,1.5510204,1.5510204,1.5510204,1.5510204,1.5510204,1.5510204,1.5510204,1.5510204,1.5510204,1.5510204,1.5510204,1.5510204,1.5510204,1.5510204,1.5510204,1.5510204,1.5510204,1.5510204,1.5510204,1.5510204,1.5510204,1.5510204,SINAPI_familias_e_coeficientes_2025_06.xlsx,
650,37103,BLOCO DE VEDACAO DE CONCRETO APARENTE 14 X 19 X 39 CM (CLASSE C - NBR 6136),UN,REPRESENTADO,1.2993197,1.2993197,1.2993197,1.2993197,1.2993197,1.2993197,1.2993197,1.2993197,1.2993197,1.2993197,1.2993197,1.2993197,1.2993197,1.2993197,1.2993197,1.2993197,1.2993197,1.2993197,1.2993197,1.2993197,1.2993197,1.2993197,1.2993197,1.2993197,1.2993197,1.2993197,1.2993197,SINAPI_familias_e_coeficientes_2025_06.xlsx,
650,34555,BLOCO DE VEDACAO DE CONCRETO APARENTE 19 X 19 X 39 CM (CLASSE C - NBR 6136),UN,REPRESENTADO,1.6496599,1.6496599,1.6496599,1.6496599,1.6496599,1.6496599,1.6496599,1.6496599,1.6496599,1.6496599,1.6496599,1.6496599,1.6496599,1.6496599,1.6496599,1.6496599,1.6496599,1.6496599,1.6496599,1.6496599,1.6496599,1.6496599,1.6496599,1.6496599,1.6496599,1.6496599,1.6496599,SINAPI_familias_e_coeficientes_2025_06.xlsx,
650,659,CANALETA DE CONCRETO 14 X 19 X 19 CM (CLASSE C - NBR 6136),UN,REPRESENTADO,0.9251701,0.9251701,0.9251701,0.9251701,0.9251701,0.9251701,0.9251701,0.9251701,0.9251701,0.9251701,0.9251701,0.9251701,0.9251701,0.9251701,0.9251701,0.9251701,0.9251701,0.9251701,0.9251701,0.9251701,0.9251701,0.9251701,0.9251701,0.9251701,0.9251701,0.9251701,0.9251701,SINAPI_familias_e_coeficientes_2025_06.xlsx,
650,660,CANALETA DE CONCRETO 19 X 19 X 19 CM (CLASSE C - NBR 6136),UN,REPRESENTADO,1.1088435,1.1088435,1.1088435,1.1088435,1.1088435,1.1088435,1.1088435,1.1088435,1.1088435,1.1088435,1.1088435,1.1088435,1.1088435,1.1088435,1.1088435,1.1088435,1.1088435,1.1088435,1.1088435,1.1088435,1.1088435,1.1088435,1.1088435,1.1088435,1.1088435,1.1088435,1.1088435,SINAPI_familias_e_coeficientes_2025_06.xlsx,
650,658,CANALETA DE CONCRETO 9 X 19 X 19 CM (CLASSE C - NBR 6136),UN,REPRESENTADO,0.6258503,0.6258503,0.6258503,0.6258503,0.6258503,0.6258503,0.6258503,0.6258503,0.6258503,0.6258503,0.6258503,0.6258503,0.6258503,0.6258503,0.6258503,0.6258503,0.6258503,0.6258503,0.6258503,0.6258503,0.6258503,0.6258503,0.6258503,0.6258503,0.6258503,0.6258503,0.6258503,SINAPI_familias_e_coeficientes_2025_06.xlsx,
650,38599,"CANALETA DE CONCRETO ESTRUTURAL 14 X 19 X 29 CM, FBK 14 MPA (NBR 6136)",UN,REPRESENTADO,1.9251701,1.9251701,1.9251701,1.9251701,1.9251701,1.9251701,1.9251701,1.9251701,1.9251701,1.9251701,1.9251701,1.9251701,1.9251701,1.9251701,1.9251701,1.9251701,1.9251701,1.9251701,1.9251701,1.9251701,1.9251701,1.9251701,1.9251701,1.9251701,1.9251701,1.9251701,1.9251701,SINAPI_familias_e_coeficientes_2025_06.xlsx,
650,38596,"CANALETA DE CONCRETO ESTRUTURAL 14 X 19 X 29 CM, FBK 4,5 MPA (NBR 6136)",UN,REPRESENTADO,1.5986395,1.5986395,1.5986395,1.5986395,1.5986395,1.5986395,1.5986395,1.5986395,1.5986395,1.5986395,1.5986395,1.5986395,1.5986395,1.5986395,1.5986395,1.5986395,1.5986395,1.5986395,1.5986395,1.5986395,1.5986395,1.5986395,1.5986395,1.5986395,1.5986395,1.5986395,1.5986395,SINAPI_familias_e_coeficientes_2025_06.xlsx,
650,38600,"CANALETA DE CONCRETO ESTRUTURAL 14 X 19 X 39 CM, FBK 14 MPA (NBR 6136)",UN,REPRESENTADO,2.0408163,2.0408163,2.0408163,2.0408163,2.0408163,2.0408163,2.0408163,2.0408163,2.0408163,2.0408163,2.0408163,2.0408163,2.0408163,2.0408163,2.0408163,2.0408163,2.0408163,2.0408163,2.0408163,2.0408163,2.0408163,2.0408163,2.0408163,2.0408163,2.0408163,2.0408163,2.0408163,SINAPI_familias_e_coeficientes_2025_06.xlsx,
650,38597,"CANALETA DE CONCRETO ESTRUTURAL 14 X 19 X 39 CM, FBK 4,5 MPA (NBR 6136)",UN,REPRESENTADO,1.6088435,1.6088435,1.6088435,1.6088435,1.6088435,1.6088435,1.6088435,1.6088435,1.6088435,1.6088435,1.6088435,1.6088435,1.6088435,1.6088435,1.6088435,1.6088435,1.6088435,1.6088435,1.6088435,1.6088435,1.6088435,1.6088435,1.6088435,1.6088435,1.6088435,1.6088435,1.6088435,SINAPI_familias_e_coeficientes_2025_06.xlsx,
650,40742,"CUMEEIRA PARA TELHA DE CONCRETO, PARA 2 AGUAS DE TELHADO, COR CINZA, RENDIMENTO DE *3* TELHAS/M",UN,REPRESENTADO,3.7414966,3.7414966,3.7414966,3.7414966,3.7414966,3.7414966,3.7414966,3.7414966,3.7414966,3.7414966,3.7414966,3.7414966,3.7414966,3.7414966,3.7414966,3.7414966,3.7414966,3.7414966,3.7414966,3.7414966,3.7414966,3.7414966,3.7414966,3.7414966,3.7414966,3.7414966,3.7414966,SINAPI_familias_e_coeficientes_2025_06.xlsx,
650,10605,"ELEMENTO VAZADO DE CONCRETO, QUADRICULADO, 1 FURO *10 X 10 X 10* CM",UN,REPRESENTADO,1.7517007,1.7517007,1.7517007,1.7517007,1.7517007,1.7517007,1.7517007,1.7517007,1.7517007,1.7517007,1.7517007,1.7517007,1.7517007,1.7517007,1.7517007,1.7517007,1.7517007,1.7517007,1.7517007,1.7517007,1.7517007,1.7517007,1.7517007,1.7517007,1.7517007,1.7517007,1.7517007,SINAPI_familias_e_coeficientes_2025_06.xlsx,
650,10604,"ELEMENTO VAZADO DE CONCRETO, QUADRICULADO, 1 FURO *20 X 10 X 7* CM",UN,REPRESENTADO,4.0816327,4.0816327,4.0816327,4.0816327,4.0816327,4.0816327,4.0816327,4.0816327,4.0816327,4.0816327,4.0816327,4.0816327,4.0816327,4.0816327,4.0816327,4.0816327,4.0816327,4.0816327,4.0816327,4.0816327,4.0816327,4.0816327,4.0816327,4.0816327,4.0816327,4.0816327,4.0816327,SINAPI_familias_e_coeficientes_2025_06.xlsx,
650,672,"ELEMENTO VAZADO DE CONCRETO, QUADRICULADO, 1 FURO *20 X 20 X 6,5* CM",UN,REPRESENTADO,5.6122449,5.6122449,5.6122449,5.6122449,5.6122449,5.6122449,5.6122449,5.6122449,5.6122449,5.6122449,5.6122449,5.6122449,5.6122449,5.6122449,5.6122449,5.6122449,5.6122449,5.6122449,5.6122449,5.6122449,5.6122449,5.6122449,5.6122449,5.6122449,5.6122449,5.6122449,5.6122449,SINAPI_familias_e_coeficientes_2025_06.xlsx,
650,668,"ELEMENTO VAZADO DE CONCRETO, QUADRICULADO, 16 FUROS *29 X 29 X 6* CM",UN,REPRESENTADO,6.7755102,6.7755102,6.7755102,6.7755102,6.7755102,6.7755102,6.7755102,6.7755102,6.7755102,6.7755102,6.7755102,6.7755102,6.7755102,6.7755102,6.7755102,6.7755102,6.7755102,6.7755102,6.7755102,6.7755102,6.7755102,6.7755102,6.7755102,6.7755102,6.7755102,6.7755102,6.7755102,SINAPI_familias_e_coeficientes_2025_06.xlsx,
650,10578,"ELEMENTO VAZADO DE CONCRETO, QUADRICULADO, 16 FUROS *33 X 33 X 10* CM",UN,REPRESENTADO,7.8911565,7.8911565,7.8911565,7.8911565,7.8911565,7.8911565,7.8911565,7.8911565,7.8911565,7.8911565,7.8911565,7.8911565,7.8911565,7.8911565,7.8911565,7.8911565,7.8911565,7.8911565,7.8911565,7.8911565,7.8911565,7.8911565,7.8911565,7.8911565,7.8911565,7.8911565,7.8911565,SINAPI_familias_e_coeficientes_2025_06.xlsx,
650,666,"ELEMENTO VAZADO DE CONCRETO, QUADRICULADO, 16 FUROS *40 X 40 X 7* CM",UN,REPRESENTADO,8.7755102,8.7755102,8.7755102,8.7755102,8.7755102,8.7755102,8.7755102,8.7755102,8.7755102,8.7755102,8.7755102,8.7755102,8.7755102,8.7755102,8.7755102,8.7755102,8.7755102,8.7755102,8.7755102,8.7755102,8.7755102,8.7755102,8.7755102,8.7755102,8.7755102,8.7755102,8.7755102,SINAPI_familias_e_coeficientes_2025_06.xlsx,
650,665,"ELEMENTO VAZADO DE CONCRETO, QUADRICULADO, 16 FUROS *50 X 50 X 7* CM",UN,REPRESENTADO,11.7346939,11.7346939,11.7346939,11.7346939,11.7346939,11.7346939,11.7346939,11.7346939,11.7346939,11.7346939,11.7346939,11.7346939,11.7346939,11.7346939,11.7346939,11.7346939,11.7346939,11.7346939,11.7346939,11.7346939,11.7346939,11.7346939,11.7346939,11.7346939,11.7346939,11.7346939,11.7346939,SINAPI_familias_e_coeficientes_2025_06.xlsx,
650,10577,"ELEMENTO VAZADO DE CONCRETO, QUADRICULADO, 25 FUROS *50 X 50 X 5* CM",UN,REPRESENTADO,10.4081633,10.4081633,10.4081633,10.4081633,10.4081633,10.4081633,10.4081633,10.4081633,10.4081633,10.4081633,10.4081633,10.4081633,10.4081633,10.4081633,10.4081633,10.4081633,10.4081633,10.4081633,10.4081633,10.4081633,10.4081633,10.4081633,10.4081633,10.4081633,10.4081633,10.4081633,10.4081633,SINAPI_familias_e_coeficientes_2025_06.xlsx,
650,10583,"ELEMENTO VAZADO DE CONCRETO, VENEZIANA *39 X 22 X 15* CM",UN,REPRESENTADO,5.4081633,5.4081633,5.4081633,5.4081633,5.4081633,5.4081633,5.4081633,5.4081633,5.4081633,5.4081633,5.4081633,5.4081633,5.4081633,5.4081633,5.4081633,5.4081633,5.4081633,5.4081633,5.4081633,5.4081633,5.4081633,5.4081633,5.4081633,5.4081633,5.4081633,5.4081633,5.4081633,SINAPI_familias_e_coeficientes_2025_06.xlsx,
650,10579,"ELEMENTO VAZADO DE CONCRETO, VENEZIANA *39 X 29 X 10* CM",UN,REPRESENTADO,9.4251701,9.4251701,9.4251701,9.4251701,9.4251701,9.4251701,9.4251701,9.4251701,9.4251701,9.4251701,9.4251701,9.4251701,9.4251701,9.4251701,9.4251701,9.4251701,9.4251701,9.4251701,9.4251701,9.4251701,9.4251701,9.4251701,9.4251701,9.4251701,9.4251701,9.4251701,9.4251701,SINAPI_familias_e_coeficientes_2025_06.xlsx,
650,10582,"ELEMENTO VAZADO DE CONCRETO, VENEZIANA *40 X 10 X 10* CM",UN,REPRESENTADO,4.7619048,4.7619048,4.7619048,4.7619048,4.7619048,4.7619048,4.7619048,4.7619048,4.7619048,4.7619048,4.7619048,4.7619048,4.7619048,4.7619048,4.7619048,4.7619048,4.7619048,4.7619048,4.7619048,4.7619048,4.7619048,4.7619048,4.7619048,4.7619048,4.7619048,4.7619048,4.7619048,SINAPI_familias_e_coeficientes_2025_06.xlsx,
650,38598,"MEIA CANALETA DE CONCRETO ESTRUTURAL 14 X 19 X 19 CM, FBK 14 MPA (NBR 6136)",UN,REPRESENTADO,1.1360544,1.1360544,1.1360544,1.1360544,1.1360544,1.1360544,1.1360544,1.1360544,1.1360544,1.1360544,1.1360544,1.1360544,1.1360544,1.1360544,1.1360544,1.1360544,1.1360544,1.1360544,1.1360544,1.1360544,1.1360544,1.1360544,1.1360544,1.1360544,1.1360544,1.1360544,1.1360544,SINAPI_familias_e_coeficientes_2025_06.xlsx,
650,38595,"MEIA CANALETA DE CONCRETO ESTRUTURAL 14 X 19 X 19 CM, FBK 4,5 MPA (NBR 6136)",UN,REPRESENTADO,0.962585,0.962585,0.962585,0.962585,0.962585,0.962585,0.962585,0.962585,0.962585,0.962585,0.962585,0.962585,0.962585,0.962585,0.962585,0.962585,0.962585,0.962585,0.962585,0.962585,0.962585,0.962585,0.962585,0.962585,0.962585,0.962585,0.962585,SINAPI_familias_e_coeficientes_2025_06.xlsx,
650,38592,"MEIO BLOCO DE CONCRETO ESTRUTURAL 14 X 19 X 14 CM, FBK 14 MPA (NBR 6136)",UN,REPRESENTADO,0.9727891,0.9727891,0.9727891,0.9727891,0.9727891,0.9727891,0.9727891,0.9727891,0.9727891,0.9727891,0.9727891,0.9727891,0.9727891,0.9727891,0.9727891,0.9727891,0.9727891,0.9727891,0.9727891,0.9727891,0.9727891,0.9727891,0.9727891,0.9727891,0.9727891,0.9727891,0.9727891,SINAPI_familias_e_coeficientes_2025_06.xlsx,
650,38588,"MEIO BLOCO DE CONCRETO ESTRUTURAL 14 X 19 X 14 CM, FBK 4,5 MPA (NBR 6136)",UN,REPRESENTADO,0.7789116,0.7789116,0.7789116,0.7789116,0.7789116,0.7789116,0.7789116,0.7789116,0.7789116,0.7789116,0.7789116,0.7789116,0.7789116,0.7789116,0.7789116,0.7789116,0.7789116,0.7789116,0.7789116,0.7789116,0.7789116,0.7789116,0.7789116,0.7789116,0.7789116,0.7789116,0.7789116,SINAPI_familias_e_coeficientes_2025_06.xlsx,
650,38593,"MEIO BLOCO DE CONCRETO ESTRUTURAL 14 X 19 X 19 CM, FBK 14 MPA (NBR 6136)",UN,REPRESENTADO,1.0748299,1.0748299,1.0748299,1.0748299,1.0748299,1.0748299,1.0748299,1.0748299,1.0748299,1.0748299,1.0748299,1.0748299,1.0748299,1.0748299,1.0748299,1.0748299,1.0748299,1.0748299,1.0748299,1.0748299,1.0748299,1.0748299,1.0748299,1.0748299,1.0748299,1.0748299,1.0748299,SINAPI_familias_e_coeficientes_2025_06.xlsx,
650,38589,"MEIO BLOCO DE CONCRETO ESTRUTURAL 14 X 19 X 19 CM, FBK 4,5 MPA (NBR 6136)",UN,REPRESENTADO,0.8163265,0.8163265,0.8163265,0.8163265,0.8163265,0.8163265,0.8163265,0.8163265,0.8163265,0.8163265,0.8163265,0.8163265,0.8163265,0.8163265,0.8163265,0.8163265,0.8163265,0.8163265,0.8163265,0.8163265,0.8163265,0.8163265,0.8163265,0.8163265,0.8163265,0.8163265,0.8163265,SINAPI_familias_e_coeficientes_2025_06.xlsx,
650,38594,"MEIO BLOCO DE CONCRETO ESTRUTURAL 14 X 19 X 34 CM, FBK 14 MPA (NBR 6136)",UN,REPRESENTADO,1.6938776,1.6938776,1.6938776,1.6938776,1.6938776,1.6938776,1.6938776,1.6938776,1.6938776,1.6938776,1.6938776,1.6938776,1.6938776,1.6938776,1.6938776,1.6938776,1.6938776,1.6938776,1.6938776,1.6938776,1.6938776,1.6938776,1.6938776,1.6938776,1.6938776,1.6938776,1.6938776,SINAPI_familias_e_coeficientes_2025_06.xlsx,
650,34774,MEIO BLOCO DE VEDACAO DE CONCRETO 14 X 19 X 19 CM (CLASSE C - NBR 6136),UN,REPRESENTADO,0.7619048,0.7619048,0.7619048,0.7619048,0.7619048,0.7619048,0.7619048,0.7619048,0.7619048,0.7619048,0.7619048,0.7619048,0.7619048,0.7619048,0.7619048,0.7619048,0.7619048,0.7619048,0.7619048,0.7619048,0.7619048,0.7619048,0.7619048,0.7619048,0.7619048,0.7619048,0.7619048,SINAPI_familias_e_coeficientes_2025_06.xlsx,
650,34771,MEIO BLOCO DE VEDACAO DE CONCRETO 19 X 19 X 19 CM (CLASSE C - NBR 6136),UN,REPRESENTADO,0.9183673,0.9183673,0.9183673,0.9183673,0.9183673,0.9183673,0.9183673,0.9183673,0.9183673,0.9183673,0.9183673,0.9183673,0.9183673,0.9183673,0.9183673,0.9183673,0.9183673,0.9183673,0.9183673,0.9183673,0.9183673,0.9183673,0.9183673,0.9183673,0.9183673,0.9183673,0.9183673,SINAPI_familias_e_coeficientes_2025_06.xlsx,
650,34764,MEIO BLOCO DE VEDACAO DE CONCRETO 9 X 19 X 19 CM (CLASSE C - NBR 6136),UN,REPRESENTADO,0.6020408,0.6020408,0.6020408,0.6020408,0.6020408,0.6020408,0.6020408,0.6020408,0.6020408,0.6020408,0.6020408,0.6020408,0.6020408,0.6020408,0.6020408,0.6020408,0.6020408,0.6020408,0.6020408,0.6020408,0.6020408,0.6020408,0.6020408,0.6020408,0.6020408,0.6020408,0.6020408,SINAPI_familias_e_coeficientes_2025_06.xlsx,
650,34773,MEIO BLOCO DE VEDACAO DE CONCRETO APARENTE 14 X 19 X 19 CM (CLASSE C - NBR 6136),UN,REPRESENTADO,0.8027211,0.8027211,0.8027211,0.8027211,0.8027211,0.8027211,0.8027211,0.8027211,0.8027211,0.8027211,0.8027211,0.8027211,0.8027211,0.8027211,0.8027211,0.8027211,0.8027211,0.8027211,0.8027211,0.8027211,0.8027211,0.8027211,0.8027211,0.8027211,0.8027211,0.8027211,0.8027211,SINAPI_familias_e_coeficientes_2025_06.xlsx,
650,34769,MEIO BLOCO DE VEDACAO DE CONCRETO APARENTE 19 X 19 X 19 CM (CLASSE C - NBR 6136),UN,REPRESENTADO,0.9931973,0.9931973,0.9931973,0.9931973,0.9931973,0.9931973,0.9931973,0.9931973,0.9931973,0.9931973,0.9931973,0.9931973,0.9931973,0.9931973,0.9931973,0.9931973,0.9931973,0.9931973,0.9931973,0.9931973,0.9931973,0.9931973,0.9931973,0.9931973,0.9931973,0.9931973,0.9931973,SINAPI_familias_e_coeficientes_2025_06.xlsx,
650,34763,MEIO BLOCO DE VEDACAO DE CONCRETO APARENTE 9 X 19 X 19 CM (CLASSE C - NBR 6136),UN,REPRESENTADO,0.6122449,0.6122449,0.6122449,0.6122449,0.6122449,0.6122449,0.6122449,0.6122449,0.6122449,0.6122449,0.6122449,0.6122449,0.6122449,0.6122449,0.6122449,0.6122449,0.6122449,0.6122449,0.6122449,0.6122449,0.6122449,0.6122449,0.6122449,0.6122449,0.6122449,0.6122449,0.6122449,SINAPI_familias_e_coeficientes_2025_06.xlsx,
650,40741,"TELHA DE CONCRETO TIPO CLASSICA, COR CINZA, COMPRIMENTO DE *42* CM, RENDIMENTO DE *10* TELHAS/M2",UN,REPRESENTADO,1.037415,1.037415,1.037415,1.037415,1.037415,1.037415,1.037415,1.037415,1.037415,1.037415,1.037415,1.037415,1.037415,1.037415,1.037415,1.037415,1.037415,1.037415,1.037415,1.037415,1.037415,1.037415,1.037415,1.037415,1.037415,1.037415,1.037415,SINAPI_familias_e_coeficientes_2025_06.xlsx,
715,715,"BLOCO / TIJOLO DE VIDRO INCOLOR, CANELADO / ONDULADO, *19 X 19 X 8* CM (A X L X E)",UN,REPRESENTATIVO,1,1,1,1,1,1,1,1,1,1,1,1,1,1,1,1,1,1,1,1,1,1,1,1,1,1,1,SINAPI_familias_e_coeficientes_2025_06.xlsx,
715,716,"BLOCO / TIJOLO DE VIDRO INCOLOR, XADREZ, *20 X 20 X 10* CM (A X L X E)",UN,REPRESENTADO,1.1309554,1.1309554,1.1309554,1.1309554,1.1309554,1.1309554,1.1309554,1.1309554,1.1309554,1.1309554,1.1309554,1.1309554,1.1309554,1.1309554,1.1309554,1.1309554,1.1309554,1.1309554,1.1309554,1.1309554,1.1309554,1.1309554,1.1309554,1.1309554,1.1309554,1.1309554,1.1309554,SINAPI_familias_e_coeficientes_2025_06.xlsx,
715,718,"BLOCO DE VIDRO / ELEMENTO VAZADO, INCOLOR, VENEZIANA, *20 X 20 X 6* CM (A X L X E)",UN,REPRESENTADO,0.9882803,0.9882803,0.9882803,0.9882803,0.9882803,0.9882803,0.9882803,0.9882803,0.9882803,0.9882803,0.9882803,0.9882803,0.9882803,0.9882803,0.9882803,0.9882803,0.9882803,0.9882803,0.9882803,0.9882803,0.9882803,0.9882803,0.9882803,0.9882803,0.9882803,0.9882803,0.9882803,SINAPI_familias_e_coeficientes_2025_06.xlsx,
715,11981,"BLOCO DE VIDRO / ELEMENTO VAZADO, INCOLOR, VENEZIANA, DE *20 X 10 X 8* CM (A X L X E)",UN,REPRESENTADO,0.96,0.96,0.96,0.96,0.96,0.96,0.96,0.96,0.96,0.96,0.96,0.96,0.96,0.96,0.96,0.96,0.96,0.96,0.96,0.96,0.96,0.96,0.96,0.96,0.96,0.96,0.96,SINAPI_familias_e_coeficientes_2025_06.xlsx,
715,7245,"TELHA DE VIDRO TIPO FRANCESA, *39 X 23* CM",UN,REPRESENTADO,1.8318471,1.8318471,1.8318471,1.8318471,1.8318471,1.8318471,1.8318471,1.8318471,1.8318471,1.8318471,1.8318471,1.8318471,1.8318471,1.8318471,1.8318471,1.8318471,1.8318471,1.8318471,1.8318471,1.8318471,1.8318471,1.8318471,1.8318471,1.8318471,1.8318471,1.8318471,1.8318471,SINAPI_familias_e_coeficientes_2025_06.xlsx,
715,7246,"TELHA VIDRO TIPO CANAL OU COLONIAL, C = 46 A 50 CM",UN,REPRESENTADO,2.0229299,2.0229299,2.0229299,2.0229299,2.0229299,2.0229299,2.0229299,2.0229299,2.0229299,2.0229299,2.0229299,2.0229299,2.0229299,2.0229299,2.0229299,2.0229299,2.0229299,2.0229299,2.0229299,2.0229299,2.0229299,2.0229299,2.0229299,2.0229299,2.0229299,2.0229299,2.0229299,SINAPI_familias_e_coeficientes_2025_06.xlsx,
729,729,"BOMBA CENTRIFUGA COM MOTOR ELETRICO MONOFASICO, POTENCIA 0,33 HP, BOCAIS 1"" X 3/4"", DIAMETRO DO ROTOR 99 MM, HM/Q = 4 MCA / 8,5 M3/H A 18 MCA / 0,90 M3/H",UN,REPRESENTATIVO,1,1,1,1,1,1,1,1,1,1,1,1,1,1,1,1,1,1,1,1,1,1,1,1,1,1,1,SINAPI_familias_e_coeficientes_2025_06.xlsx,
729,39925,"BOMBA CENTRIFUGA MONOESTAGIO COM MOTOR ELETRICO MONOFASICO, POTENCIA 15 HP, DIAMETRO DO ROTOR *173* MM, HM/Q = *30* MCA / *90* M3/H A *45* MCA / *55* M3/H",UN,REPRESENTADO,14.4499121,14.4499121,14.4499121,14.4499121,14.4499121,14.4499121,14.4499121,14.4499121,14.4499121,14.4499121,14.4499121,14.4499121,14.4499121,14.4499121,14.4499121,14.4499121,14.4499121,14.4499121,14.4499121,14.4499121,14.4499121,14.4499121,14.4499121,14.4499121,14.4499121,14.4499121,14.4499121,SINAPI_familias_e_coeficientes_2025_06.xlsx,
729,731,"BOMBA CENTRIFUGA MOTOR ELETRICO MONOFASICO 0,49 HP BOCAIS 1"" X 3/4"", DIAMETRO DO ROTOR 110 MM, HM/Q: 6 M / 8,3 M3/H A 20 M / 1,2 M3/H",UN,REPRESENTADO,0.9732506,0.9732506,0.9732506,0.9732506,0.9732506,0.9732506,0.9732506,0.9732506,0.9732506,0.9732506,0.9732506,0.9732506,0.9732506,0.9732506,0.9732506,0.9732506,0.9732506,0.9732506,0.9732506,0.9732506,0.9732506,0.9732506,0.9732506,0.9732506,0.9732506,0.9732506,0.9732506,SINAPI_familias_e_coeficientes_2025_06.xlsx,
729,10575,"BOMBA CENTRIFUGA MOTOR ELETRICO MONOFASICO 0,50 CV DIAMETRO DE SUCCAO X ELEVACAO 3/4"" X 3/4"", MONOESTAGIO, DIAMETRO DOS ROTORES 114 MM, HM/Q: 2 M / 2,99 M3/H A 24 M / 0,71 M3/H",UN,REPRESENTADO,1.5188272,1.5188272,1.5188272,1.5188272,1.5188272,1.5188272,1.5188272,1.5188272,1.5188272,1.5188272,1.5188272,1.5188272,1.5188272,1.5188272,1.5188272,1.5188272,1.5188272,1.5188272,1.5188272,1.5188272,1.5188272,1.5188272,1.5188272,1.5188272,1.5188272,1.5188272,1.5188272,SINAPI_familias_e_coeficientes_2025_06.xlsx,
729,733,"BOMBA CENTRIFUGA MOTOR ELETRICO MONOFASICO 0,74HP DIAMETRO DE SUCCAO X ELEVACAO 1 1/4"" X 1"", DIAMETRO DO ROTOR 120 MM, HM/Q: 8 M / 7,70 M3/H A 24 M / 2,80 M3/H",UN,REPRESENTADO,1.6629321,1.6629321,1.6629321,1.6629321,1.6629321,1.6629321,1.6629321,1.6629321,1.6629321,1.6629321,1.6629321,1.6629321,1.6629321,1.6629321,1.6629321,1.6629321,1.6629321,1.6629321,1.6629321,1.6629321,1.6629321,1.6629321,1.6629321,1.6629321,1.6629321,1.6629321,1.6629321,SINAPI_familias_e_coeficientes_2025_06.xlsx,
729,732,"BOMBA CENTRIFUGA MOTOR ELETRICO TRIFASICO 0,99HP DIAMETRO DE SUCCAO X ELEVACAO 1"" X 1"", DIAMETRO DO ROTOR 145 MM, HM/Q: 14 M / 8,4 M3/H A 40 M / 0,60 M3/H",UN,REPRESENTADO,1.6405747,1.6405747,1.6405747,1.6405747,1.6405747,1.6405747,1.6405747,1.6405747,1.6405747,1.6405747,1.6405747,1.6405747,1.6405747,1.6405747,1.6405747,1.6405747,1.6405747,1.6405747,1.6405747,1.6405747,1.6405747,1.6405747,1.6405747,1.6405747,1.6405747,1.6405747,1.6405747,SINAPI_familias_e_coeficientes_2025_06.xlsx,
729,735,"BOMBA CENTRIFUGA MOTOR ELETRICO TRIFASICO 1,48HP DIAMETRO DE SUCCAO X ELEVACAO 1"" X 1"", 4 ESTAGIOS, DIAMETRO DOS ROTORES 3 X 107 MM + 1 X 100 MM, HM/Q: 10 M / 5,3 M3/H A 70 M / 1,8 M3/H",UN,REPRESENTADO,2.9184924,2.9184924,2.9184924,2.9184924,2.9184924,2.9184924,2.9184924,2.9184924,2.9184924,2.9184924,2.9184924,2.9184924,2.9184924,2.9184924,2.9184924,2.9184924,2.9184924,2.9184924,2.9184924,2.9184924,2.9184924,2.9184924,2.9184924,2.9184924,2.9184924,2.9184924,2.9184924,SINAPI_familias_e_coeficientes_2025_06.xlsx,
729,737,"BOMBA CENTRIFUGA MOTOR ELETRICO TRIFASICO 14,8 HP, DIAMETRO DE SUCCAO X ELEVACAO 2 1/2"" X 2"", DIAMETRO DO ROTOR 195 MM, HM/Q: 62 M / 55,5 M3/H A 80 M / 31,50 M3/H",UN,REPRESENTADO,9.1998408,9.1998408,9.1998408,9.1998408,9.1998408,9.1998408,9.1998408,9.1998408,9.1998408,9.1998408,9.1998408,9.1998408,9.1998408,9.1998408,9.1998408,9.1998408,9.1998408,9.1998408,9.1998408,9.1998408,9.1998408,9.1998408,9.1998408,9.1998408,9.1998408,9.1998408,9.1998408,SINAPI_familias_e_coeficientes_2025_06.xlsx,
729,736,"BOMBA CENTRIFUGA MOTOR ELETRICO TRIFASICO 2,96HP, DIAMETRO DE SUCCAO X ELEVACAO 1 1/2"" X 1 1/4"", DIAMETRO DO ROTOR 148 MM, HM/Q: 34 M / 14,80 M3/H A 40 M / 8,60 M3/H",UN,REPRESENTADO,2.4539262,2.4539262,2.4539262,2.4539262,2.4539262,2.4539262,2.4539262,2.4539262,2.4539262,2.4539262,2.4539262,2.4539262,2.4539262,2.4539262,2.4539262,2.4539262,2.4539262,2.4539262,2.4539262,2.4539262,2.4539262,2.4539262,2.4539262,2.4539262,2.4539262,2.4539262,2.4539262,SINAPI_familias_e_coeficientes_2025_06.xlsx,
729,738,"BOMBA CENTRIFUGA MOTOR ELETRICO TRIFASICO 5HP, DIAMETRO DE SUCCAO X ELEVACAO 2"" X 1 1/2"", DIAMETRO DO ROTOR 155 MM, HM/Q: 40 M / 20,40 M3/H A 46 M / 9,20 M3/H",UN,REPRESENTADO,4.265902,4.265902,4.265902,4.265902,4.265902,4.265902,4.265902,4.265902,4.265902,4.265902,4.265902,4.265902,4.265902,4.265902,4.265902,4.265902,4.265902,4.265902,4.265902,4.265902,4.265902,4.265902,4.265902,4.265902,4.265902,4.265902,4.265902,SINAPI_familias_e_coeficientes_2025_06.xlsx,
729,740,"BOMBA CENTRIFUGA MOTOR ELETRICO TRIFASICO 9,86 DIAMETRO DE SUCCAO X ELEVACAO 1"" X 1"", 4 ESTAGIOS, DIAMETRO DOS ROTORES 4 X 146 MM, HM/Q: 85 M / 14,9 M3/H A 140 M / 4,2 M3/H",UN,REPRESENTADO,8.6546289,8.6546289,8.6546289,8.6546289,8.6546289,8.6546289,8.6546289,8.6546289,8.6546289,8.6546289,8.6546289,8.6546289,8.6546289,8.6546289,8.6546289,8.6546289,8.6546289,8.6546289,8.6546289,8.6546289,8.6546289,8.6546289,8.6546289,8.6546289,8.6546289,8.6546289,8.6546289,SINAPI_familias_e_coeficientes_2025_06.xlsx,
729,734,"BOMBA CENTRIFUGA, MOTOR ELETRICO TRIFASICO 1,48HP DIAMETRO DE SUCCAO X ELEVACAO 1 1/2"" X 1"", DIAMETRO DO ROTOR 117 MM, HM/Q: 10 M / 21,9 M3/H A 24 M / 6,1 M3/H",UN,REPRESENTADO,1.7586926,1.7586926,1.7586926,1.7586926,1.7586926,1.7586926,1.7586926,1.7586926,1.7586926,1.7586926,1.7586926,1.7586926,1.7586926,1.7586926,1.7586926,1.7586926,1.7586926,1.7586926,1.7586926,1.7586926,1.7586926,1.7586926,1.7586926,1.7586926,1.7586926,1.7586926,1.7586926,SINAPI_familias_e_coeficientes_2025_06.xlsx,
729,44489,"BOMBA TRIPLEX COM MOTOR A DIESEL, NACIONAL, DIAMETRO DE SUCCAO DE 2 1/2""",UN,REPRESENTADO,248.5995558,248.5995558,248.5995558,248.5995558,248.5995558,248.5995558,248.5995558,248.5995558,248.5995558,248.5995558,248.5995558,248.5995558,248.5995558,248.5995558,248.5995558,248.5995558,248.5995558,248.5995558,248.5995558,248.5995558,248.5995558,248.5995558,248.5995558,248.5995558,248.5995558,248.5995558,248.5995558,SINAPI_familias_e_coeficientes_2025_06.xlsx,
729,14252,"MOTOBOMBA AUTOESCORVANTE MOTOR A GASOLINA, POTENCIA 6,0HP, BOCAIS 3"" X 3"", HM/Q = 5 MCA / 24 M3/H A 52,5 MCA / 5,0 M3/H",UN,REPRESENTADO,3.3089595,3.3089595,3.3089595,3.3089595,3.3089595,3.3089595,3.3089595,3.3089595,3.3089595,3.3089595,3.3089595,3.3089595,3.3089595,3.3089595,3.3089595,3.3089595,3.3089595,3.3089595,3.3089595,3.3089595,3.3089595,3.3089595,3.3089595,3.3089595,3.3089595,3.3089595,3.3089595,SINAPI_familias_e_coeficientes_2025_06.xlsx,
729,730,"MOTOBOMBA AUTOESCORVANTE MOTOR ELETRICO TRIFASICO 7,4HP BOCA DIAMETRO DE SUCCAO X RECLAQUE: 2""X2"", HM/ Q = 10 M / 73,5 M3/H A 28 M / 8,2 M3 /H",UN,REPRESENTADO,8.8409128,8.8409128,8.8409128,8.8409128,8.8409128,8.8409128,8.8409128,8.8409128,8.8409128,8.8409128,8.8409128,8.8409128,8.8409128,8.8409128,8.8409128,8.8409128,8.8409128,8.8409128,8.8409128,8.8409128,8.8409128,8.8409128,8.8409128,8.8409128,8.8409128,8.8409128,8.8409128,SINAPI_familias_e_coeficientes_2025_06.xlsx,
729,723,"MOTOBOMBA AUTOESCORVANTE POTENCIA 5,42 HP, BOCAIS SUCCAO X RECALQUE 2"" X 2"", A GASOLINA, DIAMETRO DO ROTOR 122 MM HM/Q = 6 MCA / 33,0 M3/H A 28 MCA / 8,0 M3/H",UN,REPRESENTADO,4.3942457,4.3942457,4.3942457,4.3942457,4.3942457,4.3942457,4.3942457,4.3942457,4.3942457,4.3942457,4.3942457,4.3942457,4.3942457,4.3942457,4.3942457,4.3942457,4.3942457,4.3942457,4.3942457,4.3942457,4.3942457,4.3942457,4.3942457,4.3942457,4.3942457,4.3942457,4.3942457,SINAPI_familias_e_coeficientes_2025_06.xlsx,
729,36502,"MOTOBOMBA CENTRIFUGA, MOTOR A GASOLINA, POTENCIA 5,42 HP, BOCAIS 1 1/2"" X 1"", DIAMETRO ROTOR 143 MM HM/Q = 6 MCA / 16,8 M3/H A 38 MCA / 6,6 M3/H",UN,REPRESENTADO,4.1300672,4.1300672,4.1300672,4.1300672,4.1300672,4.1300672,4.1300672,4.1300672,4.1300672,4.1300672,4.1300672,4.1300672,4.1300672,4.1300672,4.1300672,4.1300672,4.1300672,4.1300672,4.1300672,4.1300672,4.1300672,4.1300672,4.1300672,4.1300672,4.1300672,4.1300672,4.1300672,SINAPI_familias_e_coeficientes_2025_06.xlsx,
729,36503,"MOTOBOMBA TRASH (PARA AGUA SUJA) AUTO ESCORVANTE, MOTOR GASOLINA DE 6,41 HP, DIAMETROS DE SUCCAO X RECALQUE: 3"" X 3"", HM/Q: 10/60 A 23/0",UN,REPRESENTADO,5.0928602,5.0928602,5.0928602,5.0928602,5.0928602,5.0928602,5.0928602,5.0928602,5.0928602,5.0928602,5.0928602,5.0928602,5.0928602,5.0928602,5.0928602,5.0928602,5.0928602,5.0928602,5.0928602,5.0928602,5.0928602,5.0928602,5.0928602,5.0928602,5.0928602,5.0928602,5.0928602,SINAPI_familias_e_coeficientes_2025_06.xlsx,
743,743,"LOCACAO DE BOMBA SUBMERSIVEL PARA DRENAGEM E ESGOTAMENTO, MOTOR ELETRICO TRIFASICO, POTENCIA DE 2 CV, DIAMETRO DE RECALQUE DE 2"", FAIXA DE OPERACAO Q=35 M3/H (+ OU - 3 M3/H) E AMT=2 M, Q=13 M3/H (+ OU - 3 M3/H) E AMT = 17 M (+ OU - 3 M)",H,REPRESENTATIVO,1,1,1,1,1,1,1,1,1,1,1,1,1,1,1,1,1,1,1,1,1,1,1,1,1,1,1,SINAPI_familias_e_coeficientes_2025_06.xlsx,
743,4084,"LOCACAO DE BOMBA SUBMERSIVEL PARA DRENAGEM E ESGOTAMENTO, MOTOR ELETRICO TRIFASICO, POTENCIA DE 1 CV, DIAMETRO DE RECALQUE DE 2"". FAIXA DE OPERACAO Q=25 M3/H (+ OU - 1 M3/H) E AMT=2 M, Q=12 M3/H (+ OU - 2 M3/H) E AMT = 12 M (+ OU - 2 M)",H,REPRESENTADO,1,1,1,1,1,1,1,1,1,1,1,1,1,1,1,1,1,1,1,1,1,1,1,1,1,1,1,SINAPI_familias_e_coeficientes_2025_06.xlsx,
743,40293,"LOCACAO DE BOMBA SUBMERSIVEL PARA DRENAGEM E ESGOTAMENTO, MOTOR ELETRICO TRIFASICO, POTENCIA DE 2 CV, DIAMETRO DE RECALQUE DE 3"". FAIXA DE OPERACAO Q=70 M3/H (+ OU - 2 M3/H) E AMT=2 M, Q=9,5 M3/H (+ OU - 3,5 M3/H) E AMT = 10 M (+ OU - 2 M)",H,REPRESENTADO,1.2,1.2,1.2,1.2,1.2,1.2,1.2,1.2,1.2,1.2,1.2,1.2,1.2,1.2,1.2,1.2,1.2,1.2,1.2,1.2,1.2,1.2,1.2,1.2,1.2,1.2,1.2,SINAPI_familias_e_coeficientes_2025_06.xlsx,
743,40294,"LOCACAO DE BOMBA SUBMERSIVEL PARA DRENAGEM E ESGOTAMENTO, MOTOR ELETRICO TRIFASICO, POTENCIA DE 3 CV, DIAMETRO DE RECALQUE DE 2"", FAIXA DE OPERACAO Q=84 M3/H (+ OU - 2,5 M3/H) E AMT=2 M, Q=9,1 M3/H (+ OU - 2 M3/H) E AMT = 12 M (+ OU - 2 M)",H,REPRESENTADO,1,1,1,1,1,1,1,1,1,1,1,1,1,1,1,1,1,1,1,1,1,1,1,1,1,1,1,SINAPI_familias_e_coeficientes_2025_06.xlsx,
743,4085,"LOCACAO DE BOMBA SUBMERSIVEL PARA DRENAGEM E ESGOTAMENTO, MOTOR ELETRICO TRIFASICO, POTENCIA DE 4 CV, DIAMETRO DE RECALQUE DE 3"". FAIXA DE OPERACAO Q=60 M3/H (+ OU - 1 M3/H) E AMT=2 M, Q=11 M3/H (+ OU - 1 M3/H) E AMT = 23 M (+ OU - 1 M)",H,REPRESENTADO,1.4,1.4,1.4,1.4,1.4,1.4,1.4,1.4,1.4,1.4,1.4,1.4,1.4,1.4,1.4,1.4,1.4,1.4,1.4,1.4,1.4,1.4,1.4,1.4,1.4,1.4,1.4,SINAPI_familias_e_coeficientes_2025_06.xlsx,
746,746,"LAVADORA DE ALTA PRESSAO (LAVA - JATO) PARA AGUA FRIA, PRESSAO DE OPERACAO ENTRE 1400 E 1900 LIB/POL2, VAZAO MAXIMA ENTRE 400 E 700 L/H, POTENCIA DE OPERACAO ENTRE 2,50 E 3,00 CV",UN,REPRESENTATIVO,1,1,1,1,1,1,1,1,1,1,1,1,1,1,1,1,1,1,1,1,1,1,1,1,1,1,1,SINAPI_familias_e_coeficientes_2025_06.xlsx,
764,764,"BUCHA DE REDUCAO DE FERRO GALVANIZADO, COM ROSCA BSP, DE 1"" X 1/2""",UN,REPRESENTATIVO,1,1,1,1,1,1,1,1,1,1,1,1,1,1,1,1,1,1,1,1,1,1,1,1,1,1,1,SINAPI_familias_e_coeficientes_2025_06.xlsx,
764,790,"BUCHA DE REDUCAO DE FERRO GALVANIZADO, COM ROSCA BSP, DE 1 1/2"" X 1 1/4""",UN,REPRESENTADO,2.0693196,2.0693196,2.0693196,2.0693196,2.0693196,2.0693196,2.0693196,2.0693196,2.0693196,2.0693196,2.0693196,2.0693196,2.0693196,2.0693196,2.0693196,2.0693196,2.0693196,2.0693196,2.0693196,2.0693196,2.0693196,2.0693196,2.0693196,2.0693196,2.0693196,2.0693196,2.0693196,SINAPI_familias_e_coeficientes_2025_06.xlsx,
764,791,"BUCHA DE REDUCAO DE FERRO GALVANIZADO, COM ROSCA BSP, DE 1 1/2"" X 1""",UN,REPRESENTADO,2.0693196,2.0693196,2.0693196,2.0693196,2.0693196,2.0693196,2.0693196,2.0693196,2.0693196,2.0693196,2.0693196,2.0693196,2.0693196,2.0693196,2.0693196,2.0693196,2.0693196,2.0693196,2.0693196,2.0693196,2.0693196,2.0693196,2.0693196,2.0693196,2.0693196,2.0693196,2.0693196,SINAPI_familias_e_coeficientes_2025_06.xlsx,
764,766,"BUCHA DE REDUCAO DE FERRO GALVANIZADO, COM ROSCA BSP, DE 1 1/2"" X 1/2""",UN,REPRESENTADO,2.0693196,2.0693196,2.0693196,2.0693196,2.0693196,2.0693196,2.0693196,2.0693196,2.0693196,2.0693196,2.0693196,2.0693196,2.0693196,2.0693196,2.0693196,2.0693196,2.0693196,2.0693196,2.0693196,2.0693196,2.0693196,2.0693196,2.0693196,2.0693196,2.0693196,2.0693196,2.0693196,SINAPI_familias_e_coeficientes_2025_06.xlsx,
764,767,"BUCHA DE REDUCAO DE FERRO GALVANIZADO, COM ROSCA BSP, DE 1 1/2"" X 3/4""",UN,REPRESENTADO,2.0693196,2.0693196,2.0693196,2.0693196,2.0693196,2.0693196,2.0693196,2.0693196,2.0693196,2.0693196,2.0693196,2.0693196,2.0693196,2.0693196,2.0693196,2.0693196,2.0693196,2.0693196,2.0693196,2.0693196,2.0693196,2.0693196,2.0693196,2.0693196,2.0693196,2.0693196,2.0693196,SINAPI_familias_e_coeficientes_2025_06.xlsx,
764,789,"BUCHA DE REDUCAO DE FERRO GALVANIZADO, COM ROSCA BSP, DE 1 1/4"" X 1""",UN,REPRESENTADO,1.5905006,1.5905006,1.5905006,1.5905006,1.5905006,1.5905006,1.5905006,1.5905006,1.5905006,1.5905006,1.5905006,1.5905006,1.5905006,1.5905006,1.5905006,1.5905006,1.5905006,1.5905006,1.5905006,1.5905006,1.5905006,1.5905006,1.5905006,1.5905006,1.5905006,1.5905006,1.5905006,SINAPI_familias_e_coeficientes_2025_06.xlsx,
764,768,"BUCHA DE REDUCAO DE FERRO GALVANIZADO, COM ROSCA BSP, DE 1 1/4"" X 1/2""",UN,REPRESENTADO,1.6251605,1.6251605,1.6251605,1.6251605,1.6251605,1.6251605,1.6251605,1.6251605,1.6251605,1.6251605,1.6251605,1.6251605,1.6251605,1.6251605,1.6251605,1.6251605,1.6251605,1.6251605,1.6251605,1.6251605,1.6251605,1.6251605,1.6251605,1.6251605,1.6251605,1.6251605,1.6251605,SINAPI_familias_e_coeficientes_2025_06.xlsx,
764,769,"BUCHA DE REDUCAO DE FERRO GALVANIZADO, COM ROSCA BSP, DE 1 1/4"" X 3/4""",UN,REPRESENTADO,1.6251605,1.6251605,1.6251605,1.6251605,1.6251605,1.6251605,1.6251605,1.6251605,1.6251605,1.6251605,1.6251605,1.6251605,1.6251605,1.6251605,1.6251605,1.6251605,1.6251605,1.6251605,1.6251605,1.6251605,1.6251605,1.6251605,1.6251605,1.6251605,1.6251605,1.6251605,1.6251605,SINAPI_familias_e_coeficientes_2025_06.xlsx,
764,765,"BUCHA DE REDUCAO DE FERRO GALVANIZADO, COM ROSCA BSP, DE 1"" X 3/4""",UN,REPRESENTADO,1,1,1,1,1,1,1,1,1,1,1,1,1,1,1,1,1,1,1,1,1,1,1,1,1,1,1,SINAPI_familias_e_coeficientes_2025_06.xlsx,
764,770,"BUCHA DE REDUCAO DE FERRO GALVANIZADO, COM ROSCA BSP, DE 1/2"" X 1/4""",UN,REPRESENTADO,0.5738126,0.5738126,0.5738126,0.5738126,0.5738126,0.5738126,0.5738126,0.5738126,0.5738126,0.5738126,0.5738126,0.5738126,0.5738126,0.5738126,0.5738126,0.5738126,0.5738126,0.5738126,0.5738126,0.5738126,0.5738126,0.5738126,0.5738126,0.5738126,0.5738126,0.5738126,0.5738126,SINAPI_familias_e_coeficientes_2025_06.xlsx,
764,12394,"BUCHA DE REDUCAO DE FERRO GALVANIZADO, COM ROSCA BSP, DE 1/2"" X 3/8""",UN,REPRESENTADO,0.5738126,0.5738126,0.5738126,0.5738126,0.5738126,0.5738126,0.5738126,0.5738126,0.5738126,0.5738126,0.5738126,0.5738126,0.5738126,0.5738126,0.5738126,0.5738126,0.5738126,0.5738126,0.5738126,0.5738126,0.5738126,0.5738126,0.5738126,0.5738126,0.5738126,0.5738126,0.5738126,SINAPI_familias_e_coeficientes_2025_06.xlsx,
764,787,"BUCHA DE REDUCAO DE FERRO GALVANIZADO, COM ROSCA BSP, DE 2 1/2"" X 1 1/2""",UN,REPRESENTADO,4.4672657,4.4672657,4.4672657,4.4672657,4.4672657,4.4672657,4.4672657,4.4672657,4.4672657,4.4672657,4.4672657,4.4672657,4.4672657,4.4672657,4.4672657,4.4672657,4.4672657,4.4672657,4.4672657,4.4672657,4.4672657,4.4672657,4.4672657,4.4672657,4.4672657,4.4672657,4.4672657,SINAPI_familias_e_coeficientes_2025_06.xlsx,
764,774,"BUCHA DE REDUCAO DE FERRO GALVANIZADO, COM ROSCA BSP, DE 2 1/2"" X 1 1/4""",UN,REPRESENTADO,4.4672657,4.4672657,4.4672657,4.4672657,4.4672657,4.4672657,4.4672657,4.4672657,4.4672657,4.4672657,4.4672657,4.4672657,4.4672657,4.4672657,4.4672657,4.4672657,4.4672657,4.4672657,4.4672657,4.4672657,4.4672657,4.4672657,4.4672657,4.4672657,4.4672657,4.4672657,4.4672657,SINAPI_familias_e_coeficientes_2025_06.xlsx,
764,773,"BUCHA DE REDUCAO DE FERRO GALVANIZADO, COM ROSCA BSP, DE 2 1/2"" X 1""",UN,REPRESENTADO,4.4672657,4.4672657,4.4672657,4.4672657,4.4672657,4.4672657,4.4672657,4.4672657,4.4672657,4.4672657,4.4672657,4.4672657,4.4672657,4.4672657,4.4672657,4.4672657,4.4672657,4.4672657,4.4672657,4.4672657,4.4672657,4.4672657,4.4672657,4.4672657,4.4672657,4.4672657,4.4672657,SINAPI_familias_e_coeficientes_2025_06.xlsx,
764,775,"BUCHA DE REDUCAO DE FERRO GALVANIZADO, COM ROSCA BSP, DE 2 1/2"" X 2""",UN,REPRESENTADO,4.4672657,4.4672657,4.4672657,4.4672657,4.4672657,4.4672657,4.4672657,4.4672657,4.4672657,4.4672657,4.4672657,4.4672657,4.4672657,4.4672657,4.4672657,4.4672657,4.4672657,4.4672657,4.4672657,4.4672657,4.4672657,4.4672657,4.4672657,4.4672657,4.4672657,4.4672657,4.4672657,SINAPI_familias_e_coeficientes_2025_06.xlsx,
764,788,"BUCHA DE REDUCAO DE FERRO GALVANIZADO, COM ROSCA BSP, DE 2"" X 1 1/2""",UN,REPRESENTADO,2.7766367,2.7766367,2.7766367,2.7766367,2.7766367,2.7766367,2.7766367,2.7766367,2.7766367,2.7766367,2.7766367,2.7766367,2.7766367,2.7766367,2.7766367,2.7766367,2.7766367,2.7766367,2.7766367,2.7766367,2.7766367,2.7766367,2.7766367,2.7766367,2.7766367,2.7766367,2.7766367,SINAPI_familias_e_coeficientes_2025_06.xlsx,
764,772,"BUCHA DE REDUCAO DE FERRO GALVANIZADO, COM ROSCA BSP, DE 2"" X 1 1/4""",UN,REPRESENTADO,2.7766367,2.7766367,2.7766367,2.7766367,2.7766367,2.7766367,2.7766367,2.7766367,2.7766367,2.7766367,2.7766367,2.7766367,2.7766367,2.7766367,2.7766367,2.7766367,2.7766367,2.7766367,2.7766367,2.7766367,2.7766367,2.7766367,2.7766367,2.7766367,2.7766367,2.7766367,2.7766367,SINAPI_familias_e_coeficientes_2025_06.xlsx,
764,771,"BUCHA DE REDUCAO DE FERRO GALVANIZADO, COM ROSCA BSP, DE 2"" X 1""",UN,REPRESENTADO,2.7766367,2.7766367,2.7766367,2.7766367,2.7766367,2.7766367,2.7766367,2.7766367,2.7766367,2.7766367,2.7766367,2.7766367,2.7766367,2.7766367,2.7766367,2.7766367,2.7766367,2.7766367,2.7766367,2.7766367,2.7766367,2.7766367,2.7766367,2.7766367,2.7766367,2.7766367,2.7766367,SINAPI_familias_e_coeficientes_2025_06.xlsx,
764,776,"BUCHA DE REDUCAO DE FERRO GALVANIZADO, COM ROSCA BSP, DE 3"" X 1 1/2""",UN,REPRESENTADO,6.5853659,6.5853659,6.5853659,6.5853659,6.5853659,6.5853659,6.5853659,6.5853659,6.5853659,6.5853659,6.5853659,6.5853659,6.5853659,6.5853659,6.5853659,6.5853659,6.5853659,6.5853659,6.5853659,6.5853659,6.5853659,6.5853659,6.5853659,6.5853659,6.5853659,6.5853659,6.5853659,SINAPI_familias_e_coeficientes_2025_06.xlsx,
764,777,"BUCHA DE REDUCAO DE FERRO GALVANIZADO, COM ROSCA BSP, DE 3"" X 1 1/4""",UN,REPRESENTADO,6.4017972,6.4017972,6.4017972,6.4017972,6.4017972,6.4017972,6.4017972,6.4017972,6.4017972,6.4017972,6.4017972,6.4017972,6.4017972,6.4017972,6.4017972,6.4017972,6.4017972,6.4017972,6.4017972,6.4017972,6.4017972,6.4017972,6.4017972,6.4017972,6.4017972,6.4017972,6.4017972,SINAPI_familias_e_coeficientes_2025_06.xlsx,
764,780,"BUCHA DE REDUCAO DE FERRO GALVANIZADO, COM ROSCA BSP, DE 3"" X 2 1/2""",UN,REPRESENTADO,6.4338896,6.4338896,6.4338896,6.4338896,6.4338896,6.4338896,6.4338896,6.4338896,6.4338896,6.4338896,6.4338896,6.4338896,6.4338896,6.4338896,6.4338896,6.4338896,6.4338896,6.4338896,6.4338896,6.4338896,6.4338896,6.4338896,6.4338896,6.4338896,6.4338896,6.4338896,6.4338896,SINAPI_familias_e_coeficientes_2025_06.xlsx,
764,778,"BUCHA DE REDUCAO DE FERRO GALVANIZADO, COM ROSCA BSP, DE 3"" X 2""",UN,REPRESENTADO,6.5853659,6.5853659,6.5853659,6.5853659,6.5853659,6.5853659,6.5853659,6.5853659,6.5853659,6.5853659,6.5853659,6.5853659,6.5853659,6.5853659,6.5853659,6.5853659,6.5853659,6.5853659,6.5853659,6.5853659,6.5853659,6.5853659,6.5853659,6.5853659,6.5853659,6.5853659,6.5853659,SINAPI_familias_e_coeficientes_2025_06.xlsx,
764,779,"BUCHA DE REDUCAO DE FERRO GALVANIZADO, COM ROSCA BSP, DE 3/4"" X 1/2""",UN,REPRESENTADO,0.690629,0.690629,0.690629,0.690629,0.690629,0.690629,0.690629,0.690629,0.690629,0.690629,0.690629,0.690629,0.690629,0.690629,0.690629,0.690629,0.690629,0.690629,0.690629,0.690629,0.690629,0.690629,0.690629,0.690629,0.690629,0.690629,0.690629,SINAPI_familias_e_coeficientes_2025_06.xlsx,
764,781,"BUCHA DE REDUCAO DE FERRO GALVANIZADO, COM ROSCA BSP, DE 4"" X 2 1/2""",UN,REPRESENTADO,12.1668806,12.1668806,12.1668806,12.1668806,12.1668806,12.1668806,12.1668806,12.1668806,12.1668806,12.1668806,12.1668806,12.1668806,12.1668806,12.1668806,12.1668806,12.1668806,12.1668806,12.1668806,12.1668806,12.1668806,12.1668806,12.1668806,12.1668806,12.1668806,12.1668806,12.1668806,12.1668806,SINAPI_familias_e_coeficientes_2025_06.xlsx,
764,786,"BUCHA DE REDUCAO DE FERRO GALVANIZADO, COM ROSCA BSP, DE 4"" X 2""",UN,REPRESENTADO,12.1668806,12.1668806,12.1668806,12.1668806,12.1668806,12.1668806,12.1668806,12.1668806,12.1668806,12.1668806,12.1668806,12.1668806,12.1668806,12.1668806,12.1668806,12.1668806,12.1668806,12.1668806,12.1668806,12.1668806,12.1668806,12.1668806,12.1668806,12.1668806,12.1668806,12.1668806,12.1668806,SINAPI_familias_e_coeficientes_2025_06.xlsx,
764,782,"BUCHA DE REDUCAO DE FERRO GALVANIZADO, COM ROSCA BSP, DE 4"" X 3""",UN,REPRESENTADO,12.1668806,12.1668806,12.1668806,12.1668806,12.1668806,12.1668806,12.1668806,12.1668806,12.1668806,12.1668806,12.1668806,12.1668806,12.1668806,12.1668806,12.1668806,12.1668806,12.1668806,12.1668806,12.1668806,12.1668806,12.1668806,12.1668806,12.1668806,12.1668806,12.1668806,12.1668806,12.1668806,SINAPI_familias_e_coeficientes_2025_06.xlsx,
764,783,"BUCHA DE REDUCAO DE FERRO GALVANIZADO, COM ROSCA BSP, DE 5"" X 4""",UN,REPRESENTADO,33.2991014,33.2991014,33.2991014,33.2991014,33.2991014,33.2991014,33.2991014,33.2991014,33.2991014,33.2991014,33.2991014,33.2991014,33.2991014,33.2991014,33.2991014,33.2991014,33.2991014,33.2991014,33.2991014,33.2991014,33.2991014,33.2991014,33.2991014,33.2991014,33.2991014,33.2991014,33.2991014,SINAPI_familias_e_coeficientes_2025_06.xlsx,
764,785,"BUCHA DE REDUCAO DE FERRO GALVANIZADO, COM ROSCA BSP, DE 6"" X 4""",UN,REPRESENTADO,35.1835687,35.1835687,35.1835687,35.1835687,35.1835687,35.1835687,35.1835687,35.1835687,35.1835687,35.1835687,35.1835687,35.1835687,35.1835687,35.1835687,35.1835687,35.1835687,35.1835687,35.1835687,35.1835687,35.1835687,35.1835687,35.1835687,35.1835687,35.1835687,35.1835687,35.1835687,35.1835687,SINAPI_familias_e_coeficientes_2025_06.xlsx,
764,784,"BUCHA DE REDUCAO DE FERRO GALVANIZADO, COM ROSCA BSP, DE 6"" X 5""",UN,REPRESENTADO,37.7432606,37.7432606,37.7432606,37.7432606,37.7432606,37.7432606,37.7432606,37.7432606,37.7432606,37.7432606,37.7432606,37.7432606,37.7432606,37.7432606,37.7432606,37.7432606,37.7432606,37.7432606,37.7432606,37.7432606,37.7432606,37.7432606,37.7432606,37.7432606,37.7432606,37.7432606,37.7432606,SINAPI_familias_e_coeficientes_2025_06.xlsx,
764,1165,"CAP OU TAMPAO DE FERRO GALVANIZADO, COM ROSCA BSP, DE 1 1/2""",UN,REPRESENTADO,1.9178434,1.9178434,1.9178434,1.9178434,1.9178434,1.9178434,1.9178434,1.9178434,1.9178434,1.9178434,1.9178434,1.9178434,1.9178434,1.9178434,1.9178434,1.9178434,1.9178434,1.9178434,1.9178434,1.9178434,1.9178434,1.9178434,1.9178434,1.9178434,1.9178434,1.9178434,1.9178434,SINAPI_familias_e_coeficientes_2025_06.xlsx,
764,1164,"CAP OU TAMPAO DE FERRO GALVANIZADO, COM ROSCA BSP, DE 1 1/4""",UN,REPRESENTADO,1.5532734,1.5532734,1.5532734,1.5532734,1.5532734,1.5532734,1.5532734,1.5532734,1.5532734,1.5532734,1.5532734,1.5532734,1.5532734,1.5532734,1.5532734,1.5532734,1.5532734,1.5532734,1.5532734,1.5532734,1.5532734,1.5532734,1.5532734,1.5532734,1.5532734,1.5532734,1.5532734,SINAPI_familias_e_coeficientes_2025_06.xlsx,
764,1170,"CAP OU TAMPAO DE FERRO GALVANIZADO, COM ROSCA BSP, DE 1""",UN,REPRESENTADO,1.0179718,1.0179718,1.0179718,1.0179718,1.0179718,1.0179718,1.0179718,1.0179718,1.0179718,1.0179718,1.0179718,1.0179718,1.0179718,1.0179718,1.0179718,1.0179718,1.0179718,1.0179718,1.0179718,1.0179718,1.0179718,1.0179718,1.0179718,1.0179718,1.0179718,1.0179718,1.0179718,SINAPI_familias_e_coeficientes_2025_06.xlsx,
764,1162,"CAP OU TAMPAO DE FERRO GALVANIZADO, COM ROSCA BSP, DE 1/2""",UN,REPRESENTADO,0.5404365,0.5404365,0.5404365,0.5404365,0.5404365,0.5404365,0.5404365,0.5404365,0.5404365,0.5404365,0.5404365,0.5404365,0.5404365,0.5404365,0.5404365,0.5404365,0.5404365,0.5404365,0.5404365,0.5404365,0.5404365,0.5404365,0.5404365,0.5404365,0.5404365,0.5404365,0.5404365,SINAPI_familias_e_coeficientes_2025_06.xlsx,
764,12395,"CAP OU TAMPAO DE FERRO GALVANIZADO, COM ROSCA BSP, DE 1/4""",UN,REPRESENTADO,0.5250321,0.5250321,0.5250321,0.5250321,0.5250321,0.5250321,0.5250321,0.5250321,0.5250321,0.5250321,0.5250321,0.5250321,0.5250321,0.5250321,0.5250321,0.5250321,0.5250321,0.5250321,0.5250321,0.5250321,0.5250321,0.5250321,0.5250321,0.5250321,0.5250321,0.5250321,0.5250321,SINAPI_familias_e_coeficientes_2025_06.xlsx,
764,1169,"CAP OU TAMPAO DE FERRO GALVANIZADO, COM ROSCA BSP, DE 2 1/2""",UN,REPRESENTADO,4.9961489,4.9961489,4.9961489,4.9961489,4.9961489,4.9961489,4.9961489,4.9961489,4.9961489,4.9961489,4.9961489,4.9961489,4.9961489,4.9961489,4.9961489,4.9961489,4.9961489,4.9961489,4.9961489,4.9961489,4.9961489,4.9961489,4.9961489,4.9961489,4.9961489,4.9961489,4.9961489,SINAPI_familias_e_coeficientes_2025_06.xlsx,
764,1166,"CAP OU TAMPAO DE FERRO GALVANIZADO, COM ROSCA BSP, DE 2""",UN,REPRESENTADO,2.7702182,2.7702182,2.7702182,2.7702182,2.7702182,2.7702182,2.7702182,2.7702182,2.7702182,2.7702182,2.7702182,2.7702182,2.7702182,2.7702182,2.7702182,2.7702182,2.7702182,2.7702182,2.7702182,2.7702182,2.7702182,2.7702182,2.7702182,2.7702182,2.7702182,2.7702182,2.7702182,SINAPI_familias_e_coeficientes_2025_06.xlsx,
764,1168,"CAP OU TAMPAO DE FERRO GALVANIZADO, COM ROSCA BSP, DE 3""",UN,REPRESENTADO,7.1219512,7.1219512,7.1219512,7.1219512,7.1219512,7.1219512,7.1219512,7.1219512,7.1219512,7.1219512,7.1219512,7.1219512,7.1219512,7.1219512,7.1219512,7.1219512,7.1219512,7.1219512,7.1219512,7.1219512,7.1219512,7.1219512,7.1219512,7.1219512,7.1219512,7.1219512,7.1219512,SINAPI_familias_e_coeficientes_2025_06.xlsx,
764,1163,"CAP OU TAMPAO DE FERRO GALVANIZADO, COM ROSCA BSP, DE 3/4""",UN,REPRESENTADO,0.6983312,0.6983312,0.6983312,0.6983312,0.6983312,0.6983312,0.6983312,0.6983312,0.6983312,0.6983312,0.6983312,0.6983312,0.6983312,0.6983312,0.6983312,0.6983312,0.6983312,0.6983312,0.6983312,0.6983312,0.6983312,0.6983312,0.6983312,0.6983312,0.6983312,0.6983312,0.6983312,SINAPI_familias_e_coeficientes_2025_06.xlsx,
764,12396,"CAP OU TAMPAO DE FERRO GALVANIZADO, COM ROSCA BSP, DE 3/8""",UN,REPRESENTADO,0.5250321,0.5250321,0.5250321,0.5250321,0.5250321,0.5250321,0.5250321,0.5250321,0.5250321,0.5250321,0.5250321,0.5250321,0.5250321,0.5250321,0.5250321,0.5250321,0.5250321,0.5250321,0.5250321,0.5250321,0.5250321,0.5250321,0.5250321,0.5250321,0.5250321,0.5250321,0.5250321,SINAPI_familias_e_coeficientes_2025_06.xlsx,
764,1167,"CAP OU TAMPAO DE FERRO GALVANIZADO, COM ROSCA BSP, DE 4""",UN,REPRESENTADO,11.9127086,11.9127086,11.9127086,11.9127086,11.9127086,11.9127086,11.9127086,11.9127086,11.9127086,11.9127086,11.9127086,11.9127086,11.9127086,11.9127086,11.9127086,11.9127086,11.9127086,11.9127086,11.9127086,11.9127086,11.9127086,11.9127086,11.9127086,11.9127086,11.9127086,11.9127086,11.9127086,SINAPI_familias_e_coeficientes_2025_06.xlsx,
764,3446,"COTOVELO 45 GRAUS DE FERRO GALVANIZADO, COM ROSCA BSP, DE 1 1/2""",UN,REPRESENTADO,3.5866496,3.5866496,3.5866496,3.5866496,3.5866496,3.5866496,3.5866496,3.5866496,3.5866496,3.5866496,3.5866496,3.5866496,3.5866496,3.5866496,3.5866496,3.5866496,3.5866496,3.5866496,3.5866496,3.5866496,3.5866496,3.5866496,3.5866496,3.5866496,3.5866496,3.5866496,3.5866496,SINAPI_familias_e_coeficientes_2025_06.xlsx,
764,3445,"COTOVELO 45 GRAUS DE FERRO GALVANIZADO, COM ROSCA BSP, DE 1 1/4""",UN,REPRESENTADO,2.928113,2.928113,2.928113,2.928113,2.928113,2.928113,2.928113,2.928113,2.928113,2.928113,2.928113,2.928113,2.928113,2.928113,2.928113,2.928113,2.928113,2.928113,2.928113,2.928113,2.928113,2.928113,2.928113,2.928113,2.928113,2.928113,2.928113,SINAPI_familias_e_coeficientes_2025_06.xlsx,
764,3444,"COTOVELO 45 GRAUS DE FERRO GALVANIZADO, COM ROSCA BSP, DE 1""",UN,REPRESENTADO,1.8023107,1.8023107,1.8023107,1.8023107,1.8023107,1.8023107,1.8023107,1.8023107,1.8023107,1.8023107,1.8023107,1.8023107,1.8023107,1.8023107,1.8023107,1.8023107,1.8023107,1.8023107,1.8023107,1.8023107,1.8023107,1.8023107,1.8023107,1.8023107,1.8023107,1.8023107,1.8023107,SINAPI_familias_e_coeficientes_2025_06.xlsx,
764,3441,"COTOVELO 45 GRAUS DE FERRO GALVANIZADO, COM ROSCA BSP, DE 1/2""",UN,REPRESENTADO,0.8267009,0.8267009,0.8267009,0.8267009,0.8267009,0.8267009,0.8267009,0.8267009,0.8267009,0.8267009,0.8267009,0.8267009,0.8267009,0.8267009,0.8267009,0.8267009,0.8267009,0.8267009,0.8267009,0.8267009,0.8267009,0.8267009,0.8267009,0.8267009,0.8267009,0.8267009,0.8267009,SINAPI_familias_e_coeficientes_2025_06.xlsx,
764,12402,"COTOVELO 45 GRAUS DE FERRO GALVANIZADO, COM ROSCA BSP, DE 2 1/2""",UN,REPRESENTADO,10.0808729,10.0808729,10.0808729,10.0808729,10.0808729,10.0808729,10.0808729,10.0808729,10.0808729,10.0808729,10.0808729,10.0808729,10.0808729,10.0808729,10.0808729,10.0808729,10.0808729,10.0808729,10.0808729,10.0808729,10.0808729,10.0808729,10.0808729,10.0808729,10.0808729,10.0808729,10.0808729,SINAPI_familias_e_coeficientes_2025_06.xlsx,
764,3447,"COTOVELO 45 GRAUS DE FERRO GALVANIZADO, COM ROSCA BSP, DE 2""",UN,REPRESENTADO,5.2156611,5.2156611,5.2156611,5.2156611,5.2156611,5.2156611,5.2156611,5.2156611,5.2156611,5.2156611,5.2156611,5.2156611,5.2156611,5.2156611,5.2156611,5.2156611,5.2156611,5.2156611,5.2156611,5.2156611,5.2156611,5.2156611,5.2156611,5.2156611,5.2156611,5.2156611,5.2156611,SINAPI_familias_e_coeficientes_2025_06.xlsx,
764,3448,"COTOVELO 45 GRAUS DE FERRO GALVANIZADO, COM ROSCA BSP, DE 3""",UN,REPRESENTADO,14.7381258,14.7381258,14.7381258,14.7381258,14.7381258,14.7381258,14.7381258,14.7381258,14.7381258,14.7381258,14.7381258,14.7381258,14.7381258,14.7381258,14.7381258,14.7381258,14.7381258,14.7381258,14.7381258,14.7381258,14.7381258,14.7381258,14.7381258,14.7381258,14.7381258,14.7381258,14.7381258,SINAPI_familias_e_coeficientes_2025_06.xlsx,
764,3442,"COTOVELO 45 GRAUS DE FERRO GALVANIZADO, COM ROSCA BSP, DE 3/4""",UN,REPRESENTADO,1.2362003,1.2362003,1.2362003,1.2362003,1.2362003,1.2362003,1.2362003,1.2362003,1.2362003,1.2362003,1.2362003,1.2362003,1.2362003,1.2362003,1.2362003,1.2362003,1.2362003,1.2362003,1.2362003,1.2362003,1.2362003,1.2362003,1.2362003,1.2362003,1.2362003,1.2362003,1.2362003,SINAPI_familias_e_coeficientes_2025_06.xlsx,
764,3449,"COTOVELO 45 GRAUS DE FERRO GALVANIZADO, COM ROSCA BSP, DE 4""",UN,REPRESENTADO,25.8241335,25.8241335,25.8241335,25.8241335,25.8241335,25.8241335,25.8241335,25.8241335,25.8241335,25.8241335,25.8241335,25.8241335,25.8241335,25.8241335,25.8241335,25.8241335,25.8241335,25.8241335,25.8241335,25.8241335,25.8241335,25.8241335,25.8241335,25.8241335,25.8241335,25.8241335,25.8241335,SINAPI_familias_e_coeficientes_2025_06.xlsx,
764,3473,"COTOVELO 90 GRAUS DE FERRO GALVANIZADO, COM ROSCA BSP MACHO/FEMEA, DE 1 1/2""",UN,REPRESENTADO,4.055199,4.055199,4.055199,4.055199,4.055199,4.055199,4.055199,4.055199,4.055199,4.055199,4.055199,4.055199,4.055199,4.055199,4.055199,4.055199,4.055199,4.055199,4.055199,4.055199,4.055199,4.055199,4.055199,4.055199,4.055199,4.055199,4.055199,SINAPI_familias_e_coeficientes_2025_06.xlsx,
764,3474,"COTOVELO 90 GRAUS DE FERRO GALVANIZADO, COM ROSCA BSP MACHO/FEMEA, DE 1 1/4""",UN,REPRESENTADO,3.3427471,3.3427471,3.3427471,3.3427471,3.3427471,3.3427471,3.3427471,3.3427471,3.3427471,3.3427471,3.3427471,3.3427471,3.3427471,3.3427471,3.3427471,3.3427471,3.3427471,3.3427471,3.3427471,3.3427471,3.3427471,3.3427471,3.3427471,3.3427471,3.3427471,3.3427471,3.3427471,SINAPI_familias_e_coeficientes_2025_06.xlsx,
764,3443,"COTOVELO 90 GRAUS DE FERRO GALVANIZADO, COM ROSCA BSP MACHO/FEMEA, DE 1""",UN,REPRESENTADO,2.0795892,2.0795892,2.0795892,2.0795892,2.0795892,2.0795892,2.0795892,2.0795892,2.0795892,2.0795892,2.0795892,2.0795892,2.0795892,2.0795892,2.0795892,2.0795892,2.0795892,2.0795892,2.0795892,2.0795892,2.0795892,2.0795892,2.0795892,2.0795892,2.0795892,2.0795892,2.0795892,SINAPI_familias_e_coeficientes_2025_06.xlsx,
764,3450,"COTOVELO 90 GRAUS DE FERRO GALVANIZADO, COM ROSCA BSP MACHO/FEMEA, DE 1/2""",UN,REPRESENTADO,0.9691913,0.9691913,0.9691913,0.9691913,0.9691913,0.9691913,0.9691913,0.9691913,0.9691913,0.9691913,0.9691913,0.9691913,0.9691913,0.9691913,0.9691913,0.9691913,0.9691913,0.9691913,0.9691913,0.9691913,0.9691913,0.9691913,0.9691913,0.9691913,0.9691913,0.9691913,0.9691913,SINAPI_familias_e_coeficientes_2025_06.xlsx,
764,3453,"COTOVELO 90 GRAUS DE FERRO GALVANIZADO, COM ROSCA BSP MACHO/FEMEA, DE 2 1/2""",UN,REPRESENTADO,11.8356868,11.8356868,11.8356868,11.8356868,11.8356868,11.8356868,11.8356868,11.8356868,11.8356868,11.8356868,11.8356868,11.8356868,11.8356868,11.8356868,11.8356868,11.8356868,11.8356868,11.8356868,11.8356868,11.8356868,11.8356868,11.8356868,11.8356868,11.8356868,11.8356868,11.8356868,11.8356868,SINAPI_familias_e_coeficientes_2025_06.xlsx,
764,3452,"COTOVELO 90 GRAUS DE FERRO GALVANIZADO, COM ROSCA BSP MACHO/FEMEA, DE 2""",UN,REPRESENTADO,5.8421053,5.8421053,5.8421053,5.8421053,5.8421053,5.8421053,5.8421053,5.8421053,5.8421053,5.8421053,5.8421053,5.8421053,5.8421053,5.8421053,5.8421053,5.8421053,5.8421053,5.8421053,5.8421053,5.8421053,5.8421053,5.8421053,5.8421053,5.8421053,5.8421053,5.8421053,5.8421053,SINAPI_familias_e_coeficientes_2025_06.xlsx,
764,3454,"COTOVELO 90 GRAUS DE FERRO GALVANIZADO, COM ROSCA BSP MACHO/FEMEA, DE 3""",UN,REPRESENTADO,18.0012837,18.0012837,18.0012837,18.0012837,18.0012837,18.0012837,18.0012837,18.0012837,18.0012837,18.0012837,18.0012837,18.0012837,18.0012837,18.0012837,18.0012837,18.0012837,18.0012837,18.0012837,18.0012837,18.0012837,18.0012837,18.0012837,18.0012837,18.0012837,18.0012837,18.0012837,18.0012837,SINAPI_familias_e_coeficientes_2025_06.xlsx,
764,3451,"COTOVELO 90 GRAUS DE FERRO GALVANIZADO, COM ROSCA BSP MACHO/FEMEA, DE 3/4""",UN,REPRESENTADO,1.1591784,1.1591784,1.1591784,1.1591784,1.1591784,1.1591784,1.1591784,1.1591784,1.1591784,1.1591784,1.1591784,1.1591784,1.1591784,1.1591784,1.1591784,1.1591784,1.1591784,1.1591784,1.1591784,1.1591784,1.1591784,1.1591784,1.1591784,1.1591784,1.1591784,1.1591784,1.1591784,SINAPI_familias_e_coeficientes_2025_06.xlsx,
764,3458,"COTOVELO 90 GRAUS DE FERRO GALVANIZADO, COM ROSCA BSP, DE 1 1/2""",UN,REPRESENTADO,3.2503209,3.2503209,3.2503209,3.2503209,3.2503209,3.2503209,3.2503209,3.2503209,3.2503209,3.2503209,3.2503209,3.2503209,3.2503209,3.2503209,3.2503209,3.2503209,3.2503209,3.2503209,3.2503209,3.2503209,3.2503209,3.2503209,3.2503209,3.2503209,3.2503209,3.2503209,3.2503209,SINAPI_familias_e_coeficientes_2025_06.xlsx,
764,3457,"COTOVELO 90 GRAUS DE FERRO GALVANIZADO, COM ROSCA BSP, DE 1 1/4""",UN,REPRESENTADO,2.4403081,2.4403081,2.4403081,2.4403081,2.4403081,2.4403081,2.4403081,2.4403081,2.4403081,2.4403081,2.4403081,2.4403081,2.4403081,2.4403081,2.4403081,2.4403081,2.4403081,2.4403081,2.4403081,2.4403081,2.4403081,2.4403081,2.4403081,2.4403081,2.4403081,2.4403081,2.4403081,SINAPI_familias_e_coeficientes_2025_06.xlsx,
764,3472,"COTOVELO 90 GRAUS DE FERRO GALVANIZADO, COM ROSCA BSP, DE 1""",UN,REPRESENTADO,1.5571245,1.5571245,1.5571245,1.5571245,1.5571245,1.5571245,1.5571245,1.5571245,1.5571245,1.5571245,1.5571245,1.5571245,1.5571245,1.5571245,1.5571245,1.5571245,1.5571245,1.5571245,1.5571245,1.5571245,1.5571245,1.5571245,1.5571245,1.5571245,1.5571245,1.5571245,1.5571245,SINAPI_familias_e_coeficientes_2025_06.xlsx,
764,3455,"COTOVELO 90 GRAUS DE FERRO GALVANIZADO, COM ROSCA BSP, DE 1/2""",UN,REPRESENTADO,0.6931964,0.6931964,0.6931964,0.6931964,0.6931964,0.6931964,0.6931964,0.6931964,0.6931964,0.6931964,0.6931964,0.6931964,0.6931964,0.6931964,0.6931964,0.6931964,0.6931964,0.6931964,0.6931964,0.6931964,0.6931964,0.6931964,0.6931964,0.6931964,0.6931964,0.6931964,0.6931964,SINAPI_familias_e_coeficientes_2025_06.xlsx,
764,3470,"COTOVELO 90 GRAUS DE FERRO GALVANIZADO, COM ROSCA BSP, DE 2 1/2""",UN,REPRESENTADO,9.0757381,9.0757381,9.0757381,9.0757381,9.0757381,9.0757381,9.0757381,9.0757381,9.0757381,9.0757381,9.0757381,9.0757381,9.0757381,9.0757381,9.0757381,9.0757381,9.0757381,9.0757381,9.0757381,9.0757381,9.0757381,9.0757381,9.0757381,9.0757381,9.0757381,9.0757381,9.0757381,SINAPI_familias_e_coeficientes_2025_06.xlsx,
764,3471,"COTOVELO 90 GRAUS DE FERRO GALVANIZADO, COM ROSCA BSP, DE 2""",UN,REPRESENTADO,4.987163,4.987163,4.987163,4.987163,4.987163,4.987163,4.987163,4.987163,4.987163,4.987163,4.987163,4.987163,4.987163,4.987163,4.987163,4.987163,4.987163,4.987163,4.987163,4.987163,4.987163,4.987163,4.987163,4.987163,4.987163,4.987163,4.987163,SINAPI_familias_e_coeficientes_2025_06.xlsx,
764,3459,"COTOVELO 90 GRAUS DE FERRO GALVANIZADO, COM ROSCA BSP, DE 3""",UN,REPRESENTADO,12.801027,12.801027,12.801027,12.801027,12.801027,12.801027,12.801027,12.801027,12.801027,12.801027,12.801027,12.801027,12.801027,12.801027,12.801027,12.801027,12.801027,12.801027,12.801027,12.801027,12.801027,12.801027,12.801027,12.801027,12.801027,12.801027,12.801027,SINAPI_familias_e_coeficientes_2025_06.xlsx,
764,3456,"COTOVELO 90 GRAUS DE FERRO GALVANIZADO, COM ROSCA BSP, DE 3/4""",UN,REPRESENTADO,1.0372272,1.0372272,1.0372272,1.0372272,1.0372272,1.0372272,1.0372272,1.0372272,1.0372272,1.0372272,1.0372272,1.0372272,1.0372272,1.0372272,1.0372272,1.0372272,1.0372272,1.0372272,1.0372272,1.0372272,1.0372272,1.0372272,1.0372272,1.0372272,1.0372272,1.0372272,1.0372272,SINAPI_familias_e_coeficientes_2025_06.xlsx,
764,3469,"COTOVELO 90 GRAUS DE FERRO GALVANIZADO, COM ROSCA BSP, DE 4""",UN,REPRESENTADO,24.3440308,24.3440308,24.3440308,24.3440308,24.3440308,24.3440308,24.3440308,24.3440308,24.3440308,24.3440308,24.3440308,24.3440308,24.3440308,24.3440308,24.3440308,24.3440308,24.3440308,24.3440308,24.3440308,24.3440308,24.3440308,24.3440308,24.3440308,24.3440308,24.3440308,24.3440308,24.3440308,SINAPI_familias_e_coeficientes_2025_06.xlsx,
764,3460,"COTOVELO 90 GRAUS DE FERRO GALVANIZADO, COM ROSCA BSP, DE 5""",UN,REPRESENTADO,35.521181,35.521181,35.521181,35.521181,35.521181,35.521181,35.521181,35.521181,35.521181,35.521181,35.521181,35.521181,35.521181,35.521181,35.521181,35.521181,35.521181,35.521181,35.521181,35.521181,35.521181,35.521181,35.521181,35.521181,35.521181,35.521181,35.521181,SINAPI_familias_e_coeficientes_2025_06.xlsx,
764,3461,"COTOVELO 90 GRAUS DE FERRO GALVANIZADO, COM ROSCA BSP, DE 6""",UN,REPRESENTADO,90.7894737,90.7894737,90.7894737,90.7894737,90.7894737,90.7894737,90.7894737,90.7894737,90.7894737,90.7894737,90.7894737,90.7894737,90.7894737,90.7894737,90.7894737,90.7894737,90.7894737,90.7894737,90.7894737,90.7894737,90.7894737,90.7894737,90.7894737,90.7894737,90.7894737,90.7894737,90.7894737,SINAPI_familias_e_coeficientes_2025_06.xlsx,
764,3468,"COTOVELO DE REDUCAO 90 GRAUS DE FERRO GALVANIZADO, COM ROSCA BSP, DE 1 1/2"" X 1""",UN,REPRESENTADO,4.2426187,4.2426187,4.2426187,4.2426187,4.2426187,4.2426187,4.2426187,4.2426187,4.2426187,4.2426187,4.2426187,4.2426187,4.2426187,4.2426187,4.2426187,4.2426187,4.2426187,4.2426187,4.2426187,4.2426187,4.2426187,4.2426187,4.2426187,4.2426187,4.2426187,4.2426187,4.2426187,SINAPI_familias_e_coeficientes_2025_06.xlsx,
764,3465,"COTOVELO DE REDUCAO 90 GRAUS DE FERRO GALVANIZADO, COM ROSCA BSP, DE 1 1/2"" X 3/4""",UN,REPRESENTADO,4.241335,4.241335,4.241335,4.241335,4.241335,4.241335,4.241335,4.241335,4.241335,4.241335,4.241335,4.241335,4.241335,4.241335,4.241335,4.241335,4.241335,4.241335,4.241335,4.241335,4.241335,4.241335,4.241335,4.241335,4.241335,4.241335,4.241335,SINAPI_familias_e_coeficientes_2025_06.xlsx,
764,12403,"COTOVELO DE REDUCAO 90 GRAUS DE FERRO GALVANIZADO, COM ROSCA BSP, DE 1 1/4"" X 1""",UN,REPRESENTADO,3.0231065,3.0231065,3.0231065,3.0231065,3.0231065,3.0231065,3.0231065,3.0231065,3.0231065,3.0231065,3.0231065,3.0231065,3.0231065,3.0231065,3.0231065,3.0231065,3.0231065,3.0231065,3.0231065,3.0231065,3.0231065,3.0231065,3.0231065,3.0231065,3.0231065,3.0231065,3.0231065,SINAPI_familias_e_coeficientes_2025_06.xlsx,
764,3463,"COTOVELO DE REDUCAO 90 GRAUS DE FERRO GALVANIZADO, COM ROSCA BSP, DE 1"" X 1/2""",UN,REPRESENTADO,1.7663671,1.7663671,1.7663671,1.7663671,1.7663671,1.7663671,1.7663671,1.7663671,1.7663671,1.7663671,1.7663671,1.7663671,1.7663671,1.7663671,1.7663671,1.7663671,1.7663671,1.7663671,1.7663671,1.7663671,1.7663671,1.7663671,1.7663671,1.7663671,1.7663671,1.7663671,1.7663671,SINAPI_familias_e_coeficientes_2025_06.xlsx,
764,3464,"COTOVELO DE REDUCAO 90 GRAUS DE FERRO GALVANIZADO, COM ROSCA BSP, DE 1"" X 3/4""",UN,REPRESENTADO,1.7663671,1.7663671,1.7663671,1.7663671,1.7663671,1.7663671,1.7663671,1.7663671,1.7663671,1.7663671,1.7663671,1.7663671,1.7663671,1.7663671,1.7663671,1.7663671,1.7663671,1.7663671,1.7663671,1.7663671,1.7663671,1.7663671,1.7663671,1.7663671,1.7663671,1.7663671,1.7663671,SINAPI_familias_e_coeficientes_2025_06.xlsx,
764,3466,"COTOVELO DE REDUCAO 90 GRAUS DE FERRO GALVANIZADO, COM ROSCA BSP, DE 2 1/2"" X 2""",UN,REPRESENTADO,10.7715019,10.7715019,10.7715019,10.7715019,10.7715019,10.7715019,10.7715019,10.7715019,10.7715019,10.7715019,10.7715019,10.7715019,10.7715019,10.7715019,10.7715019,10.7715019,10.7715019,10.7715019,10.7715019,10.7715019,10.7715019,10.7715019,10.7715019,10.7715019,10.7715019,10.7715019,10.7715019,SINAPI_familias_e_coeficientes_2025_06.xlsx,
764,3467,"COTOVELO DE REDUCAO 90 GRAUS DE FERRO GALVANIZADO, COM ROSCA BSP, DE 2"" X 1 1/2""",UN,REPRESENTADO,6.0834403,6.0834403,6.0834403,6.0834403,6.0834403,6.0834403,6.0834403,6.0834403,6.0834403,6.0834403,6.0834403,6.0834403,6.0834403,6.0834403,6.0834403,6.0834403,6.0834403,6.0834403,6.0834403,6.0834403,6.0834403,6.0834403,6.0834403,6.0834403,6.0834403,6.0834403,6.0834403,SINAPI_familias_e_coeficientes_2025_06.xlsx,
764,3462,"COTOVELO DE REDUCAO 90 GRAUS DE FERRO GALVANIZADO, COM ROSCA BSP, DE 3/4"" X 1/2""",UN,REPRESENTADO,1.1655969,1.1655969,1.1655969,1.1655969,1.1655969,1.1655969,1.1655969,1.1655969,1.1655969,1.1655969,1.1655969,1.1655969,1.1655969,1.1655969,1.1655969,1.1655969,1.1655969,1.1655969,1.1655969,1.1655969,1.1655969,1.1655969,1.1655969,1.1655969,1.1655969,1.1655969,1.1655969,SINAPI_familias_e_coeficientes_2025_06.xlsx,
764,1649,"CRUZETA DE FERRO GALVANIZADO, COM ROSCA BSP, DE 1 1/2""",UN,REPRESENTADO,7.6649551,7.6649551,7.6649551,7.6649551,7.6649551,7.6649551,7.6649551,7.6649551,7.6649551,7.6649551,7.6649551,7.6649551,7.6649551,7.6649551,7.6649551,7.6649551,7.6649551,7.6649551,7.6649551,7.6649551,7.6649551,7.6649551,7.6649551,7.6649551,7.6649551,7.6649551,7.6649551,SINAPI_familias_e_coeficientes_2025_06.xlsx,
764,1653,"CRUZETA DE FERRO GALVANIZADO, COM ROSCA BSP, DE 1 1/4""",UN,REPRESENTADO,6.0038511,6.0038511,6.0038511,6.0038511,6.0038511,6.0038511,6.0038511,6.0038511,6.0038511,6.0038511,6.0038511,6.0038511,6.0038511,6.0038511,6.0038511,6.0038511,6.0038511,6.0038511,6.0038511,6.0038511,6.0038511,6.0038511,6.0038511,6.0038511,6.0038511,6.0038511,6.0038511,SINAPI_familias_e_coeficientes_2025_06.xlsx,
764,1648,"CRUZETA DE FERRO GALVANIZADO, COM ROSCA BSP, DE 1""",UN,REPRESENTADO,4.1283697,4.1283697,4.1283697,4.1283697,4.1283697,4.1283697,4.1283697,4.1283697,4.1283697,4.1283697,4.1283697,4.1283697,4.1283697,4.1283697,4.1283697,4.1283697,4.1283697,4.1283697,4.1283697,4.1283697,4.1283697,4.1283697,4.1283697,4.1283697,4.1283697,4.1283697,4.1283697,SINAPI_familias_e_coeficientes_2025_06.xlsx,
764,1647,"CRUZETA DE FERRO GALVANIZADO, COM ROSCA BSP, DE 1/2""",UN,REPRESENTADO,2.1501926,2.1501926,2.1501926,2.1501926,2.1501926,2.1501926,2.1501926,2.1501926,2.1501926,2.1501926,2.1501926,2.1501926,2.1501926,2.1501926,2.1501926,2.1501926,2.1501926,2.1501926,2.1501926,2.1501926,2.1501926,2.1501926,2.1501926,2.1501926,2.1501926,2.1501926,2.1501926,SINAPI_familias_e_coeficientes_2025_06.xlsx,
764,1651,"CRUZETA DE FERRO GALVANIZADO, COM ROSCA BSP, DE 2 1/2""",UN,REPRESENTADO,19.1501926,19.1501926,19.1501926,19.1501926,19.1501926,19.1501926,19.1501926,19.1501926,19.1501926,19.1501926,19.1501926,19.1501926,19.1501926,19.1501926,19.1501926,19.1501926,19.1501926,19.1501926,19.1501926,19.1501926,19.1501926,19.1501926,19.1501926,19.1501926,19.1501926,19.1501926,19.1501926,SINAPI_familias_e_coeficientes_2025_06.xlsx,
764,1650,"CRUZETA DE FERRO GALVANIZADO, COM ROSCA BSP, DE 2""",UN,REPRESENTADO,10.5853659,10.5853659,10.5853659,10.5853659,10.5853659,10.5853659,10.5853659,10.5853659,10.5853659,10.5853659,10.5853659,10.5853659,10.5853659,10.5853659,10.5853659,10.5853659,10.5853659,10.5853659,10.5853659,10.5853659,10.5853659,10.5853659,10.5853659,10.5853659,10.5853659,10.5853659,10.5853659,SINAPI_familias_e_coeficientes_2025_06.xlsx,
764,1652,"CRUZETA DE FERRO GALVANIZADO, COM ROSCA BSP, DE 3""",UN,REPRESENTADO,27.4852375,27.4852375,27.4852375,27.4852375,27.4852375,27.4852375,27.4852375,27.4852375,27.4852375,27.4852375,27.4852375,27.4852375,27.4852375,27.4852375,27.4852375,27.4852375,27.4852375,27.4852375,27.4852375,27.4852375,27.4852375,27.4852375,27.4852375,27.4852375,27.4852375,27.4852375,27.4852375,SINAPI_familias_e_coeficientes_2025_06.xlsx,
764,1654,"CRUZETA DE FERRO GALVANIZADO, COM ROSCA BSP, DE 3/4""",UN,REPRESENTADO,2.9512195,2.9512195,2.9512195,2.9512195,2.9512195,2.9512195,2.9512195,2.9512195,2.9512195,2.9512195,2.9512195,2.9512195,2.9512195,2.9512195,2.9512195,2.9512195,2.9512195,2.9512195,2.9512195,2.9512195,2.9512195,2.9512195,2.9512195,2.9512195,2.9512195,2.9512195,2.9512195,SINAPI_familias_e_coeficientes_2025_06.xlsx,
764,1777,"CURVA 45 GRAUS DE FERRO GALVANIZADO, COM ROSCA BSP FEMEA, DE 1 1/2""",UN,REPRESENTADO,8.2644416,8.2644416,8.2644416,8.2644416,8.2644416,8.2644416,8.2644416,8.2644416,8.2644416,8.2644416,8.2644416,8.2644416,8.2644416,8.2644416,8.2644416,8.2644416,8.2644416,8.2644416,8.2644416,8.2644416,8.2644416,8.2644416,8.2644416,8.2644416,8.2644416,8.2644416,8.2644416,SINAPI_familias_e_coeficientes_2025_06.xlsx,
764,1819,"CURVA 45 GRAUS DE FERRO GALVANIZADO, COM ROSCA BSP FEMEA, DE 1 1/4""",UN,REPRESENTADO,6.012837,6.012837,6.012837,6.012837,6.012837,6.012837,6.012837,6.012837,6.012837,6.012837,6.012837,6.012837,6.012837,6.012837,6.012837,6.012837,6.012837,6.012837,6.012837,6.012837,6.012837,6.012837,6.012837,6.012837,6.012837,6.012837,6.012837,SINAPI_familias_e_coeficientes_2025_06.xlsx,
764,1776,"CURVA 45 GRAUS DE FERRO GALVANIZADO, COM ROSCA BSP FEMEA, DE 1""",UN,REPRESENTADO,4.8921694,4.8921694,4.8921694,4.8921694,4.8921694,4.8921694,4.8921694,4.8921694,4.8921694,4.8921694,4.8921694,4.8921694,4.8921694,4.8921694,4.8921694,4.8921694,4.8921694,4.8921694,4.8921694,4.8921694,4.8921694,4.8921694,4.8921694,4.8921694,4.8921694,4.8921694,4.8921694,SINAPI_familias_e_coeficientes_2025_06.xlsx,
764,1775,"CURVA 45 GRAUS DE FERRO GALVANIZADO, COM ROSCA BSP FEMEA, DE 1/2""",UN,REPRESENTADO,1.7984596,1.7984596,1.7984596,1.7984596,1.7984596,1.7984596,1.7984596,1.7984596,1.7984596,1.7984596,1.7984596,1.7984596,1.7984596,1.7984596,1.7984596,1.7984596,1.7984596,1.7984596,1.7984596,1.7984596,1.7984596,1.7984596,1.7984596,1.7984596,1.7984596,1.7984596,1.7984596,SINAPI_familias_e_coeficientes_2025_06.xlsx,
764,1778,"CURVA 45 GRAUS DE FERRO GALVANIZADO, COM ROSCA BSP FEMEA, DE 2 1/2""",UN,REPRESENTADO,20.0038511,20.0038511,20.0038511,20.0038511,20.0038511,20.0038511,20.0038511,20.0038511,20.0038511,20.0038511,20.0038511,20.0038511,20.0038511,20.0038511,20.0038511,20.0038511,20.0038511,20.0038511,20.0038511,20.0038511,20.0038511,20.0038511,20.0038511,20.0038511,20.0038511,20.0038511,20.0038511,SINAPI_familias_e_coeficientes_2025_06.xlsx,
764,1818,"CURVA 45 GRAUS DE FERRO GALVANIZADO, COM ROSCA BSP FEMEA, DE 2""",UN,REPRESENTADO,13.2785623,13.2785623,13.2785623,13.2785623,13.2785623,13.2785623,13.2785623,13.2785623,13.2785623,13.2785623,13.2785623,13.2785623,13.2785623,13.2785623,13.2785623,13.2785623,13.2785623,13.2785623,13.2785623,13.2785623,13.2785623,13.2785623,13.2785623,13.2785623,13.2785623,13.2785623,13.2785623,SINAPI_familias_e_coeficientes_2025_06.xlsx,
764,1779,"CURVA 45 GRAUS DE FERRO GALVANIZADO, COM ROSCA BSP FEMEA, DE 3""",UN,REPRESENTADO,29.0924262,29.0924262,29.0924262,29.0924262,29.0924262,29.0924262,29.0924262,29.0924262,29.0924262,29.0924262,29.0924262,29.0924262,29.0924262,29.0924262,29.0924262,29.0924262,29.0924262,29.0924262,29.0924262,29.0924262,29.0924262,29.0924262,29.0924262,29.0924262,29.0924262,29.0924262,29.0924262,SINAPI_familias_e_coeficientes_2025_06.xlsx,
764,1820,"CURVA 45 GRAUS DE FERRO GALVANIZADO, COM ROSCA BSP FEMEA, DE 3/4""",UN,REPRESENTADO,2.5969191,2.5969191,2.5969191,2.5969191,2.5969191,2.5969191,2.5969191,2.5969191,2.5969191,2.5969191,2.5969191,2.5969191,2.5969191,2.5969191,2.5969191,2.5969191,2.5969191,2.5969191,2.5969191,2.5969191,2.5969191,2.5969191,2.5969191,2.5969191,2.5969191,2.5969191,2.5969191,SINAPI_familias_e_coeficientes_2025_06.xlsx,
764,1780,"CURVA 45 GRAUS DE FERRO GALVANIZADO, COM ROSCA BSP FEMEA, DE 4""",UN,REPRESENTADO,59.9743261,59.9743261,59.9743261,59.9743261,59.9743261,59.9743261,59.9743261,59.9743261,59.9743261,59.9743261,59.9743261,59.9743261,59.9743261,59.9743261,59.9743261,59.9743261,59.9743261,59.9743261,59.9743261,59.9743261,59.9743261,59.9743261,59.9743261,59.9743261,59.9743261,59.9743261,59.9743261,SINAPI_familias_e_coeficientes_2025_06.xlsx,
764,1783,"CURVA 45 GRAUS DE FERRO GALVANIZADO, COM ROSCA BSP MACHO/FEMEA, DE 1 1/2""",UN,REPRESENTADO,6.3414634,6.3414634,6.3414634,6.3414634,6.3414634,6.3414634,6.3414634,6.3414634,6.3414634,6.3414634,6.3414634,6.3414634,6.3414634,6.3414634,6.3414634,6.3414634,6.3414634,6.3414634,6.3414634,6.3414634,6.3414634,6.3414634,6.3414634,6.3414634,6.3414634,6.3414634,6.3414634,SINAPI_familias_e_coeficientes_2025_06.xlsx,
764,1782,"CURVA 45 GRAUS DE FERRO GALVANIZADO, COM ROSCA BSP MACHO/FEMEA, DE 1 1/4""",UN,REPRESENTADO,5.0141207,5.0141207,5.0141207,5.0141207,5.0141207,5.0141207,5.0141207,5.0141207,5.0141207,5.0141207,5.0141207,5.0141207,5.0141207,5.0141207,5.0141207,5.0141207,5.0141207,5.0141207,5.0141207,5.0141207,5.0141207,5.0141207,5.0141207,5.0141207,5.0141207,5.0141207,5.0141207,SINAPI_familias_e_coeficientes_2025_06.xlsx,
764,1781,"CURVA 45 GRAUS DE FERRO GALVANIZADO, COM ROSCA BSP MACHO/FEMEA, DE 1""",UN,REPRESENTADO,3.267009,3.267009,3.267009,3.267009,3.267009,3.267009,3.267009,3.267009,3.267009,3.267009,3.267009,3.267009,3.267009,3.267009,3.267009,3.267009,3.267009,3.267009,3.267009,3.267009,3.267009,3.267009,3.267009,3.267009,3.267009,3.267009,3.267009,SINAPI_familias_e_coeficientes_2025_06.xlsx,
764,1817,"CURVA 45 GRAUS DE FERRO GALVANIZADO, COM ROSCA BSP MACHO/FEMEA, DE 1/2""",UN,REPRESENTADO,1.4942234,1.4942234,1.4942234,1.4942234,1.4942234,1.4942234,1.4942234,1.4942234,1.4942234,1.4942234,1.4942234,1.4942234,1.4942234,1.4942234,1.4942234,1.4942234,1.4942234,1.4942234,1.4942234,1.4942234,1.4942234,1.4942234,1.4942234,1.4942234,1.4942234,1.4942234,1.4942234,SINAPI_familias_e_coeficientes_2025_06.xlsx,
764,1784,"CURVA 45 GRAUS DE FERRO GALVANIZADO, COM ROSCA BSP MACHO/FEMEA, DE 2 1/2""",UN,REPRESENTADO,17.9062901,17.9062901,17.9062901,17.9062901,17.9062901,17.9062901,17.9062901,17.9062901,17.9062901,17.9062901,17.9062901,17.9062901,17.9062901,17.9062901,17.9062901,17.9062901,17.9062901,17.9062901,17.9062901,17.9062901,17.9062901,17.9062901,17.9062901,17.9062901,17.9062901,17.9062901,17.9062901,SINAPI_familias_e_coeficientes_2025_06.xlsx,
764,1810,"CURVA 45 GRAUS DE FERRO GALVANIZADO, COM ROSCA BSP MACHO/FEMEA, DE 2""",UN,REPRESENTADO,9.9319641,9.9319641,9.9319641,9.9319641,9.9319641,9.9319641,9.9319641,9.9319641,9.9319641,9.9319641,9.9319641,9.9319641,9.9319641,9.9319641,9.9319641,9.9319641,9.9319641,9.9319641,9.9319641,9.9319641,9.9319641,9.9319641,9.9319641,9.9319641,9.9319641,9.9319641,9.9319641,SINAPI_familias_e_coeficientes_2025_06.xlsx,
764,1812,"CURVA 45 GRAUS DE FERRO GALVANIZADO, COM ROSCA BSP MACHO/FEMEA, DE 3""",UN,REPRESENTADO,25.071887,25.071887,25.071887,25.071887,25.071887,25.071887,25.071887,25.071887,25.071887,25.071887,25.071887,25.071887,25.071887,25.071887,25.071887,25.071887,25.071887,25.071887,25.071887,25.071887,25.071887,25.071887,25.071887,25.071887,25.071887,25.071887,25.071887,SINAPI_familias_e_coeficientes_2025_06.xlsx,
764,1811,"CURVA 45 GRAUS DE FERRO GALVANIZADO, COM ROSCA BSP MACHO/FEMEA, DE 3/4""",UN,REPRESENTADO,2.1489089,2.1489089,2.1489089,2.1489089,2.1489089,2.1489089,2.1489089,2.1489089,2.1489089,2.1489089,2.1489089,2.1489089,2.1489089,2.1489089,2.1489089,2.1489089,2.1489089,2.1489089,2.1489089,2.1489089,2.1489089,2.1489089,2.1489089,2.1489089,2.1489089,2.1489089,2.1489089,SINAPI_familias_e_coeficientes_2025_06.xlsx,
764,1789,"CURVA 90 GRAUS DE FERRO GALVANIZADO, COM ROSCA BSP FEMEA, DE 1 1/2""",UN,REPRESENTADO,7.9319641,7.9319641,7.9319641,7.9319641,7.9319641,7.9319641,7.9319641,7.9319641,7.9319641,7.9319641,7.9319641,7.9319641,7.9319641,7.9319641,7.9319641,7.9319641,7.9319641,7.9319641,7.9319641,7.9319641,7.9319641,7.9319641,7.9319641,7.9319641,7.9319641,7.9319641,7.9319641,SINAPI_familias_e_coeficientes_2025_06.xlsx,
764,1788,"CURVA 90 GRAUS DE FERRO GALVANIZADO, COM ROSCA BSP FEMEA, DE 1 1/4""",UN,REPRESENTADO,6.3581515,6.3581515,6.3581515,6.3581515,6.3581515,6.3581515,6.3581515,6.3581515,6.3581515,6.3581515,6.3581515,6.3581515,6.3581515,6.3581515,6.3581515,6.3581515,6.3581515,6.3581515,6.3581515,6.3581515,6.3581515,6.3581515,6.3581515,6.3581515,6.3581515,6.3581515,6.3581515,SINAPI_familias_e_coeficientes_2025_06.xlsx,
764,1787,"CURVA 90 GRAUS DE FERRO GALVANIZADO, COM ROSCA BSP FEMEA, DE 1""",UN,REPRESENTADO,3.7804878,3.7804878,3.7804878,3.7804878,3.7804878,3.7804878,3.7804878,3.7804878,3.7804878,3.7804878,3.7804878,3.7804878,3.7804878,3.7804878,3.7804878,3.7804878,3.7804878,3.7804878,3.7804878,3.7804878,3.7804878,3.7804878,3.7804878,3.7804878,3.7804878,3.7804878,3.7804878,SINAPI_familias_e_coeficientes_2025_06.xlsx,
764,1786,"CURVA 90 GRAUS DE FERRO GALVANIZADO, COM ROSCA BSP FEMEA, DE 1/2""",UN,REPRESENTADO,1.5789474,1.5789474,1.5789474,1.5789474,1.5789474,1.5789474,1.5789474,1.5789474,1.5789474,1.5789474,1.5789474,1.5789474,1.5789474,1.5789474,1.5789474,1.5789474,1.5789474,1.5789474,1.5789474,1.5789474,1.5789474,1.5789474,1.5789474,1.5789474,1.5789474,1.5789474,1.5789474,SINAPI_familias_e_coeficientes_2025_06.xlsx,
764,1791,"CURVA 90 GRAUS DE FERRO GALVANIZADO, COM ROSCA BSP FEMEA, DE 2 1/2""",UN,REPRESENTADO,22.9229782,22.9229782,22.9229782,22.9229782,22.9229782,22.9229782,22.9229782,22.9229782,22.9229782,22.9229782,22.9229782,22.9229782,22.9229782,22.9229782,22.9229782,22.9229782,22.9229782,22.9229782,22.9229782,22.9229782,22.9229782,22.9229782,22.9229782,22.9229782,22.9229782,22.9229782,22.9229782,SINAPI_familias_e_coeficientes_2025_06.xlsx,
764,1790,"CURVA 90 GRAUS DE FERRO GALVANIZADO, COM ROSCA BSP FEMEA, DE 2""",UN,REPRESENTADO,13.2092426,13.2092426,13.2092426,13.2092426,13.2092426,13.2092426,13.2092426,13.2092426,13.2092426,13.2092426,13.2092426,13.2092426,13.2092426,13.2092426,13.2092426,13.2092426,13.2092426,13.2092426,13.2092426,13.2092426,13.2092426,13.2092426,13.2092426,13.2092426,13.2092426,13.2092426,13.2092426,SINAPI_familias_e_coeficientes_2025_06.xlsx,
764,1792,"CURVA 90 GRAUS DE FERRO GALVANIZADO, COM ROSCA BSP FEMEA, DE 3""",UN,REPRESENTADO,30.9422336,30.9422336,30.9422336,30.9422336,30.9422336,30.9422336,30.9422336,30.9422336,30.9422336,30.9422336,30.9422336,30.9422336,30.9422336,30.9422336,30.9422336,30.9422336,30.9422336,30.9422336,30.9422336,30.9422336,30.9422336,30.9422336,30.9422336,30.9422336,30.9422336,30.9422336,30.9422336,SINAPI_familias_e_coeficientes_2025_06.xlsx,
764,1813,"CURVA 90 GRAUS DE FERRO GALVANIZADO, COM ROSCA BSP FEMEA, DE 3/4""",UN,REPRESENTADO,2.5057766,2.5057766,2.5057766,2.5057766,2.5057766,2.5057766,2.5057766,2.5057766,2.5057766,2.5057766,2.5057766,2.5057766,2.5057766,2.5057766,2.5057766,2.5057766,2.5057766,2.5057766,2.5057766,2.5057766,2.5057766,2.5057766,2.5057766,2.5057766,2.5057766,2.5057766,2.5057766,SINAPI_familias_e_coeficientes_2025_06.xlsx,
764,1793,"CURVA 90 GRAUS DE FERRO GALVANIZADO, COM ROSCA BSP FEMEA, DE 4""",UN,REPRESENTADO,62.5237484,62.5237484,62.5237484,62.5237484,62.5237484,62.5237484,62.5237484,62.5237484,62.5237484,62.5237484,62.5237484,62.5237484,62.5237484,62.5237484,62.5237484,62.5237484,62.5237484,62.5237484,62.5237484,62.5237484,62.5237484,62.5237484,62.5237484,62.5237484,62.5237484,62.5237484,62.5237484,SINAPI_familias_e_coeficientes_2025_06.xlsx,
764,1797,"CURVA 90 GRAUS DE FERRO GALVANIZADO, COM ROSCA BSP MACHO, DE 1 1/2""",UN,REPRESENTADO,9.0064185,9.0064185,9.0064185,9.0064185,9.0064185,9.0064185,9.0064185,9.0064185,9.0064185,9.0064185,9.0064185,9.0064185,9.0064185,9.0064185,9.0064185,9.0064185,9.0064185,9.0064185,9.0064185,9.0064185,9.0064185,9.0064185,9.0064185,9.0064185,9.0064185,9.0064185,9.0064185,SINAPI_familias_e_coeficientes_2025_06.xlsx,
764,1796,"CURVA 90 GRAUS DE FERRO GALVANIZADO, COM ROSCA BSP MACHO, DE 1 1/4""",UN,REPRESENTADO,6.9088575,6.9088575,6.9088575,6.9088575,6.9088575,6.9088575,6.9088575,6.9088575,6.9088575,6.9088575,6.9088575,6.9088575,6.9088575,6.9088575,6.9088575,6.9088575,6.9088575,6.9088575,6.9088575,6.9088575,6.9088575,6.9088575,6.9088575,6.9088575,6.9088575,6.9088575,6.9088575,SINAPI_familias_e_coeficientes_2025_06.xlsx,
764,1816,"CURVA 90 GRAUS DE FERRO GALVANIZADO, COM ROSCA BSP MACHO, DE 1""",UN,REPRESENTADO,3.7188703,3.7188703,3.7188703,3.7188703,3.7188703,3.7188703,3.7188703,3.7188703,3.7188703,3.7188703,3.7188703,3.7188703,3.7188703,3.7188703,3.7188703,3.7188703,3.7188703,3.7188703,3.7188703,3.7188703,3.7188703,3.7188703,3.7188703,3.7188703,3.7188703,3.7188703,3.7188703,SINAPI_familias_e_coeficientes_2025_06.xlsx,
764,1794,"CURVA 90 GRAUS DE FERRO GALVANIZADO, COM ROSCA BSP MACHO, DE 1/2""",UN,REPRESENTADO,1.6495507,1.6495507,1.6495507,1.6495507,1.6495507,1.6495507,1.6495507,1.6495507,1.6495507,1.6495507,1.6495507,1.6495507,1.6495507,1.6495507,1.6495507,1.6495507,1.6495507,1.6495507,1.6495507,1.6495507,1.6495507,1.6495507,1.6495507,1.6495507,1.6495507,1.6495507,1.6495507,SINAPI_familias_e_coeficientes_2025_06.xlsx,
764,1815,"CURVA 90 GRAUS DE FERRO GALVANIZADO, COM ROSCA BSP MACHO, DE 2 1/2""",UN,REPRESENTADO,28.5558408,28.5558408,28.5558408,28.5558408,28.5558408,28.5558408,28.5558408,28.5558408,28.5558408,28.5558408,28.5558408,28.5558408,28.5558408,28.5558408,28.5558408,28.5558408,28.5558408,28.5558408,28.5558408,28.5558408,28.5558408,28.5558408,28.5558408,28.5558408,28.5558408,28.5558408,28.5558408,SINAPI_familias_e_coeficientes_2025_06.xlsx,
764,1798,"CURVA 90 GRAUS DE FERRO GALVANIZADO, COM ROSCA BSP MACHO, DE 2""",UN,REPRESENTADO,12.7779204,12.7779204,12.7779204,12.7779204,12.7779204,12.7779204,12.7779204,12.7779204,12.7779204,12.7779204,12.7779204,12.7779204,12.7779204,12.7779204,12.7779204,12.7779204,12.7779204,12.7779204,12.7779204,12.7779204,12.7779204,12.7779204,12.7779204,12.7779204,12.7779204,12.7779204,12.7779204,SINAPI_familias_e_coeficientes_2025_06.xlsx,
764,1799,"CURVA 90 GRAUS DE FERRO GALVANIZADO, COM ROSCA BSP MACHO, DE 3""",UN,REPRESENTADO,37.1912709,37.1912709,37.1912709,37.1912709,37.1912709,37.1912709,37.1912709,37.1912709,37.1912709,37.1912709,37.1912709,37.1912709,37.1912709,37.1912709,37.1912709,37.1912709,37.1912709,37.1912709,37.1912709,37.1912709,37.1912709,37.1912709,37.1912709,37.1912709,37.1912709,37.1912709,37.1912709,SINAPI_familias_e_coeficientes_2025_06.xlsx,
764,1795,"CURVA 90 GRAUS DE FERRO GALVANIZADO, COM ROSCA BSP MACHO, DE 3/4""",UN,REPRESENTADO,2.2849807,2.2849807,2.2849807,2.2849807,2.2849807,2.2849807,2.2849807,2.2849807,2.2849807,2.2849807,2.2849807,2.2849807,2.2849807,2.2849807,2.2849807,2.2849807,2.2849807,2.2849807,2.2849807,2.2849807,2.2849807,2.2849807,2.2849807,2.2849807,2.2849807,2.2849807,2.2849807,SINAPI_familias_e_coeficientes_2025_06.xlsx,
764,1800,"CURVA 90 GRAUS DE FERRO GALVANIZADO, COM ROSCA BSP MACHO, DE 4""",UN,REPRESENTADO,71.0038511,71.0038511,71.0038511,71.0038511,71.0038511,71.0038511,71.0038511,71.0038511,71.0038511,71.0038511,71.0038511,71.0038511,71.0038511,71.0038511,71.0038511,71.0038511,71.0038511,71.0038511,71.0038511,71.0038511,71.0038511,71.0038511,71.0038511,71.0038511,71.0038511,71.0038511,71.0038511,SINAPI_familias_e_coeficientes_2025_06.xlsx,
764,1802,"CURVA 90 GRAUS DE FERRO GALVANIZADO, COM ROSCA BSP MACHO, DE 6""",UN,REPRESENTADO,177.6084724,177.6084724,177.6084724,177.6084724,177.6084724,177.6084724,177.6084724,177.6084724,177.6084724,177.6084724,177.6084724,177.6084724,177.6084724,177.6084724,177.6084724,177.6084724,177.6084724,177.6084724,177.6084724,177.6084724,177.6084724,177.6084724,177.6084724,177.6084724,177.6084724,177.6084724,177.6084724,SINAPI_familias_e_coeficientes_2025_06.xlsx,
764,1809,"CURVA 90 GRAUS DE FERRO GALVANIZADO, COM ROSCA BSP MACHO/FEMEA, DE 1 1/2""",UN,REPRESENTADO,7.436457,7.436457,7.436457,7.436457,7.436457,7.436457,7.436457,7.436457,7.436457,7.436457,7.436457,7.436457,7.436457,7.436457,7.436457,7.436457,7.436457,7.436457,7.436457,7.436457,7.436457,7.436457,7.436457,7.436457,7.436457,7.436457,7.436457,SINAPI_familias_e_coeficientes_2025_06.xlsx,
764,1814,"CURVA 90 GRAUS DE FERRO GALVANIZADO, COM ROSCA BSP MACHO/FEMEA, DE 1 1/4""",UN,REPRESENTADO,6.1091142,6.1091142,6.1091142,6.1091142,6.1091142,6.1091142,6.1091142,6.1091142,6.1091142,6.1091142,6.1091142,6.1091142,6.1091142,6.1091142,6.1091142,6.1091142,6.1091142,6.1091142,6.1091142,6.1091142,6.1091142,6.1091142,6.1091142,6.1091142,6.1091142,6.1091142,6.1091142,SINAPI_familias_e_coeficientes_2025_06.xlsx,
764,1805,"CURVA 90 GRAUS DE FERRO GALVANIZADO, COM ROSCA BSP MACHO/FEMEA, DE 1""",UN,REPRESENTADO,3.5455712,3.5455712,3.5455712,3.5455712,3.5455712,3.5455712,3.5455712,3.5455712,3.5455712,3.5455712,3.5455712,3.5455712,3.5455712,3.5455712,3.5455712,3.5455712,3.5455712,3.5455712,3.5455712,3.5455712,3.5455712,3.5455712,3.5455712,3.5455712,3.5455712,3.5455712,3.5455712,SINAPI_familias_e_coeficientes_2025_06.xlsx,
764,1803,"CURVA 90 GRAUS DE FERRO GALVANIZADO, COM ROSCA BSP MACHO/FEMEA, DE 1/2""",UN,REPRESENTADO,1.5442875,1.5442875,1.5442875,1.5442875,1.5442875,1.5442875,1.5442875,1.5442875,1.5442875,1.5442875,1.5442875,1.5442875,1.5442875,1.5442875,1.5442875,1.5442875,1.5442875,1.5442875,1.5442875,1.5442875,1.5442875,1.5442875,1.5442875,1.5442875,1.5442875,1.5442875,1.5442875,SINAPI_familias_e_coeficientes_2025_06.xlsx,
764,1821,"CURVA 90 GRAUS DE FERRO GALVANIZADO, COM ROSCA BSP MACHO/FEMEA, DE 2 1/2""",UN,REPRESENTADO,20.9435173,20.9435173,20.9435173,20.9435173,20.9435173,20.9435173,20.9435173,20.9435173,20.9435173,20.9435173,20.9435173,20.9435173,20.9435173,20.9435173,20.9435173,20.9435173,20.9435173,20.9435173,20.9435173,20.9435173,20.9435173,20.9435173,20.9435173,20.9435173,20.9435173,20.9435173,20.9435173,SINAPI_familias_e_coeficientes_2025_06.xlsx,
764,1806,"CURVA 90 GRAUS DE FERRO GALVANIZADO, COM ROSCA BSP MACHO/FEMEA, DE 2""",UN,REPRESENTADO,12.465982,12.465982,12.465982,12.465982,12.465982,12.465982,12.465982,12.465982,12.465982,12.465982,12.465982,12.465982,12.465982,12.465982,12.465982,12.465982,12.465982,12.465982,12.465982,12.465982,12.465982,12.465982,12.465982,12.465982,12.465982,12.465982,12.465982,SINAPI_familias_e_coeficientes_2025_06.xlsx,
764,1807,"CURVA 90 GRAUS DE FERRO GALVANIZADO, COM ROSCA BSP MACHO/FEMEA, DE 3""",UN,REPRESENTADO,29.9525032,29.9525032,29.9525032,29.9525032,29.9525032,29.9525032,29.9525032,29.9525032,29.9525032,29.9525032,29.9525032,29.9525032,29.9525032,29.9525032,29.9525032,29.9525032,29.9525032,29.9525032,29.9525032,29.9525032,29.9525032,29.9525032,29.9525032,29.9525032,29.9525032,29.9525032,29.9525032,SINAPI_familias_e_coeficientes_2025_06.xlsx,
764,1804,"CURVA 90 GRAUS DE FERRO GALVANIZADO, COM ROSCA BSP MACHO/FEMEA, DE 3/4""",UN,REPRESENTADO,2.1976893,2.1976893,2.1976893,2.1976893,2.1976893,2.1976893,2.1976893,2.1976893,2.1976893,2.1976893,2.1976893,2.1976893,2.1976893,2.1976893,2.1976893,2.1976893,2.1976893,2.1976893,2.1976893,2.1976893,2.1976893,2.1976893,2.1976893,2.1976893,2.1976893,2.1976893,2.1976893,SINAPI_familias_e_coeficientes_2025_06.xlsx,
764,1808,"CURVA 90 GRAUS DE FERRO GALVANIZADO, COM ROSCA BSP MACHO/FEMEA, DE 4""",UN,REPRESENTADO,60.0487805,60.0487805,60.0487805,60.0487805,60.0487805,60.0487805,60.0487805,60.0487805,60.0487805,60.0487805,60.0487805,60.0487805,60.0487805,60.0487805,60.0487805,60.0487805,60.0487805,60.0487805,60.0487805,60.0487805,60.0487805,60.0487805,60.0487805,60.0487805,60.0487805,60.0487805,60.0487805,SINAPI_familias_e_coeficientes_2025_06.xlsx,
764,3272,"FLANGE SEXTAVADO DE FERRO GALVANIZADO, COM ROSCA BSP, DE 1 1/2""",UN,REPRESENTADO,5.2849807,5.2849807,5.2849807,5.2849807,5.2849807,5.2849807,5.2849807,5.2849807,5.2849807,5.2849807,5.2849807,5.2849807,5.2849807,5.2849807,5.2849807,5.2849807,5.2849807,5.2849807,5.2849807,5.2849807,5.2849807,5.2849807,5.2849807,5.2849807,5.2849807,5.2849807,5.2849807,SINAPI_familias_e_coeficientes_2025_06.xlsx,
764,3265,"FLANGE SEXTAVADO DE FERRO GALVANIZADO, COM ROSCA BSP, DE 1 1/4""",UN,REPRESENTADO,4.198973,4.198973,4.198973,4.198973,4.198973,4.198973,4.198973,4.198973,4.198973,4.198973,4.198973,4.198973,4.198973,4.198973,4.198973,4.198973,4.198973,4.198973,4.198973,4.198973,4.198973,4.198973,4.198973,4.198973,4.198973,4.198973,4.198973,SINAPI_familias_e_coeficientes_2025_06.xlsx,
764,3264,"FLANGE SEXTAVADO DE FERRO GALVANIZADO, COM ROSCA BSP, DE 1""",UN,REPRESENTADO,3.0192555,3.0192555,3.0192555,3.0192555,3.0192555,3.0192555,3.0192555,3.0192555,3.0192555,3.0192555,3.0192555,3.0192555,3.0192555,3.0192555,3.0192555,3.0192555,3.0192555,3.0192555,3.0192555,3.0192555,3.0192555,3.0192555,3.0192555,3.0192555,3.0192555,3.0192555,3.0192555,SINAPI_familias_e_coeficientes_2025_06.xlsx,
764,3262,"FLANGE SEXTAVADO DE FERRO GALVANIZADO, COM ROSCA BSP, DE 1/2""",UN,REPRESENTADO,1.8382542,1.8382542,1.8382542,1.8382542,1.8382542,1.8382542,1.8382542,1.8382542,1.8382542,1.8382542,1.8382542,1.8382542,1.8382542,1.8382542,1.8382542,1.8382542,1.8382542,1.8382542,1.8382542,1.8382542,1.8382542,1.8382542,1.8382542,1.8382542,1.8382542,1.8382542,1.8382542,SINAPI_familias_e_coeficientes_2025_06.xlsx,
764,3267,"FLANGE SEXTAVADO DE FERRO GALVANIZADO, COM ROSCA BSP, DE 2 1/2""",UN,REPRESENTADO,9.860077,9.860077,9.860077,9.860077,9.860077,9.860077,9.860077,9.860077,9.860077,9.860077,9.860077,9.860077,9.860077,9.860077,9.860077,9.860077,9.860077,9.860077,9.860077,9.860077,9.860077,9.860077,9.860077,9.860077,9.860077,9.860077,9.860077,SINAPI_familias_e_coeficientes_2025_06.xlsx,
764,3266,"FLANGE SEXTAVADO DE FERRO GALVANIZADO, COM ROSCA BSP, DE 2""",UN,REPRESENTADO,6.2734275,6.2734275,6.2734275,6.2734275,6.2734275,6.2734275,6.2734275,6.2734275,6.2734275,6.2734275,6.2734275,6.2734275,6.2734275,6.2734275,6.2734275,6.2734275,6.2734275,6.2734275,6.2734275,6.2734275,6.2734275,6.2734275,6.2734275,6.2734275,6.2734275,6.2734275,6.2734275,SINAPI_familias_e_coeficientes_2025_06.xlsx,
764,3268,"FLANGE SEXTAVADO DE FERRO GALVANIZADO, COM ROSCA BSP, DE 3""",UN,REPRESENTADO,13.3311938,13.3311938,13.3311938,13.3311938,13.3311938,13.3311938,13.3311938,13.3311938,13.3311938,13.3311938,13.3311938,13.3311938,13.3311938,13.3311938,13.3311938,13.3311938,13.3311938,13.3311938,13.3311938,13.3311938,13.3311938,13.3311938,13.3311938,13.3311938,13.3311938,13.3311938,13.3311938,SINAPI_familias_e_coeficientes_2025_06.xlsx,
764,3263,"FLANGE SEXTAVADO DE FERRO GALVANIZADO, COM ROSCA BSP, DE 3/4""",UN,REPRESENTADO,2.5109114,2.5109114,2.5109114,2.5109114,2.5109114,2.5109114,2.5109114,2.5109114,2.5109114,2.5109114,2.5109114,2.5109114,2.5109114,2.5109114,2.5109114,2.5109114,2.5109114,2.5109114,2.5109114,2.5109114,2.5109114,2.5109114,2.5109114,2.5109114,2.5109114,2.5109114,2.5109114,SINAPI_familias_e_coeficientes_2025_06.xlsx,
764,3271,"FLANGE SEXTAVADO DE FERRO GALVANIZADO, COM ROSCA BSP, DE 4""",UN,REPRESENTADO,19.7086008,19.7086008,19.7086008,19.7086008,19.7086008,19.7086008,19.7086008,19.7086008,19.7086008,19.7086008,19.7086008,19.7086008,19.7086008,19.7086008,19.7086008,19.7086008,19.7086008,19.7086008,19.7086008,19.7086008,19.7086008,19.7086008,19.7086008,19.7086008,19.7086008,19.7086008,19.7086008,SINAPI_familias_e_coeficientes_2025_06.xlsx,
764,3270,"FLANGE SEXTAVADO DE FERRO GALVANIZADO, COM ROSCA BSP, DE 6""",UN,REPRESENTADO,33.1116816,33.1116816,33.1116816,33.1116816,33.1116816,33.1116816,33.1116816,33.1116816,33.1116816,33.1116816,33.1116816,33.1116816,33.1116816,33.1116816,33.1116816,33.1116816,33.1116816,33.1116816,33.1116816,33.1116816,33.1116816,33.1116816,33.1116816,33.1116816,33.1116816,33.1116816,33.1116816,SINAPI_familias_e_coeficientes_2025_06.xlsx,
764,12404,"LUVA DE FERRO GALVANIZADO, COM ROSCA BSP MACHO/FEMEA, DE 3/4""",UN,REPRESENTADO,1.1129653,1.1129653,1.1129653,1.1129653,1.1129653,1.1129653,1.1129653,1.1129653,1.1129653,1.1129653,1.1129653,1.1129653,1.1129653,1.1129653,1.1129653,1.1129653,1.1129653,1.1129653,1.1129653,1.1129653,1.1129653,1.1129653,1.1129653,1.1129653,1.1129653,1.1129653,1.1129653,SINAPI_familias_e_coeficientes_2025_06.xlsx,
764,3939,"LUVA DE FERRO GALVANIZADO, COM ROSCA BSP, DE 1 1/2""",UN,REPRESENTADO,2.2926829,2.2926829,2.2926829,2.2926829,2.2926829,2.2926829,2.2926829,2.2926829,2.2926829,2.2926829,2.2926829,2.2926829,2.2926829,2.2926829,2.2926829,2.2926829,2.2926829,2.2926829,2.2926829,2.2926829,2.2926829,2.2926829,2.2926829,2.2926829,2.2926829,2.2926829,2.2926829,SINAPI_familias_e_coeficientes_2025_06.xlsx,
764,3911,"LUVA DE FERRO GALVANIZADO, COM ROSCA BSP, DE 1 1/4""",UN,REPRESENTADO,1.872914,1.872914,1.872914,1.872914,1.872914,1.872914,1.872914,1.872914,1.872914,1.872914,1.872914,1.872914,1.872914,1.872914,1.872914,1.872914,1.872914,1.872914,1.872914,1.872914,1.872914,1.872914,1.872914,1.872914,1.872914,1.872914,1.872914,SINAPI_familias_e_coeficientes_2025_06.xlsx,
764,3910,"LUVA DE FERRO GALVANIZADO, COM ROSCA BSP, DE 1""",UN,REPRESENTADO,1.3401797,1.3401797,1.3401797,1.3401797,1.3401797,1.3401797,1.3401797,1.3401797,1.3401797,1.3401797,1.3401797,1.3401797,1.3401797,1.3401797,1.3401797,1.3401797,1.3401797,1.3401797,1.3401797,1.3401797,1.3401797,1.3401797,1.3401797,1.3401797,1.3401797,1.3401797,1.3401797,SINAPI_familias_e_coeficientes_2025_06.xlsx,
764,3908,"LUVA DE FERRO GALVANIZADO, COM ROSCA BSP, DE 1/2""",UN,REPRESENTADO,0.605905,0.605905,0.605905,0.605905,0.605905,0.605905,0.605905,0.605905,0.605905,0.605905,0.605905,0.605905,0.605905,0.605905,0.605905,0.605905,0.605905,0.605905,0.605905,0.605905,0.605905,0.605905,0.605905,0.605905,0.605905,0.605905,0.605905,SINAPI_familias_e_coeficientes_2025_06.xlsx,
764,3913,"LUVA DE FERRO GALVANIZADO, COM ROSCA BSP, DE 2 1/2""",UN,REPRESENTADO,6.4043646,6.4043646,6.4043646,6.4043646,6.4043646,6.4043646,6.4043646,6.4043646,6.4043646,6.4043646,6.4043646,6.4043646,6.4043646,6.4043646,6.4043646,6.4043646,6.4043646,6.4043646,6.4043646,6.4043646,6.4043646,6.4043646,6.4043646,6.4043646,6.4043646,6.4043646,6.4043646,SINAPI_familias_e_coeficientes_2025_06.xlsx,
764,3912,"LUVA DE FERRO GALVANIZADO, COM ROSCA BSP, DE 2""",UN,REPRESENTADO,3.5109114,3.5109114,3.5109114,3.5109114,3.5109114,3.5109114,3.5109114,3.5109114,3.5109114,3.5109114,3.5109114,3.5109114,3.5109114,3.5109114,3.5109114,3.5109114,3.5109114,3.5109114,3.5109114,3.5109114,3.5109114,3.5109114,3.5109114,3.5109114,3.5109114,3.5109114,3.5109114,SINAPI_familias_e_coeficientes_2025_06.xlsx,
764,3914,"LUVA DE FERRO GALVANIZADO, COM ROSCA BSP, DE 3""",UN,REPRESENTADO,9.661104,9.661104,9.661104,9.661104,9.661104,9.661104,9.661104,9.661104,9.661104,9.661104,9.661104,9.661104,9.661104,9.661104,9.661104,9.661104,9.661104,9.661104,9.661104,9.661104,9.661104,9.661104,9.661104,9.661104,9.661104,9.661104,9.661104,SINAPI_familias_e_coeficientes_2025_06.xlsx,
764,3909,"LUVA DE FERRO GALVANIZADO, COM ROSCA BSP, DE 3/4""",UN,REPRESENTADO,0.8241335,0.8241335,0.8241335,0.8241335,0.8241335,0.8241335,0.8241335,0.8241335,0.8241335,0.8241335,0.8241335,0.8241335,0.8241335,0.8241335,0.8241335,0.8241335,0.8241335,0.8241335,0.8241335,0.8241335,0.8241335,0.8241335,0.8241335,0.8241335,0.8241335,0.8241335,0.8241335,SINAPI_familias_e_coeficientes_2025_06.xlsx,
764,3915,"LUVA DE FERRO GALVANIZADO, COM ROSCA BSP, DE 4""",UN,REPRESENTADO,15.2349166,15.2349166,15.2349166,15.2349166,15.2349166,15.2349166,15.2349166,15.2349166,15.2349166,15.2349166,15.2349166,15.2349166,15.2349166,15.2349166,15.2349166,15.2349166,15.2349166,15.2349166,15.2349166,15.2349166,15.2349166,15.2349166,15.2349166,15.2349166,15.2349166,15.2349166,15.2349166,SINAPI_familias_e_coeficientes_2025_06.xlsx,
764,3916,"LUVA DE FERRO GALVANIZADO, COM ROSCA BSP, DE 5""",UN,REPRESENTADO,27.7548139,27.7548139,27.7548139,27.7548139,27.7548139,27.7548139,27.7548139,27.7548139,27.7548139,27.7548139,27.7548139,27.7548139,27.7548139,27.7548139,27.7548139,27.7548139,27.7548139,27.7548139,27.7548139,27.7548139,27.7548139,27.7548139,27.7548139,27.7548139,27.7548139,27.7548139,27.7548139,SINAPI_familias_e_coeficientes_2025_06.xlsx,
764,3917,"LUVA DE FERRO GALVANIZADO, COM ROSCA BSP, DE 6""",UN,REPRESENTADO,45.7779204,45.7779204,45.7779204,45.7779204,45.7779204,45.7779204,45.7779204,45.7779204,45.7779204,45.7779204,45.7779204,45.7779204,45.7779204,45.7779204,45.7779204,45.7779204,45.7779204,45.7779204,45.7779204,45.7779204,45.7779204,45.7779204,45.7779204,45.7779204,45.7779204,45.7779204,45.7779204,SINAPI_familias_e_coeficientes_2025_06.xlsx,
764,12407,"LUVA DE REDUCAO DE FERRO GALVANIZADO, COM ROSCA BSP MACHO/FEMEA, DE 1 1/2"" X 1""",UN,REPRESENTADO,3.465982,3.465982,3.465982,3.465982,3.465982,3.465982,3.465982,3.465982,3.465982,3.465982,3.465982,3.465982,3.465982,3.465982,3.465982,3.465982,3.465982,3.465982,3.465982,3.465982,3.465982,3.465982,3.465982,3.465982,3.465982,3.465982,3.465982,SINAPI_familias_e_coeficientes_2025_06.xlsx,
764,12408,"LUVA DE REDUCAO DE FERRO GALVANIZADO, COM ROSCA BSP MACHO/FEMEA, DE 1"" X 1/2""",UN,REPRESENTADO,1.9563543,1.9563543,1.9563543,1.9563543,1.9563543,1.9563543,1.9563543,1.9563543,1.9563543,1.9563543,1.9563543,1.9563543,1.9563543,1.9563543,1.9563543,1.9563543,1.9563543,1.9563543,1.9563543,1.9563543,1.9563543,1.9563543,1.9563543,1.9563543,1.9563543,1.9563543,1.9563543,SINAPI_familias_e_coeficientes_2025_06.xlsx,
764,12409,"LUVA DE REDUCAO DE FERRO GALVANIZADO, COM ROSCA BSP MACHO/FEMEA, DE 1"" X 3/4""",UN,REPRESENTADO,1.9563543,1.9563543,1.9563543,1.9563543,1.9563543,1.9563543,1.9563543,1.9563543,1.9563543,1.9563543,1.9563543,1.9563543,1.9563543,1.9563543,1.9563543,1.9563543,1.9563543,1.9563543,1.9563543,1.9563543,1.9563543,1.9563543,1.9563543,1.9563543,1.9563543,1.9563543,1.9563543,SINAPI_familias_e_coeficientes_2025_06.xlsx,
764,12410,"LUVA DE REDUCAO DE FERRO GALVANIZADO, COM ROSCA BSP MACHO/FEMEA, DE 3/4"" X 1/2""",UN,REPRESENTADO,1.3478819,1.3478819,1.3478819,1.3478819,1.3478819,1.3478819,1.3478819,1.3478819,1.3478819,1.3478819,1.3478819,1.3478819,1.3478819,1.3478819,1.3478819,1.3478819,1.3478819,1.3478819,1.3478819,1.3478819,1.3478819,1.3478819,1.3478819,1.3478819,1.3478819,1.3478819,1.3478819,SINAPI_familias_e_coeficientes_2025_06.xlsx,
764,3936,"LUVA DE REDUCAO DE FERRO GALVANIZADO, COM ROSCA BSP, DE 1 1/2"" X 1 1/4""",UN,REPRESENTADO,2.4351733,2.4351733,2.4351733,2.4351733,2.4351733,2.4351733,2.4351733,2.4351733,2.4351733,2.4351733,2.4351733,2.4351733,2.4351733,2.4351733,2.4351733,2.4351733,2.4351733,2.4351733,2.4351733,2.4351733,2.4351733,2.4351733,2.4351733,2.4351733,2.4351733,2.4351733,2.4351733,SINAPI_familias_e_coeficientes_2025_06.xlsx,
764,3924,"LUVA DE REDUCAO DE FERRO GALVANIZADO, COM ROSCA BSP, DE 1 1/2"" X 1""",UN,REPRESENTADO,2.4351733,2.4351733,2.4351733,2.4351733,2.4351733,2.4351733,2.4351733,2.4351733,2.4351733,2.4351733,2.4351733,2.4351733,2.4351733,2.4351733,2.4351733,2.4351733,2.4351733,2.4351733,2.4351733,2.4351733,2.4351733,2.4351733,2.4351733,2.4351733,2.4351733,2.4351733,2.4351733,SINAPI_familias_e_coeficientes_2025_06.xlsx,
764,3922,"LUVA DE REDUCAO DE FERRO GALVANIZADO, COM ROSCA BSP, DE 1 1/2"" X 1/2""",UN,REPRESENTADO,2.2400513,2.2400513,2.2400513,2.2400513,2.2400513,2.2400513,2.2400513,2.2400513,2.2400513,2.2400513,2.2400513,2.2400513,2.2400513,2.2400513,2.2400513,2.2400513,2.2400513,2.2400513,2.2400513,2.2400513,2.2400513,2.2400513,2.2400513,2.2400513,2.2400513,2.2400513,2.2400513,SINAPI_familias_e_coeficientes_2025_06.xlsx,
764,3923,"LUVA DE REDUCAO DE FERRO GALVANIZADO, COM ROSCA BSP, DE 1 1/2"" X 3/4""",UN,REPRESENTADO,2.4351733,2.4351733,2.4351733,2.4351733,2.4351733,2.4351733,2.4351733,2.4351733,2.4351733,2.4351733,2.4351733,2.4351733,2.4351733,2.4351733,2.4351733,2.4351733,2.4351733,2.4351733,2.4351733,2.4351733,2.4351733,2.4351733,2.4351733,2.4351733,2.4351733,2.4351733,2.4351733,SINAPI_familias_e_coeficientes_2025_06.xlsx,
764,3921,"LUVA DE REDUCAO DE FERRO GALVANIZADO, COM ROSCA BSP, DE 1 1/4"" X 1""",UN,REPRESENTADO,2.0102696,2.0102696,2.0102696,2.0102696,2.0102696,2.0102696,2.0102696,2.0102696,2.0102696,2.0102696,2.0102696,2.0102696,2.0102696,2.0102696,2.0102696,2.0102696,2.0102696,2.0102696,2.0102696,2.0102696,2.0102696,2.0102696,2.0102696,2.0102696,2.0102696,2.0102696,2.0102696,SINAPI_familias_e_coeficientes_2025_06.xlsx,
764,3937,"LUVA DE REDUCAO DE FERRO GALVANIZADO, COM ROSCA BSP, DE 1 1/4"" X 1/2""",UN,REPRESENTADO,2.0089859,2.0089859,2.0089859,2.0089859,2.0089859,2.0089859,2.0089859,2.0089859,2.0089859,2.0089859,2.0089859,2.0089859,2.0089859,2.0089859,2.0089859,2.0089859,2.0089859,2.0089859,2.0089859,2.0089859,2.0089859,2.0089859,2.0089859,2.0089859,2.0089859,2.0089859,2.0089859,SINAPI_familias_e_coeficientes_2025_06.xlsx,
764,3920,"LUVA DE REDUCAO DE FERRO GALVANIZADO, COM ROSCA BSP, DE 1 1/4"" X 3/4""",UN,REPRESENTADO,2.0089859,2.0089859,2.0089859,2.0089859,2.0089859,2.0089859,2.0089859,2.0089859,2.0089859,2.0089859,2.0089859,2.0089859,2.0089859,2.0089859,2.0089859,2.0089859,2.0089859,2.0089859,2.0089859,2.0089859,2.0089859,2.0089859,2.0089859,2.0089859,2.0089859,2.0089859,2.0089859,SINAPI_familias_e_coeficientes_2025_06.xlsx,
764,3938,"LUVA DE REDUCAO DE FERRO GALVANIZADO, COM ROSCA BSP, DE 1"" X 1/2""",UN,REPRESENTADO,1.3247754,1.3247754,1.3247754,1.3247754,1.3247754,1.3247754,1.3247754,1.3247754,1.3247754,1.3247754,1.3247754,1.3247754,1.3247754,1.3247754,1.3247754,1.3247754,1.3247754,1.3247754,1.3247754,1.3247754,1.3247754,1.3247754,1.3247754,1.3247754,1.3247754,1.3247754,1.3247754,SINAPI_familias_e_coeficientes_2025_06.xlsx,
764,3919,"LUVA DE REDUCAO DE FERRO GALVANIZADO, COM ROSCA BSP, DE 1"" X 3/4""",UN,REPRESENTADO,1.3504493,1.3504493,1.3504493,1.3504493,1.3504493,1.3504493,1.3504493,1.3504493,1.3504493,1.3504493,1.3504493,1.3504493,1.3504493,1.3504493,1.3504493,1.3504493,1.3504493,1.3504493,1.3504493,1.3504493,1.3504493,1.3504493,1.3504493,1.3504493,1.3504493,1.3504493,1.3504493,SINAPI_familias_e_coeficientes_2025_06.xlsx,
764,3927,"LUVA DE REDUCAO DE FERRO GALVANIZADO, COM ROSCA BSP, DE 2 1/2"" X 1 1/2""",UN,REPRESENTADO,6.8382542,6.8382542,6.8382542,6.8382542,6.8382542,6.8382542,6.8382542,6.8382542,6.8382542,6.8382542,6.8382542,6.8382542,6.8382542,6.8382542,6.8382542,6.8382542,6.8382542,6.8382542,6.8382542,6.8382542,6.8382542,6.8382542,6.8382542,6.8382542,6.8382542,6.8382542,6.8382542,SINAPI_familias_e_coeficientes_2025_06.xlsx,
764,3928,"LUVA DE REDUCAO DE FERRO GALVANIZADO, COM ROSCA BSP, DE 2 1/2"" X 2""",UN,REPRESENTADO,6.8382542,6.8382542,6.8382542,6.8382542,6.8382542,6.8382542,6.8382542,6.8382542,6.8382542,6.8382542,6.8382542,6.8382542,6.8382542,6.8382542,6.8382542,6.8382542,6.8382542,6.8382542,6.8382542,6.8382542,6.8382542,6.8382542,6.8382542,6.8382542,6.8382542,6.8382542,6.8382542,SINAPI_familias_e_coeficientes_2025_06.xlsx,
764,3926,"LUVA DE REDUCAO DE FERRO GALVANIZADO, COM ROSCA BSP, DE 2"" X 1 1/2""",UN,REPRESENTADO,3.8985879,3.8985879,3.8985879,3.8985879,3.8985879,3.8985879,3.8985879,3.8985879,3.8985879,3.8985879,3.8985879,3.8985879,3.8985879,3.8985879,3.8985879,3.8985879,3.8985879,3.8985879,3.8985879,3.8985879,3.8985879,3.8985879,3.8985879,3.8985879,3.8985879,3.8985879,3.8985879,SINAPI_familias_e_coeficientes_2025_06.xlsx,
764,3935,"LUVA DE REDUCAO DE FERRO GALVANIZADO, COM ROSCA BSP, DE 2"" X 1 1/4""",UN,REPRESENTADO,3.8985879,3.8985879,3.8985879,3.8985879,3.8985879,3.8985879,3.8985879,3.8985879,3.8985879,3.8985879,3.8985879,3.8985879,3.8985879,3.8985879,3.8985879,3.8985879,3.8985879,3.8985879,3.8985879,3.8985879,3.8985879,3.8985879,3.8985879,3.8985879,3.8985879,3.8985879,3.8985879,SINAPI_familias_e_coeficientes_2025_06.xlsx,
764,3925,"LUVA DE REDUCAO DE FERRO GALVANIZADO, COM ROSCA BSP, DE 2"" X 1""",UN,REPRESENTADO,3.8985879,3.8985879,3.8985879,3.8985879,3.8985879,3.8985879,3.8985879,3.8985879,3.8985879,3.8985879,3.8985879,3.8985879,3.8985879,3.8985879,3.8985879,3.8985879,3.8985879,3.8985879,3.8985879,3.8985879,3.8985879,3.8985879,3.8985879,3.8985879,3.8985879,3.8985879,3.8985879,SINAPI_familias_e_coeficientes_2025_06.xlsx,
764,3929,"LUVA DE REDUCAO DE FERRO GALVANIZADO, COM ROSCA BSP, DE 3"" X 1 1/2""",UN,REPRESENTADO,10.4184852,10.4184852,10.4184852,10.4184852,10.4184852,10.4184852,10.4184852,10.4184852,10.4184852,10.4184852,10.4184852,10.4184852,10.4184852,10.4184852,10.4184852,10.4184852,10.4184852,10.4184852,10.4184852,10.4184852,10.4184852,10.4184852,10.4184852,10.4184852,10.4184852,10.4184852,10.4184852,SINAPI_familias_e_coeficientes_2025_06.xlsx,
764,3931,"LUVA DE REDUCAO DE FERRO GALVANIZADO, COM ROSCA BSP, DE 3"" X 2 1/2""",UN,REPRESENTADO,10.4184852,10.4184852,10.4184852,10.4184852,10.4184852,10.4184852,10.4184852,10.4184852,10.4184852,10.4184852,10.4184852,10.4184852,10.4184852,10.4184852,10.4184852,10.4184852,10.4184852,10.4184852,10.4184852,10.4184852,10.4184852,10.4184852,10.4184852,10.4184852,10.4184852,10.4184852,10.4184852,SINAPI_familias_e_coeficientes_2025_06.xlsx,
764,3930,"LUVA DE REDUCAO DE FERRO GALVANIZADO, COM ROSCA BSP, DE 3"" X 2""",UN,REPRESENTADO,10.4184852,10.4184852,10.4184852,10.4184852,10.4184852,10.4184852,10.4184852,10.4184852,10.4184852,10.4184852,10.4184852,10.4184852,10.4184852,10.4184852,10.4184852,10.4184852,10.4184852,10.4184852,10.4184852,10.4184852,10.4184852,10.4184852,10.4184852,10.4184852,10.4184852,10.4184852,10.4184852,SINAPI_familias_e_coeficientes_2025_06.xlsx,
764,12406,"LUVA DE REDUCAO DE FERRO GALVANIZADO, COM ROSCA BSP, DE 3/4"" X 1/2""",UN,REPRESENTADO,0.957638,0.957638,0.957638,0.957638,0.957638,0.957638,0.957638,0.957638,0.957638,0.957638,0.957638,0.957638,0.957638,0.957638,0.957638,0.957638,0.957638,0.957638,0.957638,0.957638,0.957638,0.957638,0.957638,0.957638,0.957638,0.957638,0.957638,SINAPI_familias_e_coeficientes_2025_06.xlsx,
764,3932,"LUVA DE REDUCAO DE FERRO GALVANIZADO, COM ROSCA BSP, DE 4"" X 2 1/2""",UN,REPRESENTADO,17.9897304,17.9897304,17.9897304,17.9897304,17.9897304,17.9897304,17.9897304,17.9897304,17.9897304,17.9897304,17.9897304,17.9897304,17.9897304,17.9897304,17.9897304,17.9897304,17.9897304,17.9897304,17.9897304,17.9897304,17.9897304,17.9897304,17.9897304,17.9897304,17.9897304,17.9897304,17.9897304,SINAPI_familias_e_coeficientes_2025_06.xlsx,
764,3933,"LUVA DE REDUCAO DE FERRO GALVANIZADO, COM ROSCA BSP, DE 4"" X 2""",UN,REPRESENTADO,17.9897304,17.9897304,17.9897304,17.9897304,17.9897304,17.9897304,17.9897304,17.9897304,17.9897304,17.9897304,17.9897304,17.9897304,17.9897304,17.9897304,17.9897304,17.9897304,17.9897304,17.9897304,17.9897304,17.9897304,17.9897304,17.9897304,17.9897304,17.9897304,17.9897304,17.9897304,17.9897304,SINAPI_familias_e_coeficientes_2025_06.xlsx,
764,3934,"LUVA DE REDUCAO DE FERRO GALVANIZADO, COM ROSCA BSP, DE 4"" X 3""",UN,REPRESENTADO,17.9897304,17.9897304,17.9897304,17.9897304,17.9897304,17.9897304,17.9897304,17.9897304,17.9897304,17.9897304,17.9897304,17.9897304,17.9897304,17.9897304,17.9897304,17.9897304,17.9897304,17.9897304,17.9897304,17.9897304,17.9897304,17.9897304,17.9897304,17.9897304,17.9897304,17.9897304,17.9897304,SINAPI_familias_e_coeficientes_2025_06.xlsx,
764,4209,"NIPLE DE FERRO GALVANIZADO, COM ROSCA BSP, DE 1 1/2""",UN,REPRESENTADO,2.2593068,2.2593068,2.2593068,2.2593068,2.2593068,2.2593068,2.2593068,2.2593068,2.2593068,2.2593068,2.2593068,2.2593068,2.2593068,2.2593068,2.2593068,2.2593068,2.2593068,2.2593068,2.2593068,2.2593068,2.2593068,2.2593068,2.2593068,2.2593068,2.2593068,2.2593068,2.2593068,SINAPI_familias_e_coeficientes_2025_06.xlsx,
764,4180,"NIPLE DE FERRO GALVANIZADO, COM ROSCA BSP, DE 1 1/4""",UN,REPRESENTADO,1.7008986,1.7008986,1.7008986,1.7008986,1.7008986,1.7008986,1.7008986,1.7008986,1.7008986,1.7008986,1.7008986,1.7008986,1.7008986,1.7008986,1.7008986,1.7008986,1.7008986,1.7008986,1.7008986,1.7008986,1.7008986,1.7008986,1.7008986,1.7008986,1.7008986,1.7008986,1.7008986,SINAPI_familias_e_coeficientes_2025_06.xlsx,
764,4179,"NIPLE DE FERRO GALVANIZADO, COM ROSCA BSP, DE 1""",UN,REPRESENTADO,1.1553273,1.1553273,1.1553273,1.1553273,1.1553273,1.1553273,1.1553273,1.1553273,1.1553273,1.1553273,1.1553273,1.1553273,1.1553273,1.1553273,1.1553273,1.1553273,1.1553273,1.1553273,1.1553273,1.1553273,1.1553273,1.1553273,1.1553273,1.1553273,1.1553273,1.1553273,1.1553273,SINAPI_familias_e_coeficientes_2025_06.xlsx,
764,4177,"NIPLE DE FERRO GALVANIZADO, COM ROSCA BSP, DE 1/2""",UN,REPRESENTADO,0.5648267,0.5648267,0.5648267,0.5648267,0.5648267,0.5648267,0.5648267,0.5648267,0.5648267,0.5648267,0.5648267,0.5648267,0.5648267,0.5648267,0.5648267,0.5648267,0.5648267,0.5648267,0.5648267,0.5648267,0.5648267,0.5648267,0.5648267,0.5648267,0.5648267,0.5648267,0.5648267,SINAPI_familias_e_coeficientes_2025_06.xlsx,
764,4208,"NIPLE DE FERRO GALVANIZADO, COM ROSCA BSP, DE 2 1/2""",UN,REPRESENTADO,5.3774069,5.3774069,5.3774069,5.3774069,5.3774069,5.3774069,5.3774069,5.3774069,5.3774069,5.3774069,5.3774069,5.3774069,5.3774069,5.3774069,5.3774069,5.3774069,5.3774069,5.3774069,5.3774069,5.3774069,5.3774069,5.3774069,5.3774069,5.3774069,5.3774069,5.3774069,5.3774069,SINAPI_familias_e_coeficientes_2025_06.xlsx,
764,4181,"NIPLE DE FERRO GALVANIZADO, COM ROSCA BSP, DE 2""",UN,REPRESENTADO,3.5134788,3.5134788,3.5134788,3.5134788,3.5134788,3.5134788,3.5134788,3.5134788,3.5134788,3.5134788,3.5134788,3.5134788,3.5134788,3.5134788,3.5134788,3.5134788,3.5134788,3.5134788,3.5134788,3.5134788,3.5134788,3.5134788,3.5134788,3.5134788,3.5134788,3.5134788,3.5134788,SINAPI_familias_e_coeficientes_2025_06.xlsx,
764,4182,"NIPLE DE FERRO GALVANIZADO, COM ROSCA BSP, DE 3""",UN,REPRESENTADO,8.7471117,8.7471117,8.7471117,8.7471117,8.7471117,8.7471117,8.7471117,8.7471117,8.7471117,8.7471117,8.7471117,8.7471117,8.7471117,8.7471117,8.7471117,8.7471117,8.7471117,8.7471117,8.7471117,8.7471117,8.7471117,8.7471117,8.7471117,8.7471117,8.7471117,8.7471117,8.7471117,SINAPI_familias_e_coeficientes_2025_06.xlsx,
764,4178,"NIPLE DE FERRO GALVANIZADO, COM ROSCA BSP, DE 3/4""",UN,REPRESENTADO,0.7830552,0.7830552,0.7830552,0.7830552,0.7830552,0.7830552,0.7830552,0.7830552,0.7830552,0.7830552,0.7830552,0.7830552,0.7830552,0.7830552,0.7830552,0.7830552,0.7830552,0.7830552,0.7830552,0.7830552,0.7830552,0.7830552,0.7830552,0.7830552,0.7830552,0.7830552,0.7830552,SINAPI_familias_e_coeficientes_2025_06.xlsx,
764,4183,"NIPLE DE FERRO GALVANIZADO, COM ROSCA BSP, DE 4""",UN,REPRESENTADO,14.0821566,14.0821566,14.0821566,14.0821566,14.0821566,14.0821566,14.0821566,14.0821566,14.0821566,14.0821566,14.0821566,14.0821566,14.0821566,14.0821566,14.0821566,14.0821566,14.0821566,14.0821566,14.0821566,14.0821566,14.0821566,14.0821566,14.0821566,14.0821566,14.0821566,14.0821566,14.0821566,SINAPI_familias_e_coeficientes_2025_06.xlsx,
764,4184,"NIPLE DE FERRO GALVANIZADO, COM ROSCA BSP, DE 5""",UN,REPRESENTADO,31.084724,31.084724,31.084724,31.084724,31.084724,31.084724,31.084724,31.084724,31.084724,31.084724,31.084724,31.084724,31.084724,31.084724,31.084724,31.084724,31.084724,31.084724,31.084724,31.084724,31.084724,31.084724,31.084724,31.084724,31.084724,31.084724,31.084724,SINAPI_familias_e_coeficientes_2025_06.xlsx,
764,4185,"NIPLE DE FERRO GALVANIZADO, COM ROSCA BSP, DE 6""",UN,REPRESENTADO,51.648267,51.648267,51.648267,51.648267,51.648267,51.648267,51.648267,51.648267,51.648267,51.648267,51.648267,51.648267,51.648267,51.648267,51.648267,51.648267,51.648267,51.648267,51.648267,51.648267,51.648267,51.648267,51.648267,51.648267,51.648267,51.648267,51.648267,SINAPI_familias_e_coeficientes_2025_06.xlsx,
764,4205,"NIPLE DE REDUCAO DE FERRO GALVANIZADO, COM ROSCA BSP, DE 1 1/2"" X 1 1/4""",UN,REPRESENTADO,2.9833119,2.9833119,2.9833119,2.9833119,2.9833119,2.9833119,2.9833119,2.9833119,2.9833119,2.9833119,2.9833119,2.9833119,2.9833119,2.9833119,2.9833119,2.9833119,2.9833119,2.9833119,2.9833119,2.9833119,2.9833119,2.9833119,2.9833119,2.9833119,2.9833119,2.9833119,2.9833119,SINAPI_familias_e_coeficientes_2025_06.xlsx,
764,4192,"NIPLE DE REDUCAO DE FERRO GALVANIZADO, COM ROSCA BSP, DE 1 1/2"" X 1""",UN,REPRESENTADO,2.9833119,2.9833119,2.9833119,2.9833119,2.9833119,2.9833119,2.9833119,2.9833119,2.9833119,2.9833119,2.9833119,2.9833119,2.9833119,2.9833119,2.9833119,2.9833119,2.9833119,2.9833119,2.9833119,2.9833119,2.9833119,2.9833119,2.9833119,2.9833119,2.9833119,2.9833119,2.9833119,SINAPI_familias_e_coeficientes_2025_06.xlsx,
764,4191,"NIPLE DE REDUCAO DE FERRO GALVANIZADO, COM ROSCA BSP, DE 1 1/2"" X 3/4""",UN,REPRESENTADO,2.9833119,2.9833119,2.9833119,2.9833119,2.9833119,2.9833119,2.9833119,2.9833119,2.9833119,2.9833119,2.9833119,2.9833119,2.9833119,2.9833119,2.9833119,2.9833119,2.9833119,2.9833119,2.9833119,2.9833119,2.9833119,2.9833119,2.9833119,2.9833119,2.9833119,2.9833119,2.9833119,SINAPI_familias_e_coeficientes_2025_06.xlsx,
764,4206,"NIPLE DE REDUCAO DE FERRO GALVANIZADO, COM ROSCA BSP, DE 1 1/4"" X 1""",UN,REPRESENTADO,2.3311938,2.3311938,2.3311938,2.3311938,2.3311938,2.3311938,2.3311938,2.3311938,2.3311938,2.3311938,2.3311938,2.3311938,2.3311938,2.3311938,2.3311938,2.3311938,2.3311938,2.3311938,2.3311938,2.3311938,2.3311938,2.3311938,2.3311938,2.3311938,2.3311938,2.3311938,2.3311938,SINAPI_familias_e_coeficientes_2025_06.xlsx,
764,4207,"NIPLE DE REDUCAO DE FERRO GALVANIZADO, COM ROSCA BSP, DE 1 1/4"" X 1/2""",UN,REPRESENTADO,2.4005135,2.4005135,2.4005135,2.4005135,2.4005135,2.4005135,2.4005135,2.4005135,2.4005135,2.4005135,2.4005135,2.4005135,2.4005135,2.4005135,2.4005135,2.4005135,2.4005135,2.4005135,2.4005135,2.4005135,2.4005135,2.4005135,2.4005135,2.4005135,2.4005135,2.4005135,2.4005135,SINAPI_familias_e_coeficientes_2025_06.xlsx,
764,4190,"NIPLE DE REDUCAO DE FERRO GALVANIZADO, COM ROSCA BSP, DE 1 1/4"" X 3/4""",UN,REPRESENTADO,2.3311938,2.3311938,2.3311938,2.3311938,2.3311938,2.3311938,2.3311938,2.3311938,2.3311938,2.3311938,2.3311938,2.3311938,2.3311938,2.3311938,2.3311938,2.3311938,2.3311938,2.3311938,2.3311938,2.3311938,2.3311938,2.3311938,2.3311938,2.3311938,2.3311938,2.3311938,2.3311938,SINAPI_familias_e_coeficientes_2025_06.xlsx,
764,4188,"NIPLE DE REDUCAO DE FERRO GALVANIZADO, COM ROSCA BSP, DE 1"" X 1/2""",UN,REPRESENTADO,1.406932,1.406932,1.406932,1.406932,1.406932,1.406932,1.406932,1.406932,1.406932,1.406932,1.406932,1.406932,1.406932,1.406932,1.406932,1.406932,1.406932,1.406932,1.406932,1.406932,1.406932,1.406932,1.406932,1.406932,1.406932,1.406932,1.406932,SINAPI_familias_e_coeficientes_2025_06.xlsx,
764,4189,"NIPLE DE REDUCAO DE FERRO GALVANIZADO, COM ROSCA BSP, DE 1"" X 3/4""",UN,REPRESENTADO,1.406932,1.406932,1.406932,1.406932,1.406932,1.406932,1.406932,1.406932,1.406932,1.406932,1.406932,1.406932,1.406932,1.406932,1.406932,1.406932,1.406932,1.406932,1.406932,1.406932,1.406932,1.406932,1.406932,1.406932,1.406932,1.406932,1.406932,SINAPI_familias_e_coeficientes_2025_06.xlsx,
764,4186,"NIPLE DE REDUCAO DE FERRO GALVANIZADO, COM ROSCA BSP, DE 1/2"" X 1/4""",UN,REPRESENTADO,0.6893453,0.6893453,0.6893453,0.6893453,0.6893453,0.6893453,0.6893453,0.6893453,0.6893453,0.6893453,0.6893453,0.6893453,0.6893453,0.6893453,0.6893453,0.6893453,0.6893453,0.6893453,0.6893453,0.6893453,0.6893453,0.6893453,0.6893453,0.6893453,0.6893453,0.6893453,0.6893453,SINAPI_familias_e_coeficientes_2025_06.xlsx,
764,4197,"NIPLE DE REDUCAO DE FERRO GALVANIZADO, COM ROSCA BSP, DE 2 1/2"" X 2""",UN,REPRESENTADO,7.4480103,7.4480103,7.4480103,7.4480103,7.4480103,7.4480103,7.4480103,7.4480103,7.4480103,7.4480103,7.4480103,7.4480103,7.4480103,7.4480103,7.4480103,7.4480103,7.4480103,7.4480103,7.4480103,7.4480103,7.4480103,7.4480103,7.4480103,7.4480103,7.4480103,7.4480103,7.4480103,SINAPI_familias_e_coeficientes_2025_06.xlsx,
764,4194,"NIPLE DE REDUCAO DE FERRO GALVANIZADO, COM ROSCA BSP, DE 2"" X 1 1/2""",UN,REPRESENTADO,4.5006418,4.5006418,4.5006418,4.5006418,4.5006418,4.5006418,4.5006418,4.5006418,4.5006418,4.5006418,4.5006418,4.5006418,4.5006418,4.5006418,4.5006418,4.5006418,4.5006418,4.5006418,4.5006418,4.5006418,4.5006418,4.5006418,4.5006418,4.5006418,4.5006418,4.5006418,4.5006418,SINAPI_familias_e_coeficientes_2025_06.xlsx,
764,4193,"NIPLE DE REDUCAO DE FERRO GALVANIZADO, COM ROSCA BSP, DE 2"" X 1 1/4""",UN,REPRESENTADO,4.5006418,4.5006418,4.5006418,4.5006418,4.5006418,4.5006418,4.5006418,4.5006418,4.5006418,4.5006418,4.5006418,4.5006418,4.5006418,4.5006418,4.5006418,4.5006418,4.5006418,4.5006418,4.5006418,4.5006418,4.5006418,4.5006418,4.5006418,4.5006418,4.5006418,4.5006418,4.5006418,SINAPI_familias_e_coeficientes_2025_06.xlsx,
764,4204,"NIPLE DE REDUCAO DE FERRO GALVANIZADO, COM ROSCA BSP, DE 2"" X 1""",UN,REPRESENTADO,4.5006418,4.5006418,4.5006418,4.5006418,4.5006418,4.5006418,4.5006418,4.5006418,4.5006418,4.5006418,4.5006418,4.5006418,4.5006418,4.5006418,4.5006418,4.5006418,4.5006418,4.5006418,4.5006418,4.5006418,4.5006418,4.5006418,4.5006418,4.5006418,4.5006418,4.5006418,4.5006418,SINAPI_familias_e_coeficientes_2025_06.xlsx,
764,4202,"NIPLE DE REDUCAO DE FERRO GALVANIZADO, COM ROSCA BSP, DE 3"" X 2 1/2""",UN,REPRESENTADO,13.6020539,13.6020539,13.6020539,13.6020539,13.6020539,13.6020539,13.6020539,13.6020539,13.6020539,13.6020539,13.6020539,13.6020539,13.6020539,13.6020539,13.6020539,13.6020539,13.6020539,13.6020539,13.6020539,13.6020539,13.6020539,13.6020539,13.6020539,13.6020539,13.6020539,13.6020539,13.6020539,SINAPI_familias_e_coeficientes_2025_06.xlsx,
764,4203,"NIPLE DE REDUCAO DE FERRO GALVANIZADO, COM ROSCA BSP, DE 3"" X 2""",UN,REPRESENTADO,12.012837,12.012837,12.012837,12.012837,12.012837,12.012837,12.012837,12.012837,12.012837,12.012837,12.012837,12.012837,12.012837,12.012837,12.012837,12.012837,12.012837,12.012837,12.012837,12.012837,12.012837,12.012837,12.012837,12.012837,12.012837,12.012837,12.012837,SINAPI_familias_e_coeficientes_2025_06.xlsx,
764,4187,"NIPLE DE REDUCAO DE FERRO GALVANIZADO, COM ROSCA BSP, DE 3/4"" X 1/2""",UN,REPRESENTADO,0.8973042,0.8973042,0.8973042,0.8973042,0.8973042,0.8973042,0.8973042,0.8973042,0.8973042,0.8973042,0.8973042,0.8973042,0.8973042,0.8973042,0.8973042,0.8973042,0.8973042,0.8973042,0.8973042,0.8973042,0.8973042,0.8973042,0.8973042,0.8973042,0.8973042,0.8973042,0.8973042,SINAPI_familias_e_coeficientes_2025_06.xlsx,
764,4893,"PLUG OU BUJAO DE FERRO GALVANIZADO, DE 1 1/2""",UN,REPRESENTADO,1.4094994,1.4094994,1.4094994,1.4094994,1.4094994,1.4094994,1.4094994,1.4094994,1.4094994,1.4094994,1.4094994,1.4094994,1.4094994,1.4094994,1.4094994,1.4094994,1.4094994,1.4094994,1.4094994,1.4094994,1.4094994,1.4094994,1.4094994,1.4094994,1.4094994,1.4094994,1.4094994,SINAPI_familias_e_coeficientes_2025_06.xlsx,
764,4894,"PLUG OU BUJAO DE FERRO GALVANIZADO, DE 1 1/4""",UN,REPRESENTADO,1.2092426,1.2092426,1.2092426,1.2092426,1.2092426,1.2092426,1.2092426,1.2092426,1.2092426,1.2092426,1.2092426,1.2092426,1.2092426,1.2092426,1.2092426,1.2092426,1.2092426,1.2092426,1.2092426,1.2092426,1.2092426,1.2092426,1.2092426,1.2092426,1.2092426,1.2092426,1.2092426,SINAPI_familias_e_coeficientes_2025_06.xlsx,
764,4890,"PLUG OU BUJAO DE FERRO GALVANIZADO, DE 1""",UN,REPRESENTADO,0.7740693,0.7740693,0.7740693,0.7740693,0.7740693,0.7740693,0.7740693,0.7740693,0.7740693,0.7740693,0.7740693,0.7740693,0.7740693,0.7740693,0.7740693,0.7740693,0.7740693,0.7740693,0.7740693,0.7740693,0.7740693,0.7740693,0.7740693,0.7740693,0.7740693,0.7740693,0.7740693,SINAPI_familias_e_coeficientes_2025_06.xlsx,
764,4888,"PLUG OU BUJAO DE FERRO GALVANIZADO, DE 1/2""",UN,REPRESENTADO,0.4120668,0.4120668,0.4120668,0.4120668,0.4120668,0.4120668,0.4120668,0.4120668,0.4120668,0.4120668,0.4120668,0.4120668,0.4120668,0.4120668,0.4120668,0.4120668,0.4120668,0.4120668,0.4120668,0.4120668,0.4120668,0.4120668,0.4120668,0.4120668,0.4120668,0.4120668,0.4120668,SINAPI_familias_e_coeficientes_2025_06.xlsx,
764,12411,"PLUG OU BUJAO DE FERRO GALVANIZADO, DE 2 1/2""",UN,REPRESENTADO,4.1668806,4.1668806,4.1668806,4.1668806,4.1668806,4.1668806,4.1668806,4.1668806,4.1668806,4.1668806,4.1668806,4.1668806,4.1668806,4.1668806,4.1668806,4.1668806,4.1668806,4.1668806,4.1668806,4.1668806,4.1668806,4.1668806,4.1668806,4.1668806,4.1668806,4.1668806,4.1668806,SINAPI_familias_e_coeficientes_2025_06.xlsx,
764,4891,"PLUG OU BUJAO DE FERRO GALVANIZADO, DE 2""",UN,REPRESENTADO,2.0834403,2.0834403,2.0834403,2.0834403,2.0834403,2.0834403,2.0834403,2.0834403,2.0834403,2.0834403,2.0834403,2.0834403,2.0834403,2.0834403,2.0834403,2.0834403,2.0834403,2.0834403,2.0834403,2.0834403,2.0834403,2.0834403,2.0834403,2.0834403,2.0834403,2.0834403,2.0834403,SINAPI_familias_e_coeficientes_2025_06.xlsx,
764,4892,"PLUG OU BUJAO DE FERRO GALVANIZADO, DE 3""",UN,REPRESENTADO,5.8344031,5.8344031,5.8344031,5.8344031,5.8344031,5.8344031,5.8344031,5.8344031,5.8344031,5.8344031,5.8344031,5.8344031,5.8344031,5.8344031,5.8344031,5.8344031,5.8344031,5.8344031,5.8344031,5.8344031,5.8344031,5.8344031,5.8344031,5.8344031,5.8344031,5.8344031,5.8344031,SINAPI_familias_e_coeficientes_2025_06.xlsx,
764,4889,"PLUG OU BUJAO DE FERRO GALVANIZADO, DE 3/4""",UN,REPRESENTADO,0.5571245,0.5571245,0.5571245,0.5571245,0.5571245,0.5571245,0.5571245,0.5571245,0.5571245,0.5571245,0.5571245,0.5571245,0.5571245,0.5571245,0.5571245,0.5571245,0.5571245,0.5571245,0.5571245,0.5571245,0.5571245,0.5571245,0.5571245,0.5571245,0.5571245,0.5571245,0.5571245,SINAPI_familias_e_coeficientes_2025_06.xlsx,
764,12412,"PLUG OU BUJAO DE FERRO GALVANIZADO, DE 4""",UN,REPRESENTADO,10.843389,10.843389,10.843389,10.843389,10.843389,10.843389,10.843389,10.843389,10.843389,10.843389,10.843389,10.843389,10.843389,10.843389,10.843389,10.843389,10.843389,10.843389,10.843389,10.843389,10.843389,10.843389,10.843389,10.843389,10.843389,10.843389,10.843389,SINAPI_familias_e_coeficientes_2025_06.xlsx,
764,3593,"TE 45 GRAUS DE FERRO GALVANIZADO, COM ROSCA BSP, DE 1 1/2""",UN,REPRESENTADO,9.084724,9.084724,9.084724,9.084724,9.084724,9.084724,9.084724,9.084724,9.084724,9.084724,9.084724,9.084724,9.084724,9.084724,9.084724,9.084724,9.084724,9.084724,9.084724,9.084724,9.084724,9.084724,9.084724,9.084724,9.084724,9.084724,9.084724,SINAPI_familias_e_coeficientes_2025_06.xlsx,
764,3588,"TE 45 GRAUS DE FERRO GALVANIZADO, COM ROSCA BSP, DE 1 1/4""",UN,REPRESENTADO,7.0025674,7.0025674,7.0025674,7.0025674,7.0025674,7.0025674,7.0025674,7.0025674,7.0025674,7.0025674,7.0025674,7.0025674,7.0025674,7.0025674,7.0025674,7.0025674,7.0025674,7.0025674,7.0025674,7.0025674,7.0025674,7.0025674,7.0025674,7.0025674,7.0025674,7.0025674,7.0025674,SINAPI_familias_e_coeficientes_2025_06.xlsx,
764,3587,"TE 45 GRAUS DE FERRO GALVANIZADO, COM ROSCA BSP, DE 1""",UN,REPRESENTADO,4.3453145,4.3453145,4.3453145,4.3453145,4.3453145,4.3453145,4.3453145,4.3453145,4.3453145,4.3453145,4.3453145,4.3453145,4.3453145,4.3453145,4.3453145,4.3453145,4.3453145,4.3453145,4.3453145,4.3453145,4.3453145,4.3453145,4.3453145,4.3453145,4.3453145,4.3453145,4.3453145,SINAPI_familias_e_coeficientes_2025_06.xlsx,
764,3585,"TE 45 GRAUS DE FERRO GALVANIZADO, COM ROSCA BSP, DE 1/2""",UN,REPRESENTADO,2.1630295,2.1630295,2.1630295,2.1630295,2.1630295,2.1630295,2.1630295,2.1630295,2.1630295,2.1630295,2.1630295,2.1630295,2.1630295,2.1630295,2.1630295,2.1630295,2.1630295,2.1630295,2.1630295,2.1630295,2.1630295,2.1630295,2.1630295,2.1630295,2.1630295,2.1630295,2.1630295,SINAPI_familias_e_coeficientes_2025_06.xlsx,
764,3590,"TE 45 GRAUS DE FERRO GALVANIZADO, COM ROSCA BSP, DE 2 1/2""",UN,REPRESENTADO,25.7933248,25.7933248,25.7933248,25.7933248,25.7933248,25.7933248,25.7933248,25.7933248,25.7933248,25.7933248,25.7933248,25.7933248,25.7933248,25.7933248,25.7933248,25.7933248,25.7933248,25.7933248,25.7933248,25.7933248,25.7933248,25.7933248,25.7933248,25.7933248,25.7933248,25.7933248,25.7933248,SINAPI_familias_e_coeficientes_2025_06.xlsx,
764,3589,"TE 45 GRAUS DE FERRO GALVANIZADO, COM ROSCA BSP, DE 2""",UN,REPRESENTADO,13.8446727,13.8446727,13.8446727,13.8446727,13.8446727,13.8446727,13.8446727,13.8446727,13.8446727,13.8446727,13.8446727,13.8446727,13.8446727,13.8446727,13.8446727,13.8446727,13.8446727,13.8446727,13.8446727,13.8446727,13.8446727,13.8446727,13.8446727,13.8446727,13.8446727,13.8446727,13.8446727,SINAPI_familias_e_coeficientes_2025_06.xlsx,
764,3592,"TE 45 GRAUS DE FERRO GALVANIZADO, COM ROSCA BSP, DE 3""",UN,REPRESENTADO,40.7715019,40.7715019,40.7715019,40.7715019,40.7715019,40.7715019,40.7715019,40.7715019,40.7715019,40.7715019,40.7715019,40.7715019,40.7715019,40.7715019,40.7715019,40.7715019,40.7715019,40.7715019,40.7715019,40.7715019,40.7715019,40.7715019,40.7715019,40.7715019,40.7715019,40.7715019,40.7715019,SINAPI_familias_e_coeficientes_2025_06.xlsx,
764,3586,"TE 45 GRAUS DE FERRO GALVANIZADO, COM ROSCA BSP, DE 3/4""",UN,REPRESENTADO,2.8331194,2.8331194,2.8331194,2.8331194,2.8331194,2.8331194,2.8331194,2.8331194,2.8331194,2.8331194,2.8331194,2.8331194,2.8331194,2.8331194,2.8331194,2.8331194,2.8331194,2.8331194,2.8331194,2.8331194,2.8331194,2.8331194,2.8331194,2.8331194,2.8331194,2.8331194,2.8331194,SINAPI_familias_e_coeficientes_2025_06.xlsx,
764,3591,"TE 45 GRAUS DE FERRO GALVANIZADO, COM ROSCA BSP, DE 4""",UN,REPRESENTADO,65.3581515,65.3581515,65.3581515,65.3581515,65.3581515,65.3581515,65.3581515,65.3581515,65.3581515,65.3581515,65.3581515,65.3581515,65.3581515,65.3581515,65.3581515,65.3581515,65.3581515,65.3581515,65.3581515,65.3581515,65.3581515,65.3581515,65.3581515,65.3581515,65.3581515,65.3581515,65.3581515,SINAPI_familias_e_coeficientes_2025_06.xlsx,
764,6297,"TE DE FERRO GALVANIZADO, DE 1 1/2""",UN,REPRESENTADO,4.1861361,4.1861361,4.1861361,4.1861361,4.1861361,4.1861361,4.1861361,4.1861361,4.1861361,4.1861361,4.1861361,4.1861361,4.1861361,4.1861361,4.1861361,4.1861361,4.1861361,4.1861361,4.1861361,4.1861361,4.1861361,4.1861361,4.1861361,4.1861361,4.1861361,4.1861361,4.1861361,SINAPI_familias_e_coeficientes_2025_06.xlsx,
764,6296,"TE DE FERRO GALVANIZADO, DE 1 1/4""",UN,REPRESENTADO,3.3042362,3.3042362,3.3042362,3.3042362,3.3042362,3.3042362,3.3042362,3.3042362,3.3042362,3.3042362,3.3042362,3.3042362,3.3042362,3.3042362,3.3042362,3.3042362,3.3042362,3.3042362,3.3042362,3.3042362,3.3042362,3.3042362,3.3042362,3.3042362,3.3042362,3.3042362,3.3042362,SINAPI_familias_e_coeficientes_2025_06.xlsx,
764,6323,"TE DE FERRO GALVANIZADO, DE 1""",UN,REPRESENTADO,2.1591784,2.1591784,2.1591784,2.1591784,2.1591784,2.1591784,2.1591784,2.1591784,2.1591784,2.1591784,2.1591784,2.1591784,2.1591784,2.1591784,2.1591784,2.1591784,2.1591784,2.1591784,2.1591784,2.1591784,2.1591784,2.1591784,2.1591784,2.1591784,2.1591784,2.1591784,2.1591784,SINAPI_familias_e_coeficientes_2025_06.xlsx,
764,6294,"TE DE FERRO GALVANIZADO, DE 1/2""",UN,REPRESENTADO,0.9422336,0.9422336,0.9422336,0.9422336,0.9422336,0.9422336,0.9422336,0.9422336,0.9422336,0.9422336,0.9422336,0.9422336,0.9422336,0.9422336,0.9422336,0.9422336,0.9422336,0.9422336,0.9422336,0.9422336,0.9422336,0.9422336,0.9422336,0.9422336,0.9422336,0.9422336,0.9422336,SINAPI_familias_e_coeficientes_2025_06.xlsx,
764,6299,"TE DE FERRO GALVANIZADO, DE 2 1/2""",UN,REPRESENTADO,12.5892169,12.5892169,12.5892169,12.5892169,12.5892169,12.5892169,12.5892169,12.5892169,12.5892169,12.5892169,12.5892169,12.5892169,12.5892169,12.5892169,12.5892169,12.5892169,12.5892169,12.5892169,12.5892169,12.5892169,12.5892169,12.5892169,12.5892169,12.5892169,12.5892169,12.5892169,12.5892169,SINAPI_familias_e_coeficientes_2025_06.xlsx,
764,6298,"TE DE FERRO GALVANIZADO, DE 2""",UN,REPRESENTADO,6.6302953,6.6302953,6.6302953,6.6302953,6.6302953,6.6302953,6.6302953,6.6302953,6.6302953,6.6302953,6.6302953,6.6302953,6.6302953,6.6302953,6.6302953,6.6302953,6.6302953,6.6302953,6.6302953,6.6302953,6.6302953,6.6302953,6.6302953,6.6302953,6.6302953,6.6302953,6.6302953,SINAPI_familias_e_coeficientes_2025_06.xlsx,
764,6322,"TE DE FERRO GALVANIZADO, DE 3""",UN,REPRESENTADO,16.8613607,16.8613607,16.8613607,16.8613607,16.8613607,16.8613607,16.8613607,16.8613607,16.8613607,16.8613607,16.8613607,16.8613607,16.8613607,16.8613607,16.8613607,16.8613607,16.8613607,16.8613607,16.8613607,16.8613607,16.8613607,16.8613607,16.8613607,16.8613607,16.8613607,16.8613607,16.8613607,SINAPI_familias_e_coeficientes_2025_06.xlsx,
764,6295,"TE DE FERRO GALVANIZADO, DE 3/4""",UN,REPRESENTADO,1.3414634,1.3414634,1.3414634,1.3414634,1.3414634,1.3414634,1.3414634,1.3414634,1.3414634,1.3414634,1.3414634,1.3414634,1.3414634,1.3414634,1.3414634,1.3414634,1.3414634,1.3414634,1.3414634,1.3414634,1.3414634,1.3414634,1.3414634,1.3414634,1.3414634,1.3414634,1.3414634,SINAPI_familias_e_coeficientes_2025_06.xlsx,
764,6300,"TE DE FERRO GALVANIZADO, DE 4""",UN,REPRESENTADO,31.0860077,31.0860077,31.0860077,31.0860077,31.0860077,31.0860077,31.0860077,31.0860077,31.0860077,31.0860077,31.0860077,31.0860077,31.0860077,31.0860077,31.0860077,31.0860077,31.0860077,31.0860077,31.0860077,31.0860077,31.0860077,31.0860077,31.0860077,31.0860077,31.0860077,31.0860077,31.0860077,SINAPI_familias_e_coeficientes_2025_06.xlsx,
764,6321,"TE DE FERRO GALVANIZADO, DE 5""",UN,REPRESENTADO,44.4043646,44.4043646,44.4043646,44.4043646,44.4043646,44.4043646,44.4043646,44.4043646,44.4043646,44.4043646,44.4043646,44.4043646,44.4043646,44.4043646,44.4043646,44.4043646,44.4043646,44.4043646,44.4043646,44.4043646,44.4043646,44.4043646,44.4043646,44.4043646,44.4043646,44.4043646,44.4043646,SINAPI_familias_e_coeficientes_2025_06.xlsx,
764,6301,"TE DE FERRO GALVANIZADO, DE 6""",UN,REPRESENTADO,104.0783055,104.0783055,104.0783055,104.0783055,104.0783055,104.0783055,104.0783055,104.0783055,104.0783055,104.0783055,104.0783055,104.0783055,104.0783055,104.0783055,104.0783055,104.0783055,104.0783055,104.0783055,104.0783055,104.0783055,104.0783055,104.0783055,104.0783055,104.0783055,104.0783055,104.0783055,104.0783055,SINAPI_familias_e_coeficientes_2025_06.xlsx,
764,6319,"TE DE REDUCAO DE FERRO GALVANIZADO, COM ROSCA BSP, DE 1 1/2"" X 1""",UN,REPRESENTADO,4.9178434,4.9178434,4.9178434,4.9178434,4.9178434,4.9178434,4.9178434,4.9178434,4.9178434,4.9178434,4.9178434,4.9178434,4.9178434,4.9178434,4.9178434,4.9178434,4.9178434,4.9178434,4.9178434,4.9178434,4.9178434,4.9178434,4.9178434,4.9178434,4.9178434,4.9178434,4.9178434,SINAPI_familias_e_coeficientes_2025_06.xlsx,
764,6304,"TE DE REDUCAO DE FERRO GALVANIZADO, COM ROSCA BSP, DE 1 1/2"" X 3/4""",UN,REPRESENTADO,4.9178434,4.9178434,4.9178434,4.9178434,4.9178434,4.9178434,4.9178434,4.9178434,4.9178434,4.9178434,4.9178434,4.9178434,4.9178434,4.9178434,4.9178434,4.9178434,4.9178434,4.9178434,4.9178434,4.9178434,4.9178434,4.9178434,4.9178434,4.9178434,4.9178434,4.9178434,4.9178434,SINAPI_familias_e_coeficientes_2025_06.xlsx,
764,21116,"TE DE REDUCAO DE FERRO GALVANIZADO, COM ROSCA BSP, DE 1 1/4"" X 3/4""",UN,REPRESENTADO,3.7240051,3.7240051,3.7240051,3.7240051,3.7240051,3.7240051,3.7240051,3.7240051,3.7240051,3.7240051,3.7240051,3.7240051,3.7240051,3.7240051,3.7240051,3.7240051,3.7240051,3.7240051,3.7240051,3.7240051,3.7240051,3.7240051,3.7240051,3.7240051,3.7240051,3.7240051,3.7240051,SINAPI_familias_e_coeficientes_2025_06.xlsx,
764,6320,"TE DE REDUCAO DE FERRO GALVANIZADO, COM ROSCA BSP, DE 1"" X 1/2""",UN,REPRESENTADO,2.5327343,2.5327343,2.5327343,2.5327343,2.5327343,2.5327343,2.5327343,2.5327343,2.5327343,2.5327343,2.5327343,2.5327343,2.5327343,2.5327343,2.5327343,2.5327343,2.5327343,2.5327343,2.5327343,2.5327343,2.5327343,2.5327343,2.5327343,2.5327343,2.5327343,2.5327343,2.5327343,SINAPI_familias_e_coeficientes_2025_06.xlsx,
764,6303,"TE DE REDUCAO DE FERRO GALVANIZADO, COM ROSCA BSP, DE 1"" X 3/4""",UN,REPRESENTADO,2.5327343,2.5327343,2.5327343,2.5327343,2.5327343,2.5327343,2.5327343,2.5327343,2.5327343,2.5327343,2.5327343,2.5327343,2.5327343,2.5327343,2.5327343,2.5327343,2.5327343,2.5327343,2.5327343,2.5327343,2.5327343,2.5327343,2.5327343,2.5327343,2.5327343,2.5327343,2.5327343,SINAPI_familias_e_coeficientes_2025_06.xlsx,
764,6308,"TE DE REDUCAO DE FERRO GALVANIZADO, COM ROSCA BSP, DE 2 1/2"" X 1 1/2""",UN,REPRESENTADO,13.6071887,13.6071887,13.6071887,13.6071887,13.6071887,13.6071887,13.6071887,13.6071887,13.6071887,13.6071887,13.6071887,13.6071887,13.6071887,13.6071887,13.6071887,13.6071887,13.6071887,13.6071887,13.6071887,13.6071887,13.6071887,13.6071887,13.6071887,13.6071887,13.6071887,13.6071887,13.6071887,SINAPI_familias_e_coeficientes_2025_06.xlsx,
764,6317,"TE DE REDUCAO DE FERRO GALVANIZADO, COM ROSCA BSP, DE 2 1/2"" X 1 1/4""",UN,REPRESENTADO,13.6071887,13.6071887,13.6071887,13.6071887,13.6071887,13.6071887,13.6071887,13.6071887,13.6071887,13.6071887,13.6071887,13.6071887,13.6071887,13.6071887,13.6071887,13.6071887,13.6071887,13.6071887,13.6071887,13.6071887,13.6071887,13.6071887,13.6071887,13.6071887,13.6071887,13.6071887,13.6071887,SINAPI_familias_e_coeficientes_2025_06.xlsx,
764,6307,"TE DE REDUCAO DE FERRO GALVANIZADO, COM ROSCA BSP, DE 2 1/2"" X 1""",UN,REPRESENTADO,13.6071887,13.6071887,13.6071887,13.6071887,13.6071887,13.6071887,13.6071887,13.6071887,13.6071887,13.6071887,13.6071887,13.6071887,13.6071887,13.6071887,13.6071887,13.6071887,13.6071887,13.6071887,13.6071887,13.6071887,13.6071887,13.6071887,13.6071887,13.6071887,13.6071887,13.6071887,13.6071887,SINAPI_familias_e_coeficientes_2025_06.xlsx,
764,6309,"TE DE REDUCAO DE FERRO GALVANIZADO, COM ROSCA BSP, DE 2 1/2"" X 2""",UN,REPRESENTADO,14.0025674,14.0025674,14.0025674,14.0025674,14.0025674,14.0025674,14.0025674,14.0025674,14.0025674,14.0025674,14.0025674,14.0025674,14.0025674,14.0025674,14.0025674,14.0025674,14.0025674,14.0025674,14.0025674,14.0025674,14.0025674,14.0025674,14.0025674,14.0025674,14.0025674,14.0025674,14.0025674,SINAPI_familias_e_coeficientes_2025_06.xlsx,
764,6318,"TE DE REDUCAO DE FERRO GALVANIZADO, COM ROSCA BSP, DE 2"" X 1 1/2""",UN,REPRESENTADO,7.3401797,7.3401797,7.3401797,7.3401797,7.3401797,7.3401797,7.3401797,7.3401797,7.3401797,7.3401797,7.3401797,7.3401797,7.3401797,7.3401797,7.3401797,7.3401797,7.3401797,7.3401797,7.3401797,7.3401797,7.3401797,7.3401797,7.3401797,7.3401797,7.3401797,7.3401797,7.3401797,SINAPI_familias_e_coeficientes_2025_06.xlsx,
764,6306,"TE DE REDUCAO DE FERRO GALVANIZADO, COM ROSCA BSP, DE 2"" X 1 1/4""",UN,REPRESENTADO,7.3401797,7.3401797,7.3401797,7.3401797,7.3401797,7.3401797,7.3401797,7.3401797,7.3401797,7.3401797,7.3401797,7.3401797,7.3401797,7.3401797,7.3401797,7.3401797,7.3401797,7.3401797,7.3401797,7.3401797,7.3401797,7.3401797,7.3401797,7.3401797,7.3401797,7.3401797,7.3401797,SINAPI_familias_e_coeficientes_2025_06.xlsx,
764,6305,"TE DE REDUCAO DE FERRO GALVANIZADO, COM ROSCA BSP, DE 2"" X 1""",UN,REPRESENTADO,7.3401797,7.3401797,7.3401797,7.3401797,7.3401797,7.3401797,7.3401797,7.3401797,7.3401797,7.3401797,7.3401797,7.3401797,7.3401797,7.3401797,7.3401797,7.3401797,7.3401797,7.3401797,7.3401797,7.3401797,7.3401797,7.3401797,7.3401797,7.3401797,7.3401797,7.3401797,7.3401797,SINAPI_familias_e_coeficientes_2025_06.xlsx,
764,6312,"TE DE REDUCAO DE FERRO GALVANIZADO, COM ROSCA BSP, DE 3"" X 1 1/2""",UN,REPRESENTADO,19.5725289,19.5725289,19.5725289,19.5725289,19.5725289,19.5725289,19.5725289,19.5725289,19.5725289,19.5725289,19.5725289,19.5725289,19.5725289,19.5725289,19.5725289,19.5725289,19.5725289,19.5725289,19.5725289,19.5725289,19.5725289,19.5725289,19.5725289,19.5725289,19.5725289,19.5725289,19.5725289,SINAPI_familias_e_coeficientes_2025_06.xlsx,
764,6311,"TE DE REDUCAO DE FERRO GALVANIZADO, COM ROSCA BSP, DE 3"" X 1 1/4""",UN,REPRESENTADO,19.5725289,19.5725289,19.5725289,19.5725289,19.5725289,19.5725289,19.5725289,19.5725289,19.5725289,19.5725289,19.5725289,19.5725289,19.5725289,19.5725289,19.5725289,19.5725289,19.5725289,19.5725289,19.5725289,19.5725289,19.5725289,19.5725289,19.5725289,19.5725289,19.5725289,19.5725289,19.5725289,SINAPI_familias_e_coeficientes_2025_06.xlsx,
764,6310,"TE DE REDUCAO DE FERRO GALVANIZADO, COM ROSCA BSP, DE 3"" X 1""",UN,REPRESENTADO,19.5725289,19.5725289,19.5725289,19.5725289,19.5725289,19.5725289,19.5725289,19.5725289,19.5725289,19.5725289,19.5725289,19.5725289,19.5725289,19.5725289,19.5725289,19.5725289,19.5725289,19.5725289,19.5725289,19.5725289,19.5725289,19.5725289,19.5725289,19.5725289,19.5725289,19.5725289,19.5725289,SINAPI_familias_e_coeficientes_2025_06.xlsx,
764,6314,"TE DE REDUCAO DE FERRO GALVANIZADO, COM ROSCA BSP, DE 3"" X 2 1/2""",UN,REPRESENTADO,19.5725289,19.5725289,19.5725289,19.5725289,19.5725289,19.5725289,19.5725289,19.5725289,19.5725289,19.5725289,19.5725289,19.5725289,19.5725289,19.5725289,19.5725289,19.5725289,19.5725289,19.5725289,19.5725289,19.5725289,19.5725289,19.5725289,19.5725289,19.5725289,19.5725289,19.5725289,19.5725289,SINAPI_familias_e_coeficientes_2025_06.xlsx,
764,6313,"TE DE REDUCAO DE FERRO GALVANIZADO, COM ROSCA BSP, DE 3"" X 2""",UN,REPRESENTADO,19.5725289,19.5725289,19.5725289,19.5725289,19.5725289,19.5725289,19.5725289,19.5725289,19.5725289,19.5725289,19.5725289,19.5725289,19.5725289,19.5725289,19.5725289,19.5725289,19.5725289,19.5725289,19.5725289,19.5725289,19.5725289,19.5725289,19.5725289,19.5725289,19.5725289,19.5725289,19.5725289,SINAPI_familias_e_coeficientes_2025_06.xlsx,
764,6302,"TE DE REDUCAO DE FERRO GALVANIZADO, COM ROSCA BSP, DE 3/4"" X 1/2""",UN,REPRESENTADO,1.5571245,1.5571245,1.5571245,1.5571245,1.5571245,1.5571245,1.5571245,1.5571245,1.5571245,1.5571245,1.5571245,1.5571245,1.5571245,1.5571245,1.5571245,1.5571245,1.5571245,1.5571245,1.5571245,1.5571245,1.5571245,1.5571245,1.5571245,1.5571245,1.5571245,1.5571245,1.5571245,SINAPI_familias_e_coeficientes_2025_06.xlsx,
764,6315,"TE DE REDUCAO DE FERRO GALVANIZADO, COM ROSCA BSP, DE 4"" X 2""",UN,REPRESENTADO,37.0590501,37.0590501,37.0590501,37.0590501,37.0590501,37.0590501,37.0590501,37.0590501,37.0590501,37.0590501,37.0590501,37.0590501,37.0590501,37.0590501,37.0590501,37.0590501,37.0590501,37.0590501,37.0590501,37.0590501,37.0590501,37.0590501,37.0590501,37.0590501,37.0590501,37.0590501,37.0590501,SINAPI_familias_e_coeficientes_2025_06.xlsx,
764,6316,"TE DE REDUCAO DE FERRO GALVANIZADO, COM ROSCA BSP, DE 4"" X 3""",UN,REPRESENTADO,37.0590501,37.0590501,37.0590501,37.0590501,37.0590501,37.0590501,37.0590501,37.0590501,37.0590501,37.0590501,37.0590501,37.0590501,37.0590501,37.0590501,37.0590501,37.0590501,37.0590501,37.0590501,37.0590501,37.0590501,37.0590501,37.0590501,37.0590501,37.0590501,37.0590501,37.0590501,37.0590501,SINAPI_familias_e_coeficientes_2025_06.xlsx,
764,12425,"UNIAO COM ASSENTO CONICO DE BRONZE, DIAMETRO 1""",UN,REPRESENTADO,6.2362003,6.2362003,6.2362003,6.2362003,6.2362003,6.2362003,6.2362003,6.2362003,6.2362003,6.2362003,6.2362003,6.2362003,6.2362003,6.2362003,6.2362003,6.2362003,6.2362003,6.2362003,6.2362003,6.2362003,6.2362003,6.2362003,6.2362003,6.2362003,6.2362003,6.2362003,6.2362003,SINAPI_familias_e_coeficientes_2025_06.xlsx,
764,12426,"UNIAO COM ASSENTO CONICO DE BRONZE, DIAMETRO 1/2""",UN,REPRESENTADO,4.5391528,4.5391528,4.5391528,4.5391528,4.5391528,4.5391528,4.5391528,4.5391528,4.5391528,4.5391528,4.5391528,4.5391528,4.5391528,4.5391528,4.5391528,4.5391528,4.5391528,4.5391528,4.5391528,4.5391528,4.5391528,4.5391528,4.5391528,4.5391528,4.5391528,4.5391528,4.5391528,SINAPI_familias_e_coeficientes_2025_06.xlsx,
764,12427,"UNIAO COM ASSENTO CONICO DE BRONZE, DIAMETRO 2 1/2""",UN,REPRESENTADO,25.8831836,25.8831836,25.8831836,25.8831836,25.8831836,25.8831836,25.8831836,25.8831836,25.8831836,25.8831836,25.8831836,25.8831836,25.8831836,25.8831836,25.8831836,25.8831836,25.8831836,25.8831836,25.8831836,25.8831836,25.8831836,25.8831836,25.8831836,25.8831836,25.8831836,25.8831836,25.8831836,SINAPI_familias_e_coeficientes_2025_06.xlsx,
764,12428,"UNIAO COM ASSENTO CONICO DE BRONZE, DIAMETRO 2""",UN,REPRESENTADO,16.6136072,16.6136072,16.6136072,16.6136072,16.6136072,16.6136072,16.6136072,16.6136072,16.6136072,16.6136072,16.6136072,16.6136072,16.6136072,16.6136072,16.6136072,16.6136072,16.6136072,16.6136072,16.6136072,16.6136072,16.6136072,16.6136072,16.6136072,16.6136072,16.6136072,16.6136072,16.6136072,SINAPI_familias_e_coeficientes_2025_06.xlsx,
764,12429,"UNIAO COM ASSENTO CONICO DE BRONZE, DIAMETRO 3""",UN,REPRESENTADO,41.8536585,41.8536585,41.8536585,41.8536585,41.8536585,41.8536585,41.8536585,41.8536585,41.8536585,41.8536585,41.8536585,41.8536585,41.8536585,41.8536585,41.8536585,41.8536585,41.8536585,41.8536585,41.8536585,41.8536585,41.8536585,41.8536585,41.8536585,41.8536585,41.8536585,41.8536585,41.8536585,SINAPI_familias_e_coeficientes_2025_06.xlsx,
764,12430,"UNIAO COM ASSENTO CONICO DE BRONZE, DIAMETRO 3/4""",UN,REPRESENTADO,5.5648267,5.5648267,5.5648267,5.5648267,5.5648267,5.5648267,5.5648267,5.5648267,5.5648267,5.5648267,5.5648267,5.5648267,5.5648267,5.5648267,5.5648267,5.5648267,5.5648267,5.5648267,5.5648267,5.5648267,5.5648267,5.5648267,5.5648267,5.5648267,5.5648267,5.5648267,5.5648267,SINAPI_familias_e_coeficientes_2025_06.xlsx,
764,12431,"UNIAO COM ASSENTO CONICO DE BRONZE, DIAMETRO 4""",UN,REPRESENTADO,71.2272144,71.2272144,71.2272144,71.2272144,71.2272144,71.2272144,71.2272144,71.2272144,71.2272144,71.2272144,71.2272144,71.2272144,71.2272144,71.2272144,71.2272144,71.2272144,71.2272144,71.2272144,71.2272144,71.2272144,71.2272144,71.2272144,71.2272144,71.2272144,71.2272144,71.2272144,71.2272144,SINAPI_familias_e_coeficientes_2025_06.xlsx,
764,12432,"UNIAO COM ASSENTO CONICO DE FERRO LONGO (MACHO-FEMEA), DIAMETRO 1 1/2""",UN,REPRESENTADO,14.6495507,14.6495507,14.6495507,14.6495507,14.6495507,14.6495507,14.6495507,14.6495507,14.6495507,14.6495507,14.6495507,14.6495507,14.6495507,14.6495507,14.6495507,14.6495507,14.6495507,14.6495507,14.6495507,14.6495507,14.6495507,14.6495507,14.6495507,14.6495507,14.6495507,14.6495507,14.6495507,SINAPI_familias_e_coeficientes_2025_06.xlsx,
764,12433,"UNIAO COM ASSENTO CONICO DE FERRO LONGO (MACHO-FEMEA), DIAMETRO 1""",UN,REPRESENTADO,9.3260591,9.3260591,9.3260591,9.3260591,9.3260591,9.3260591,9.3260591,9.3260591,9.3260591,9.3260591,9.3260591,9.3260591,9.3260591,9.3260591,9.3260591,9.3260591,9.3260591,9.3260591,9.3260591,9.3260591,9.3260591,9.3260591,9.3260591,9.3260591,9.3260591,9.3260591,9.3260591,SINAPI_familias_e_coeficientes_2025_06.xlsx,
764,12434,"UNIAO COM ASSENTO CONICO DE FERRO LONGO (MACHO-FEMEA), DIAMETRO 1/2""",UN,REPRESENTADO,4.7740693,4.7740693,4.7740693,4.7740693,4.7740693,4.7740693,4.7740693,4.7740693,4.7740693,4.7740693,4.7740693,4.7740693,4.7740693,4.7740693,4.7740693,4.7740693,4.7740693,4.7740693,4.7740693,4.7740693,4.7740693,4.7740693,4.7740693,4.7740693,4.7740693,4.7740693,4.7740693,SINAPI_familias_e_coeficientes_2025_06.xlsx,
764,12435,"UNIAO COM ASSENTO CONICO DE FERRO LONGO (MACHO-FEMEA), DIAMETRO 2 1/2""",UN,REPRESENTADO,28.8613607,28.8613607,28.8613607,28.8613607,28.8613607,28.8613607,28.8613607,28.8613607,28.8613607,28.8613607,28.8613607,28.8613607,28.8613607,28.8613607,28.8613607,28.8613607,28.8613607,28.8613607,28.8613607,28.8613607,28.8613607,28.8613607,28.8613607,28.8613607,28.8613607,28.8613607,28.8613607,SINAPI_familias_e_coeficientes_2025_06.xlsx,
764,12437,"UNIAO COM ASSENTO CONICO DE FERRO LONGO (MACHO-FEMEA), DIAMETRO 2""",UN,REPRESENTADO,23.309371,23.309371,23.309371,23.309371,23.309371,23.309371,23.309371,23.309371,23.309371,23.309371,23.309371,23.309371,23.309371,23.309371,23.309371,23.309371,23.309371,23.309371,23.309371,23.309371,23.309371,23.309371,23.309371,23.309371,23.309371,23.309371,23.309371,SINAPI_familias_e_coeficientes_2025_06.xlsx,
764,12438,"UNIAO COM ASSENTO CONICO DE FERRO LONGO (MACHO-FEMEA), DIAMETRO 3""",UN,REPRESENTADO,42.182285,42.182285,42.182285,42.182285,42.182285,42.182285,42.182285,42.182285,42.182285,42.182285,42.182285,42.182285,42.182285,42.182285,42.182285,42.182285,42.182285,42.182285,42.182285,42.182285,42.182285,42.182285,42.182285,42.182285,42.182285,42.182285,42.182285,SINAPI_familias_e_coeficientes_2025_06.xlsx,
764,12439,"UNIAO COM ASSENTO CONICO DE FERRO LONGO (MACHO-FEMEA), DIAMETRO 3/4""",UN,REPRESENTADO,7.4813864,7.4813864,7.4813864,7.4813864,7.4813864,7.4813864,7.4813864,7.4813864,7.4813864,7.4813864,7.4813864,7.4813864,7.4813864,7.4813864,7.4813864,7.4813864,7.4813864,7.4813864,7.4813864,7.4813864,7.4813864,7.4813864,7.4813864,7.4813864,7.4813864,7.4813864,7.4813864,SINAPI_familias_e_coeficientes_2025_06.xlsx,
764,12436,"UNIAO COM ASSENTO CONICO DE FERRO LONGO (MACHO-FEMEA), DIAMETRO 4""",UN,REPRESENTADO,53.2849807,53.2849807,53.2849807,53.2849807,53.2849807,53.2849807,53.2849807,53.2849807,53.2849807,53.2849807,53.2849807,53.2849807,53.2849807,53.2849807,53.2849807,53.2849807,53.2849807,53.2849807,53.2849807,53.2849807,53.2849807,53.2849807,53.2849807,53.2849807,53.2849807,53.2849807,53.2849807,SINAPI_familias_e_coeficientes_2025_06.xlsx,
764,12424,"UNIAO DE FERRO GALVANIZADO, COM ASSENTO CONICO DE BRONZE, DE 1 1/2""",UN,REPRESENTADO,9.6020539,9.6020539,9.6020539,9.6020539,9.6020539,9.6020539,9.6020539,9.6020539,9.6020539,9.6020539,9.6020539,9.6020539,9.6020539,9.6020539,9.6020539,9.6020539,9.6020539,9.6020539,9.6020539,9.6020539,9.6020539,9.6020539,9.6020539,9.6020539,9.6020539,9.6020539,9.6020539,SINAPI_familias_e_coeficientes_2025_06.xlsx,
764,12440,"UNIAO DE FERRO GALVANIZADO, COM ASSENTO CONICO DE BRONZE, DE 1 1/4""",UN,REPRESENTADO,9.2811297,9.2811297,9.2811297,9.2811297,9.2811297,9.2811297,9.2811297,9.2811297,9.2811297,9.2811297,9.2811297,9.2811297,9.2811297,9.2811297,9.2811297,9.2811297,9.2811297,9.2811297,9.2811297,9.2811297,9.2811297,9.2811297,9.2811297,9.2811297,9.2811297,9.2811297,9.2811297,SINAPI_familias_e_coeficientes_2025_06.xlsx,
764,9884,"UNIAO DE FERRO GALVANIZADO, COM ROSCA BSP, COM ASSENTO PLANO, DE 1 1/2""",UN,REPRESENTADO,6.9229782,6.9229782,6.9229782,6.9229782,6.9229782,6.9229782,6.9229782,6.9229782,6.9229782,6.9229782,6.9229782,6.9229782,6.9229782,6.9229782,6.9229782,6.9229782,6.9229782,6.9229782,6.9229782,6.9229782,6.9229782,6.9229782,6.9229782,6.9229782,6.9229782,6.9229782,6.9229782,SINAPI_familias_e_coeficientes_2025_06.xlsx,
764,9888,"UNIAO DE FERRO GALVANIZADO, COM ROSCA BSP, COM ASSENTO PLANO, DE 1 1/4""",UN,REPRESENTADO,5.5622593,5.5622593,5.5622593,5.5622593,5.5622593,5.5622593,5.5622593,5.5622593,5.5622593,5.5622593,5.5622593,5.5622593,5.5622593,5.5622593,5.5622593,5.5622593,5.5622593,5.5622593,5.5622593,5.5622593,5.5622593,5.5622593,5.5622593,5.5622593,5.5622593,5.5622593,5.5622593,SINAPI_familias_e_coeficientes_2025_06.xlsx,
764,9886,"UNIAO DE FERRO GALVANIZADO, COM ROSCA BSP, COM ASSENTO PLANO, DE 1""",UN,REPRESENTADO,3.3247754,3.3247754,3.3247754,3.3247754,3.3247754,3.3247754,3.3247754,3.3247754,3.3247754,3.3247754,3.3247754,3.3247754,3.3247754,3.3247754,3.3247754,3.3247754,3.3247754,3.3247754,3.3247754,3.3247754,3.3247754,3.3247754,3.3247754,3.3247754,3.3247754,3.3247754,3.3247754,SINAPI_familias_e_coeficientes_2025_06.xlsx,
764,9883,"UNIAO DE FERRO GALVANIZADO, COM ROSCA BSP, COM ASSENTO PLANO, DE 1/2""",UN,REPRESENTADO,2.4274711,2.4274711,2.4274711,2.4274711,2.4274711,2.4274711,2.4274711,2.4274711,2.4274711,2.4274711,2.4274711,2.4274711,2.4274711,2.4274711,2.4274711,2.4274711,2.4274711,2.4274711,2.4274711,2.4274711,2.4274711,2.4274711,2.4274711,2.4274711,2.4274711,2.4274711,2.4274711,SINAPI_familias_e_coeficientes_2025_06.xlsx,
764,9889,"UNIAO DE FERRO GALVANIZADO, COM ROSCA BSP, COM ASSENTO PLANO, DE 2 1/2""",UN,REPRESENTADO,16.8421053,16.8421053,16.8421053,16.8421053,16.8421053,16.8421053,16.8421053,16.8421053,16.8421053,16.8421053,16.8421053,16.8421053,16.8421053,16.8421053,16.8421053,16.8421053,16.8421053,16.8421053,16.8421053,16.8421053,16.8421053,16.8421053,16.8421053,16.8421053,16.8421053,16.8421053,16.8421053,SINAPI_familias_e_coeficientes_2025_06.xlsx,
764,9887,"UNIAO DE FERRO GALVANIZADO, COM ROSCA BSP, COM ASSENTO PLANO, DE 2""",UN,REPRESENTADO,10.1797176,10.1797176,10.1797176,10.1797176,10.1797176,10.1797176,10.1797176,10.1797176,10.1797176,10.1797176,10.1797176,10.1797176,10.1797176,10.1797176,10.1797176,10.1797176,10.1797176,10.1797176,10.1797176,10.1797176,10.1797176,10.1797176,10.1797176,10.1797176,10.1797176,10.1797176,10.1797176,SINAPI_familias_e_coeficientes_2025_06.xlsx,
764,9890,"UNIAO DE FERRO GALVANIZADO, COM ROSCA BSP, COM ASSENTO PLANO, DE 3""",UN,REPRESENTADO,26.0924262,26.0924262,26.0924262,26.0924262,26.0924262,26.0924262,26.0924262,26.0924262,26.0924262,26.0924262,26.0924262,26.0924262,26.0924262,26.0924262,26.0924262,26.0924262,26.0924262,26.0924262,26.0924262,26.0924262,26.0924262,26.0924262,26.0924262,26.0924262,26.0924262,26.0924262,26.0924262,SINAPI_familias_e_coeficientes_2025_06.xlsx,
764,9885,"UNIAO DE FERRO GALVANIZADO, COM ROSCA BSP, COM ASSENTO PLANO, DE 3/4""",UN,REPRESENTADO,3.2143774,3.2143774,3.2143774,3.2143774,3.2143774,3.2143774,3.2143774,3.2143774,3.2143774,3.2143774,3.2143774,3.2143774,3.2143774,3.2143774,3.2143774,3.2143774,3.2143774,3.2143774,3.2143774,3.2143774,3.2143774,3.2143774,3.2143774,3.2143774,3.2143774,3.2143774,3.2143774,SINAPI_familias_e_coeficientes_2025_06.xlsx,
764,9891,"UNIAO DE FERRO GALVANIZADO, COM ROSCA BSP, COM ASSENTO PLANO, DE 4""",UN,REPRESENTADO,36.6290116,36.6290116,36.6290116,36.6290116,36.6290116,36.6290116,36.6290116,36.6290116,36.6290116,36.6290116,36.6290116,36.6290116,36.6290116,36.6290116,36.6290116,36.6290116,36.6290116,36.6290116,36.6290116,36.6290116,36.6290116,36.6290116,36.6290116,36.6290116,36.6290116,36.6290116,36.6290116,SINAPI_familias_e_coeficientes_2025_06.xlsx,
981,981,"CABO DE COBRE, FLEXIVEL, CLASSE 4 OU 5, ISOLACAO EM PVC/A, ANTICHAMA BWF-B, 1 CONDUTOR, 450/750 V, SECAO NOMINAL 4 MM2",M,REPRESENTATIVO,1,1,1,1,1,1,1,1,1,1,1,1,1,1,1,1,1,1,1,1,1,1,1,1,1,1,1,SINAPI_familias_e_coeficientes_2025_06.xlsx,
981,25004,"CABO DE ALUMINIO NU COM ALMA DE ACO, BITOLA 1/0 AWG",KG,REPRESENTADO,13.1310899,13.1310899,13.1310899,13.1310899,13.1310899,13.1310899,13.1310899,13.1310899,13.1310899,13.1310899,13.1310899,13.1310899,13.1310899,13.1310899,13.1310899,13.1310899,13.1310899,13.1310899,13.1310899,13.1310899,13.1310899,13.1310899,13.1310899,13.1310899,13.1310899,13.1310899,13.1310899,SINAPI_familias_e_coeficientes_2025_06.xlsx,
981,25002,"CABO DE ALUMINIO NU COM ALMA DE ACO, BITOLA 2 AWG",KG,REPRESENTADO,13.1310899,13.1310899,13.1310899,13.1310899,13.1310899,13.1310899,13.1310899,13.1310899,13.1310899,13.1310899,13.1310899,13.1310899,13.1310899,13.1310899,13.1310899,13.1310899,13.1310899,13.1310899,13.1310899,13.1310899,13.1310899,13.1310899,13.1310899,13.1310899,13.1310899,13.1310899,13.1310899,SINAPI_familias_e_coeficientes_2025_06.xlsx,
981,37409,"CABO DE ALUMINIO NU COM ALMA DE ACO, BITOLA 2/0 AWG",KG,REPRESENTADO,13.1310899,13.1310899,13.1310899,13.1310899,13.1310899,13.1310899,13.1310899,13.1310899,13.1310899,13.1310899,13.1310899,13.1310899,13.1310899,13.1310899,13.1310899,13.1310899,13.1310899,13.1310899,13.1310899,13.1310899,13.1310899,13.1310899,13.1310899,13.1310899,13.1310899,13.1310899,13.1310899,SINAPI_familias_e_coeficientes_2025_06.xlsx,
981,841,"CABO DE ALUMINIO NU COM ALMA DE ACO, BITOLA 4 AWG",KG,REPRESENTADO,13.2918132,13.2918132,13.2918132,13.2918132,13.2918132,13.2918132,13.2918132,13.2918132,13.2918132,13.2918132,13.2918132,13.2918132,13.2918132,13.2918132,13.2918132,13.2918132,13.2918132,13.2918132,13.2918132,13.2918132,13.2918132,13.2918132,13.2918132,13.2918132,13.2918132,13.2918132,13.2918132,SINAPI_familias_e_coeficientes_2025_06.xlsx,
981,25005,"CABO DE ALUMINIO NU SEM ALMA DE ACO, BITOLA 1/0 AWG",KG,REPRESENTADO,14.4088398,14.4088398,14.4088398,14.4088398,14.4088398,14.4088398,14.4088398,14.4088398,14.4088398,14.4088398,14.4088398,14.4088398,14.4088398,14.4088398,14.4088398,14.4088398,14.4088398,14.4088398,14.4088398,14.4088398,14.4088398,14.4088398,14.4088398,14.4088398,14.4088398,14.4088398,14.4088398,SINAPI_familias_e_coeficientes_2025_06.xlsx,
981,25003,"CABO DE ALUMINIO NU SEM ALMA DE ACO, BITOLA 2 AWG",KG,REPRESENTADO,14.6258162,14.6258162,14.6258162,14.6258162,14.6258162,14.6258162,14.6258162,14.6258162,14.6258162,14.6258162,14.6258162,14.6258162,14.6258162,14.6258162,14.6258162,14.6258162,14.6258162,14.6258162,14.6258162,14.6258162,14.6258162,14.6258162,14.6258162,14.6258162,14.6258162,14.6258162,14.6258162,SINAPI_familias_e_coeficientes_2025_06.xlsx,
981,37410,"CABO DE ALUMINIO NU SEM ALMA DE ACO, BITOLA 2/0 AWG",KG,REPRESENTADO,14.4088398,14.4088398,14.4088398,14.4088398,14.4088398,14.4088398,14.4088398,14.4088398,14.4088398,14.4088398,14.4088398,14.4088398,14.4088398,14.4088398,14.4088398,14.4088398,14.4088398,14.4088398,14.4088398,14.4088398,14.4088398,14.4088398,14.4088398,14.4088398,14.4088398,14.4088398,14.4088398,SINAPI_familias_e_coeficientes_2025_06.xlsx,
981,842,"CABO DE ALUMINIO NU SEM ALMA DE ACO, BITOLA 4 AWG",KG,REPRESENTADO,14.6137619,14.6137619,14.6137619,14.6137619,14.6137619,14.6137619,14.6137619,14.6137619,14.6137619,14.6137619,14.6137619,14.6137619,14.6137619,14.6137619,14.6137619,14.6137619,14.6137619,14.6137619,14.6137619,14.6137619,14.6137619,14.6137619,14.6137619,14.6137619,14.6137619,14.6137619,14.6137619,SINAPI_familias_e_coeficientes_2025_06.xlsx,
981,44391,"CABO DE COBRE FLEXIVEL NAO HALOGENADO, SEM EMISSAO DE FUMACA, 750V, SECAO NOMINAL 120 MM",M,REPRESENTADO,31.1381215,31.1381215,31.1381215,31.1381215,31.1381215,31.1381215,31.1381215,31.1381215,31.1381215,31.1381215,31.1381215,31.1381215,31.1381215,31.1381215,31.1381215,31.1381215,31.1381215,31.1381215,31.1381215,31.1381215,31.1381215,31.1381215,31.1381215,31.1381215,31.1381215,31.1381215,31.1381215,SINAPI_familias_e_coeficientes_2025_06.xlsx,
981,44388,"CABO DE COBRE FLEXIVEL NAO HALOGENADO, SEM EMISSAO DE FUMACA, 750V, SECAO NOMINAL 2,5 MM",M,REPRESENTADO,0.6750377,0.6750377,0.6750377,0.6750377,0.6750377,0.6750377,0.6750377,0.6750377,0.6750377,0.6750377,0.6750377,0.6750377,0.6750377,0.6750377,0.6750377,0.6750377,0.6750377,0.6750377,0.6750377,0.6750377,0.6750377,0.6750377,0.6750377,0.6750377,0.6750377,0.6750377,0.6750377,SINAPI_familias_e_coeficientes_2025_06.xlsx,
981,44392,"CABO DE COBRE FLEXIVEL NAO HALOGENADO, SEM EMISSAO DE FUMACA, 750V, SECAO NOMINAL 240 MM",M,REPRESENTADO,61.9989955,61.9989955,61.9989955,61.9989955,61.9989955,61.9989955,61.9989955,61.9989955,61.9989955,61.9989955,61.9989955,61.9989955,61.9989955,61.9989955,61.9989955,61.9989955,61.9989955,61.9989955,61.9989955,61.9989955,61.9989955,61.9989955,61.9989955,61.9989955,61.9989955,61.9989955,61.9989955,SINAPI_familias_e_coeficientes_2025_06.xlsx,
981,44390,"CABO DE COBRE FLEXIVEL NAO HALOGENADO, SEM EMISSAO DE FUMACA, 750V, SECAO NOMINAL 50 MM",M,REPRESENTADO,13.137117,13.137117,13.137117,13.137117,13.137117,13.137117,13.137117,13.137117,13.137117,13.137117,13.137117,13.137117,13.137117,13.137117,13.137117,13.137117,13.137117,13.137117,13.137117,13.137117,13.137117,13.137117,13.137117,13.137117,13.137117,13.137117,13.137117,SINAPI_familias_e_coeficientes_2025_06.xlsx,
981,44389,"CABO DE COBRE FLEXIVEL NAO HALOGENADO, SEM EMISSAO DE FUMACA, 750V, SECAO NOMINAL 6,0 MM",M,REPRESENTADO,1.5517428,1.5517428,1.5517428,1.5517428,1.5517428,1.5517428,1.5517428,1.5517428,1.5517428,1.5517428,1.5517428,1.5517428,1.5517428,1.5517428,1.5517428,1.5517428,1.5517428,1.5517428,1.5517428,1.5517428,1.5517428,1.5517428,1.5517428,1.5517428,1.5517428,1.5517428,1.5517428,SINAPI_familias_e_coeficientes_2025_06.xlsx,
981,862,CABO DE COBRE NU 10 MM2 MEIO-DURO,M,REPRESENTADO,2.841997,2.841997,2.841997,2.841997,2.841997,2.841997,2.841997,2.841997,2.841997,2.841997,2.841997,2.841997,2.841997,2.841997,2.841997,2.841997,2.841997,2.841997,2.841997,2.841997,2.841997,2.841997,2.841997,2.841997,2.841997,2.841997,2.841997,SINAPI_familias_e_coeficientes_2025_06.xlsx,
981,866,CABO DE COBRE NU 120 MM2 MEIO-DURO,M,REPRESENTADO,36.1024611,36.1024611,36.1024611,36.1024611,36.1024611,36.1024611,36.1024611,36.1024611,36.1024611,36.1024611,36.1024611,36.1024611,36.1024611,36.1024611,36.1024611,36.1024611,36.1024611,36.1024611,36.1024611,36.1024611,36.1024611,36.1024611,36.1024611,36.1024611,36.1024611,36.1024611,36.1024611,SINAPI_familias_e_coeficientes_2025_06.xlsx,
981,892,CABO DE COBRE NU 150 MM2 MEIO-DURO,M,REPRESENTADO,43.7012958,43.7012958,43.7012958,43.7012958,43.7012958,43.7012958,43.7012958,43.7012958,43.7012958,43.7012958,43.7012958,43.7012958,43.7012958,43.7012958,43.7012958,43.7012958,43.7012958,43.7012958,43.7012958,43.7012958,43.7012958,43.7012958,43.7012958,43.7012958,43.7012958,43.7012958,43.7012958,SINAPI_familias_e_coeficientes_2025_06.xlsx,
981,857,CABO DE COBRE NU 16 MM2 MEIO-DURO,M,REPRESENTADO,4.7533903,4.7533903,4.7533903,4.7533903,4.7533903,4.7533903,4.7533903,4.7533903,4.7533903,4.7533903,4.7533903,4.7533903,4.7533903,4.7533903,4.7533903,4.7533903,4.7533903,4.7533903,4.7533903,4.7533903,4.7533903,4.7533903,4.7533903,4.7533903,4.7533903,4.7533903,4.7533903,SINAPI_familias_e_coeficientes_2025_06.xlsx,
981,37404,CABO DE COBRE NU 185 MM2 MEIO-DURO,M,REPRESENTADO,50.5615269,50.5615269,50.5615269,50.5615269,50.5615269,50.5615269,50.5615269,50.5615269,50.5615269,50.5615269,50.5615269,50.5615269,50.5615269,50.5615269,50.5615269,50.5615269,50.5615269,50.5615269,50.5615269,50.5615269,50.5615269,50.5615269,50.5615269,50.5615269,50.5615269,50.5615269,50.5615269,SINAPI_familias_e_coeficientes_2025_06.xlsx,
981,868,CABO DE COBRE NU 25 MM2 MEIO-DURO,M,REPRESENTADO,6.7744852,6.7744852,6.7744852,6.7744852,6.7744852,6.7744852,6.7744852,6.7744852,6.7744852,6.7744852,6.7744852,6.7744852,6.7744852,6.7744852,6.7744852,6.7744852,6.7744852,6.7744852,6.7744852,6.7744852,6.7744852,6.7744852,6.7744852,6.7744852,6.7744852,6.7744852,6.7744852,SINAPI_familias_e_coeficientes_2025_06.xlsx,
981,863,CABO DE COBRE NU 35 MM2 MEIO-DURO,M,REPRESENTADO,9.976896,9.976896,9.976896,9.976896,9.976896,9.976896,9.976896,9.976896,9.976896,9.976896,9.976896,9.976896,9.976896,9.976896,9.976896,9.976896,9.976896,9.976896,9.976896,9.976896,9.976896,9.976896,9.976896,9.976896,9.976896,9.976896,9.976896,SINAPI_familias_e_coeficientes_2025_06.xlsx,
981,867,CABO DE COBRE NU 50 MM2 MEIO-DURO,M,REPRESENTADO,14.2119538,14.2119538,14.2119538,14.2119538,14.2119538,14.2119538,14.2119538,14.2119538,14.2119538,14.2119538,14.2119538,14.2119538,14.2119538,14.2119538,14.2119538,14.2119538,14.2119538,14.2119538,14.2119538,14.2119538,14.2119538,14.2119538,14.2119538,14.2119538,14.2119538,14.2119538,14.2119538,SINAPI_familias_e_coeficientes_2025_06.xlsx,
981,864,CABO DE COBRE NU 70 MM2 MEIO-DURO,M,REPRESENTADO,18.7724761,18.7724761,18.7724761,18.7724761,18.7724761,18.7724761,18.7724761,18.7724761,18.7724761,18.7724761,18.7724761,18.7724761,18.7724761,18.7724761,18.7724761,18.7724761,18.7724761,18.7724761,18.7724761,18.7724761,18.7724761,18.7724761,18.7724761,18.7724761,18.7724761,18.7724761,18.7724761,SINAPI_familias_e_coeficientes_2025_06.xlsx,
981,865,CABO DE COBRE NU 95 MM2 MEIO-DURO,M,REPRESENTADO,27.0015068,27.0015068,27.0015068,27.0015068,27.0015068,27.0015068,27.0015068,27.0015068,27.0015068,27.0015068,27.0015068,27.0015068,27.0015068,27.0015068,27.0015068,27.0015068,27.0015068,27.0015068,27.0015068,27.0015068,27.0015068,27.0015068,27.0015068,27.0015068,27.0015068,27.0015068,27.0015068,SINAPI_familias_e_coeficientes_2025_06.xlsx,
981,39251,"CABO DE COBRE, FLEXIVEL, CLASSE 4 OU 5, ISOLACAO EM PVC/A, ANTICHAMA BWF-B, 1 CONDUTOR, 450/750 V, SECAO NOMINAL 0,5 MM2",M,REPRESENTADO,0.1781818,0.1781818,0.1781818,0.1781818,0.1781818,0.1781818,0.1781818,0.1781818,0.1781818,0.1781818,0.1781818,0.1781818,0.1781818,0.1781818,0.1781818,0.1781818,0.1781818,0.1781818,0.1781818,0.1781818,0.1781818,0.1781818,0.1781818,0.1781818,0.1781818,0.1781818,0.1781818,SINAPI_familias_e_coeficientes_2025_06.xlsx,
981,1011,"CABO DE COBRE, FLEXIVEL, CLASSE 4 OU 5, ISOLACAO EM PVC/A, ANTICHAMA BWF-B, 1 CONDUTOR, 450/750 V, SECAO NOMINAL 0,75 MM2",M,REPRESENTADO,0.2425314,0.2425314,0.2425314,0.2425314,0.2425314,0.2425314,0.2425314,0.2425314,0.2425314,0.2425314,0.2425314,0.2425314,0.2425314,0.2425314,0.2425314,0.2425314,0.2425314,0.2425314,0.2425314,0.2425314,0.2425314,0.2425314,0.2425314,0.2425314,0.2425314,0.2425314,0.2425314,SINAPI_familias_e_coeficientes_2025_06.xlsx,
981,39252,"CABO DE COBRE, FLEXIVEL, CLASSE 4 OU 5, ISOLACAO EM PVC/A, ANTICHAMA BWF-B, 1 CONDUTOR, 450/750 V, SECAO NOMINAL 1,0 MM2",M,REPRESENTADO,0.3180713,0.3180713,0.3180713,0.3180713,0.3180713,0.3180713,0.3180713,0.3180713,0.3180713,0.3180713,0.3180713,0.3180713,0.3180713,0.3180713,0.3180713,0.3180713,0.3180713,0.3180713,0.3180713,0.3180713,0.3180713,0.3180713,0.3180713,0.3180713,0.3180713,0.3180713,0.3180713,SINAPI_familias_e_coeficientes_2025_06.xlsx,
981,1013,"CABO DE COBRE, FLEXIVEL, CLASSE 4 OU 5, ISOLACAO EM PVC/A, ANTICHAMA BWF-B, 1 CONDUTOR, 450/750 V, SECAO NOMINAL 1,5 MM2",M,REPRESENTADO,0.3817177,0.3817177,0.3817177,0.3817177,0.3817177,0.3817177,0.3817177,0.3817177,0.3817177,0.3817177,0.3817177,0.3817177,0.3817177,0.3817177,0.3817177,0.3817177,0.3817177,0.3817177,0.3817177,0.3817177,0.3817177,0.3817177,0.3817177,0.3817177,0.3817177,0.3817177,0.3817177,SINAPI_familias_e_coeficientes_2025_06.xlsx,
981,980,"CABO DE COBRE, FLEXIVEL, CLASSE 4 OU 5, ISOLACAO EM PVC/A, ANTICHAMA BWF-B, 1 CONDUTOR, 450/750 V, SECAO NOMINAL 10 MM2",M,REPRESENTADO,2.7483677,2.7483677,2.7483677,2.7483677,2.7483677,2.7483677,2.7483677,2.7483677,2.7483677,2.7483677,2.7483677,2.7483677,2.7483677,2.7483677,2.7483677,2.7483677,2.7483677,2.7483677,2.7483677,2.7483677,2.7483677,2.7483677,2.7483677,2.7483677,2.7483677,2.7483677,2.7483677,SINAPI_familias_e_coeficientes_2025_06.xlsx,
981,39237,"CABO DE COBRE, FLEXIVEL, CLASSE 4 OU 5, ISOLACAO EM PVC/A, ANTICHAMA BWF-B, 1 CONDUTOR, 450/750 V, SECAO NOMINAL 120 MM2",M,REPRESENTADO,29.2275239,29.2275239,29.2275239,29.2275239,29.2275239,29.2275239,29.2275239,29.2275239,29.2275239,29.2275239,29.2275239,29.2275239,29.2275239,29.2275239,29.2275239,29.2275239,29.2275239,29.2275239,29.2275239,29.2275239,29.2275239,29.2275239,29.2275239,29.2275239,29.2275239,29.2275239,29.2275239,SINAPI_familias_e_coeficientes_2025_06.xlsx,
981,39238,"CABO DE COBRE, FLEXIVEL, CLASSE 4 OU 5, ISOLACAO EM PVC/A, ANTICHAMA BWF-B, 1 CONDUTOR, 450/750 V, SECAO NOMINAL 150 MM2",M,REPRESENTADO,36.8618785,36.8618785,36.8618785,36.8618785,36.8618785,36.8618785,36.8618785,36.8618785,36.8618785,36.8618785,36.8618785,36.8618785,36.8618785,36.8618785,36.8618785,36.8618785,36.8618785,36.8618785,36.8618785,36.8618785,36.8618785,36.8618785,36.8618785,36.8618785,36.8618785,36.8618785,36.8618785,SINAPI_familias_e_coeficientes_2025_06.xlsx,
981,979,"CABO DE COBRE, FLEXIVEL, CLASSE 4 OU 5, ISOLACAO EM PVC/A, ANTICHAMA BWF-B, 1 CONDUTOR, 450/750 V, SECAO NOMINAL 16 MM2",M,REPRESENTADO,3.9263084,3.9263084,3.9263084,3.9263084,3.9263084,3.9263084,3.9263084,3.9263084,3.9263084,3.9263084,3.9263084,3.9263084,3.9263084,3.9263084,3.9263084,3.9263084,3.9263084,3.9263084,3.9263084,3.9263084,3.9263084,3.9263084,3.9263084,3.9263084,3.9263084,3.9263084,3.9263084,SINAPI_familias_e_coeficientes_2025_06.xlsx,
981,39239,"CABO DE COBRE, FLEXIVEL, CLASSE 4 OU 5, ISOLACAO EM PVC/A, ANTICHAMA BWF-B, 1 CONDUTOR, 450/750 V, SECAO NOMINAL 185 MM2",M,REPRESENTADO,44.5323958,44.5323958,44.5323958,44.5323958,44.5323958,44.5323958,44.5323958,44.5323958,44.5323958,44.5323958,44.5323958,44.5323958,44.5323958,44.5323958,44.5323958,44.5323958,44.5323958,44.5323958,44.5323958,44.5323958,44.5323958,44.5323958,44.5323958,44.5323958,44.5323958,44.5323958,44.5323958,SINAPI_familias_e_coeficientes_2025_06.xlsx,
981,1014,"CABO DE COBRE, FLEXIVEL, CLASSE 4 OU 5, ISOLACAO EM PVC/A, ANTICHAMA BWF-B, 1 CONDUTOR, 450/750 V, SECAO NOMINAL 2,5 MM2",M,REPRESENTADO,0.6040784,0.6040784,0.6040784,0.6040784,0.6040784,0.6040784,0.6040784,0.6040784,0.6040784,0.6040784,0.6040784,0.6040784,0.6040784,0.6040784,0.6040784,0.6040784,0.6040784,0.6040784,0.6040784,0.6040784,0.6040784,0.6040784,0.6040784,0.6040784,0.6040784,0.6040784,0.6040784,SINAPI_familias_e_coeficientes_2025_06.xlsx,
981,39240,"CABO DE COBRE, FLEXIVEL, CLASSE 4 OU 5, ISOLACAO EM PVC/A, ANTICHAMA BWF-B, 1 CONDUTOR, 450/750 V, SECAO NOMINAL 240 MM2",M,REPRESENTADO,58.5715721,58.5715721,58.5715721,58.5715721,58.5715721,58.5715721,58.5715721,58.5715721,58.5715721,58.5715721,58.5715721,58.5715721,58.5715721,58.5715721,58.5715721,58.5715721,58.5715721,58.5715721,58.5715721,58.5715721,58.5715721,58.5715721,58.5715721,58.5715721,58.5715721,58.5715721,58.5715721,SINAPI_familias_e_coeficientes_2025_06.xlsx,
981,39232,"CABO DE COBRE, FLEXIVEL, CLASSE 4 OU 5, ISOLACAO EM PVC/A, ANTICHAMA BWF-B, 1 CONDUTOR, 450/750 V, SECAO NOMINAL 25 MM2",M,REPRESENTADO,6.1476645,6.1476645,6.1476645,6.1476645,6.1476645,6.1476645,6.1476645,6.1476645,6.1476645,6.1476645,6.1476645,6.1476645,6.1476645,6.1476645,6.1476645,6.1476645,6.1476645,6.1476645,6.1476645,6.1476645,6.1476645,6.1476645,6.1476645,6.1476645,6.1476645,6.1476645,6.1476645,SINAPI_familias_e_coeficientes_2025_06.xlsx,
981,39233,"CABO DE COBRE, FLEXIVEL, CLASSE 4 OU 5, ISOLACAO EM PVC/A, ANTICHAMA BWF-B, 1 CONDUTOR, 450/750 V, SECAO NOMINAL 35 MM2",M,REPRESENTADO,8.9603214,8.9603214,8.9603214,8.9603214,8.9603214,8.9603214,8.9603214,8.9603214,8.9603214,8.9603214,8.9603214,8.9603214,8.9603214,8.9603214,8.9603214,8.9603214,8.9603214,8.9603214,8.9603214,8.9603214,8.9603214,8.9603214,8.9603214,8.9603214,8.9603214,8.9603214,8.9603214,SINAPI_familias_e_coeficientes_2025_06.xlsx,
981,39234,"CABO DE COBRE, FLEXIVEL, CLASSE 4 OU 5, ISOLACAO EM PVC/A, ANTICHAMA BWF-B, 1 CONDUTOR, 450/750 V, SECAO NOMINAL 50 MM2",M,REPRESENTADO,12.4721246,12.4721246,12.4721246,12.4721246,12.4721246,12.4721246,12.4721246,12.4721246,12.4721246,12.4721246,12.4721246,12.4721246,12.4721246,12.4721246,12.4721246,12.4721246,12.4721246,12.4721246,12.4721246,12.4721246,12.4721246,12.4721246,12.4721246,12.4721246,12.4721246,12.4721246,12.4721246,SINAPI_familias_e_coeficientes_2025_06.xlsx,
981,982,"CABO DE COBRE, FLEXIVEL, CLASSE 4 OU 5, ISOLACAO EM PVC/A, ANTICHAMA BWF-B, 1 CONDUTOR, 450/750 V, SECAO NOMINAL 6 MM2",M,REPRESENTADO,1.4384731,1.4384731,1.4384731,1.4384731,1.4384731,1.4384731,1.4384731,1.4384731,1.4384731,1.4384731,1.4384731,1.4384731,1.4384731,1.4384731,1.4384731,1.4384731,1.4384731,1.4384731,1.4384731,1.4384731,1.4384731,1.4384731,1.4384731,1.4384731,1.4384731,1.4384731,1.4384731,SINAPI_familias_e_coeficientes_2025_06.xlsx,
981,39235,"CABO DE COBRE, FLEXIVEL, CLASSE 4 OU 5, ISOLACAO EM PVC/A, ANTICHAMA BWF-B, 1 CONDUTOR, 450/750 V, SECAO NOMINAL 70 MM2",M,REPRESENTADO,18.3947765,18.3947765,18.3947765,18.3947765,18.3947765,18.3947765,18.3947765,18.3947765,18.3947765,18.3947765,18.3947765,18.3947765,18.3947765,18.3947765,18.3947765,18.3947765,18.3947765,18.3947765,18.3947765,18.3947765,18.3947765,18.3947765,18.3947765,18.3947765,18.3947765,18.3947765,18.3947765,SINAPI_familias_e_coeficientes_2025_06.xlsx,
981,39236,"CABO DE COBRE, FLEXIVEL, CLASSE 4 OU 5, ISOLACAO EM PVC/A, ANTICHAMA BWF-B, 1 CONDUTOR, 450/750 V, SECAO NOMINAL 95 MM2",M,REPRESENTADO,24.3776996,24.3776996,24.3776996,24.3776996,24.3776996,24.3776996,24.3776996,24.3776996,24.3776996,24.3776996,24.3776996,24.3776996,24.3776996,24.3776996,24.3776996,24.3776996,24.3776996,24.3776996,24.3776996,24.3776996,24.3776996,24.3776996,24.3776996,24.3776996,24.3776996,24.3776996,24.3776996,SINAPI_familias_e_coeficientes_2025_06.xlsx,
981,993,"CABO DE COBRE, FLEXIVEL, CLASSE 4 OU 5, ISOLACAO EM PVC/A, ANTICHAMA BWF-B, COBERTURA PVC-ST1, ANTICHAMA BWF-B, 1 CONDUTOR, 0,6/1 KV, SECAO NOMINAL 1,5 MM2",M,REPRESENTADO,0.5143144,0.5143144,0.5143144,0.5143144,0.5143144,0.5143144,0.5143144,0.5143144,0.5143144,0.5143144,0.5143144,0.5143144,0.5143144,0.5143144,0.5143144,0.5143144,0.5143144,0.5143144,0.5143144,0.5143144,0.5143144,0.5143144,0.5143144,0.5143144,0.5143144,0.5143144,0.5143144,SINAPI_familias_e_coeficientes_2025_06.xlsx,
981,1020,"CABO DE COBRE, FLEXIVEL, CLASSE 4 OU 5, ISOLACAO EM PVC/A, ANTICHAMA BWF-B, COBERTURA PVC-ST1, ANTICHAMA BWF-B, 1 CONDUTOR, 0,6/1 KV, SECAO NOMINAL 10 MM2",M,REPRESENTADO,2.6203315,2.6203315,2.6203315,2.6203315,2.6203315,2.6203315,2.6203315,2.6203315,2.6203315,2.6203315,2.6203315,2.6203315,2.6203315,2.6203315,2.6203315,2.6203315,2.6203315,2.6203315,2.6203315,2.6203315,2.6203315,2.6203315,2.6203315,2.6203315,2.6203315,2.6203315,2.6203315,SINAPI_familias_e_coeficientes_2025_06.xlsx,
981,1017,"CABO DE COBRE, FLEXIVEL, CLASSE 4 OU 5, ISOLACAO EM PVC/A, ANTICHAMA BWF-B, COBERTURA PVC-ST1, ANTICHAMA BWF-B, 1 CONDUTOR, 0,6/1 KV, SECAO NOMINAL 120 MM2",M,REPRESENTADO,32.1044701,32.1044701,32.1044701,32.1044701,32.1044701,32.1044701,32.1044701,32.1044701,32.1044701,32.1044701,32.1044701,32.1044701,32.1044701,32.1044701,32.1044701,32.1044701,32.1044701,32.1044701,32.1044701,32.1044701,32.1044701,32.1044701,32.1044701,32.1044701,32.1044701,32.1044701,32.1044701,SINAPI_familias_e_coeficientes_2025_06.xlsx,
981,999,"CABO DE COBRE, FLEXIVEL, CLASSE 4 OU 5, ISOLACAO EM PVC/A, ANTICHAMA BWF-B, COBERTURA PVC-ST1, ANTICHAMA BWF-B, 1 CONDUTOR, 0,6/1 KV, SECAO NOMINAL 150 MM2",M,REPRESENTADO,38.8950276,38.8950276,38.8950276,38.8950276,38.8950276,38.8950276,38.8950276,38.8950276,38.8950276,38.8950276,38.8950276,38.8950276,38.8950276,38.8950276,38.8950276,38.8950276,38.8950276,38.8950276,38.8950276,38.8950276,38.8950276,38.8950276,38.8950276,38.8950276,38.8950276,38.8950276,38.8950276,SINAPI_familias_e_coeficientes_2025_06.xlsx,
981,995,"CABO DE COBRE, FLEXIVEL, CLASSE 4 OU 5, ISOLACAO EM PVC/A, ANTICHAMA BWF-B, COBERTURA PVC-ST1, ANTICHAMA BWF-B, 1 CONDUTOR, 0,6/1 KV, SECAO NOMINAL 16 MM2",M,REPRESENTADO,4.1721748,4.1721748,4.1721748,4.1721748,4.1721748,4.1721748,4.1721748,4.1721748,4.1721748,4.1721748,4.1721748,4.1721748,4.1721748,4.1721748,4.1721748,4.1721748,4.1721748,4.1721748,4.1721748,4.1721748,4.1721748,4.1721748,4.1721748,4.1721748,4.1721748,4.1721748,4.1721748,SINAPI_familias_e_coeficientes_2025_06.xlsx,
981,1000,"CABO DE COBRE, FLEXIVEL, CLASSE 4 OU 5, ISOLACAO EM PVC/A, ANTICHAMA BWF-B, COBERTURA PVC-ST1, ANTICHAMA BWF-B, 1 CONDUTOR, 0,6/1 KV, SECAO NOMINAL 185 MM2",M,REPRESENTADO,47.7749874,47.7749874,47.7749874,47.7749874,47.7749874,47.7749874,47.7749874,47.7749874,47.7749874,47.7749874,47.7749874,47.7749874,47.7749874,47.7749874,47.7749874,47.7749874,47.7749874,47.7749874,47.7749874,47.7749874,47.7749874,47.7749874,47.7749874,47.7749874,47.7749874,47.7749874,47.7749874,SINAPI_familias_e_coeficientes_2025_06.xlsx,
981,1022,"CABO DE COBRE, FLEXIVEL, CLASSE 4 OU 5, ISOLACAO EM PVC/A, ANTICHAMA BWF-B, COBERTURA PVC-ST1, ANTICHAMA BWF-B, 1 CONDUTOR, 0,6/1 KV, SECAO NOMINAL 2,5 MM2",M,REPRESENTADO,0.7171673,0.7171673,0.7171673,0.7171673,0.7171673,0.7171673,0.7171673,0.7171673,0.7171673,0.7171673,0.7171673,0.7171673,0.7171673,0.7171673,0.7171673,0.7171673,0.7171673,0.7171673,0.7171673,0.7171673,0.7171673,0.7171673,0.7171673,0.7171673,0.7171673,0.7171673,0.7171673,SINAPI_familias_e_coeficientes_2025_06.xlsx,
981,1015,"CABO DE COBRE, FLEXIVEL, CLASSE 4 OU 5, ISOLACAO EM PVC/A, ANTICHAMA BWF-B, COBERTURA PVC-ST1, ANTICHAMA BWF-B, 1 CONDUTOR, 0,6/1 KV, SECAO NOMINAL 240 MM2",M,REPRESENTADO,63.4856856,63.4856856,63.4856856,63.4856856,63.4856856,63.4856856,63.4856856,63.4856856,63.4856856,63.4856856,63.4856856,63.4856856,63.4856856,63.4856856,63.4856856,63.4856856,63.4856856,63.4856856,63.4856856,63.4856856,63.4856856,63.4856856,63.4856856,63.4856856,63.4856856,63.4856856,63.4856856,SINAPI_familias_e_coeficientes_2025_06.xlsx,
981,996,"CABO DE COBRE, FLEXIVEL, CLASSE 4 OU 5, ISOLACAO EM PVC/A, ANTICHAMA BWF-B, COBERTURA PVC-ST1, ANTICHAMA BWF-B, 1 CONDUTOR, 0,6/1 KV, SECAO NOMINAL 25 MM2",M,REPRESENTADO,6.469111,6.469111,6.469111,6.469111,6.469111,6.469111,6.469111,6.469111,6.469111,6.469111,6.469111,6.469111,6.469111,6.469111,6.469111,6.469111,6.469111,6.469111,6.469111,6.469111,6.469111,6.469111,6.469111,6.469111,6.469111,6.469111,6.469111,SINAPI_familias_e_coeficientes_2025_06.xlsx,
981,1001,"CABO DE COBRE, FLEXIVEL, CLASSE 4 OU 5, ISOLACAO EM PVC/A, ANTICHAMA BWF-B, COBERTURA PVC-ST1, ANTICHAMA BWF-B, 1 CONDUTOR, 0,6/1 KV, SECAO NOMINAL 300 MM2",M,REPRESENTADO,82.370668,82.370668,82.370668,82.370668,82.370668,82.370668,82.370668,82.370668,82.370668,82.370668,82.370668,82.370668,82.370668,82.370668,82.370668,82.370668,82.370668,82.370668,82.370668,82.370668,82.370668,82.370668,82.370668,82.370668,82.370668,82.370668,82.370668,SINAPI_familias_e_coeficientes_2025_06.xlsx,
981,1019,"CABO DE COBRE, FLEXIVEL, CLASSE 4 OU 5, ISOLACAO EM PVC/A, ANTICHAMA BWF-B, COBERTURA PVC-ST1, ANTICHAMA BWF-B, 1 CONDUTOR, 0,6/1 KV, SECAO NOMINAL 35 MM2",M,REPRESENTADO,9.1411351,9.1411351,9.1411351,9.1411351,9.1411351,9.1411351,9.1411351,9.1411351,9.1411351,9.1411351,9.1411351,9.1411351,9.1411351,9.1411351,9.1411351,9.1411351,9.1411351,9.1411351,9.1411351,9.1411351,9.1411351,9.1411351,9.1411351,9.1411351,9.1411351,9.1411351,9.1411351,SINAPI_familias_e_coeficientes_2025_06.xlsx,
981,1021,"CABO DE COBRE, FLEXIVEL, CLASSE 4 OU 5, ISOLACAO EM PVC/A, ANTICHAMA BWF-B, COBERTURA PVC-ST1, ANTICHAMA BWF-B, 1 CONDUTOR, 0,6/1 KV, SECAO NOMINAL 4 MM2",M,REPRESENTADO,1.0997891,1.0997891,1.0997891,1.0997891,1.0997891,1.0997891,1.0997891,1.0997891,1.0997891,1.0997891,1.0997891,1.0997891,1.0997891,1.0997891,1.0997891,1.0997891,1.0997891,1.0997891,1.0997891,1.0997891,1.0997891,1.0997891,1.0997891,1.0997891,1.0997891,1.0997891,1.0997891,SINAPI_familias_e_coeficientes_2025_06.xlsx,
981,39249,"CABO DE COBRE, FLEXIVEL, CLASSE 4 OU 5, ISOLACAO EM PVC/A, ANTICHAMA BWF-B, COBERTURA PVC-ST1, ANTICHAMA BWF-B, 1 CONDUTOR, 0,6/1 KV, SECAO NOMINAL 400 MM2",M,REPRESENTADO,110.7523857,110.7523857,110.7523857,110.7523857,110.7523857,110.7523857,110.7523857,110.7523857,110.7523857,110.7523857,110.7523857,110.7523857,110.7523857,110.7523857,110.7523857,110.7523857,110.7523857,110.7523857,110.7523857,110.7523857,110.7523857,110.7523857,110.7523857,110.7523857,110.7523857,110.7523857,110.7523857,SINAPI_familias_e_coeficientes_2025_06.xlsx,
981,1018,"CABO DE COBRE, FLEXIVEL, CLASSE 4 OU 5, ISOLACAO EM PVC/A, ANTICHAMA BWF-B, COBERTURA PVC-ST1, ANTICHAMA BWF-B, 1 CONDUTOR, 0,6/1 KV, SECAO NOMINAL 50 MM2",M,REPRESENTADO,13.5168257,13.5168257,13.5168257,13.5168257,13.5168257,13.5168257,13.5168257,13.5168257,13.5168257,13.5168257,13.5168257,13.5168257,13.5168257,13.5168257,13.5168257,13.5168257,13.5168257,13.5168257,13.5168257,13.5168257,13.5168257,13.5168257,13.5168257,13.5168257,13.5168257,13.5168257,13.5168257,SINAPI_familias_e_coeficientes_2025_06.xlsx,
981,39250,"CABO DE COBRE, FLEXIVEL, CLASSE 4 OU 5, ISOLACAO EM PVC/A, ANTICHAMA BWF-B, COBERTURA PVC-ST1, ANTICHAMA BWF-B, 1 CONDUTOR, 0,6/1 KV, SECAO NOMINAL 500 MM2",M,REPRESENTADO,132.4841788,132.4841788,132.4841788,132.4841788,132.4841788,132.4841788,132.4841788,132.4841788,132.4841788,132.4841788,132.4841788,132.4841788,132.4841788,132.4841788,132.4841788,132.4841788,132.4841788,132.4841788,132.4841788,132.4841788,132.4841788,132.4841788,132.4841788,132.4841788,132.4841788,132.4841788,132.4841788,SINAPI_familias_e_coeficientes_2025_06.xlsx,
981,994,"CABO DE COBRE, FLEXIVEL, CLASSE 4 OU 5, ISOLACAO EM PVC/A, ANTICHAMA BWF-B, COBERTURA PVC-ST1, ANTICHAMA BWF-B, 1 CONDUTOR, 0,6/1 KV, SECAO NOMINAL 6 MM2",M,REPRESENTADO,1.5991964,1.5991964,1.5991964,1.5991964,1.5991964,1.5991964,1.5991964,1.5991964,1.5991964,1.5991964,1.5991964,1.5991964,1.5991964,1.5991964,1.5991964,1.5991964,1.5991964,1.5991964,1.5991964,1.5991964,1.5991964,1.5991964,1.5991964,1.5991964,1.5991964,1.5991964,1.5991964,SINAPI_familias_e_coeficientes_2025_06.xlsx,
981,977,"CABO DE COBRE, FLEXIVEL, CLASSE 4 OU 5, ISOLACAO EM PVC/A, ANTICHAMA BWF-B, COBERTURA PVC-ST1, ANTICHAMA BWF-B, 1 CONDUTOR, 0,6/1 KV, SECAO NOMINAL 70 MM2",M,REPRESENTADO,18.9090909,18.9090909,18.9090909,18.9090909,18.9090909,18.9090909,18.9090909,18.9090909,18.9090909,18.9090909,18.9090909,18.9090909,18.9090909,18.9090909,18.9090909,18.9090909,18.9090909,18.9090909,18.9090909,18.9090909,18.9090909,18.9090909,18.9090909,18.9090909,18.9090909,18.9090909,18.9090909,SINAPI_familias_e_coeficientes_2025_06.xlsx,
981,998,"CABO DE COBRE, FLEXIVEL, CLASSE 4 OU 5, ISOLACAO EM PVC/A, ANTICHAMA BWF-B, COBERTURA PVC-ST1, ANTICHAMA BWF-B, 1 CONDUTOR, 0,6/1 KV, SECAO NOMINAL 95 MM2",M,REPRESENTADO,24.5504771,24.5504771,24.5504771,24.5504771,24.5504771,24.5504771,24.5504771,24.5504771,24.5504771,24.5504771,24.5504771,24.5504771,24.5504771,24.5504771,24.5504771,24.5504771,24.5504771,24.5504771,24.5504771,24.5504771,24.5504771,24.5504771,24.5504771,24.5504771,24.5504771,24.5504771,24.5504771,SINAPI_familias_e_coeficientes_2025_06.xlsx,
981,1006,"CABO DE COBRE, RIGIDO, CLASSE 2, ISOLACAO EM PVC, ANTI-CHAMA BWF-B, 1 CONDUTOR, 450/750 V, DIAMETRO 120 MM2",M,REPRESENTADO,32.5303867,32.5303867,32.5303867,32.5303867,32.5303867,32.5303867,32.5303867,32.5303867,32.5303867,32.5303867,32.5303867,32.5303867,32.5303867,32.5303867,32.5303867,32.5303867,32.5303867,32.5303867,32.5303867,32.5303867,32.5303867,32.5303867,32.5303867,32.5303867,32.5303867,32.5303867,32.5303867,SINAPI_familias_e_coeficientes_2025_06.xlsx,
981,990,"CABO DE COBRE, RIGIDO, CLASSE 2, ISOLACAO EM PVC/A, ANTICHAMA BWF-B, 1 CONDUTOR, 450/750 V, SECAO NOMINAL 150 MM2",M,REPRESENTADO,43.2546459,43.2546459,43.2546459,43.2546459,43.2546459,43.2546459,43.2546459,43.2546459,43.2546459,43.2546459,43.2546459,43.2546459,43.2546459,43.2546459,43.2546459,43.2546459,43.2546459,43.2546459,43.2546459,43.2546459,43.2546459,43.2546459,43.2546459,43.2546459,43.2546459,43.2546459,43.2546459,SINAPI_familias_e_coeficientes_2025_06.xlsx,
981,39241,"CABO DE COBRE, RIGIDO, CLASSE 2, ISOLACAO EM PVC/A, ANTICHAMA BWF-B, 1 CONDUTOR, 450/750 V, SECAO NOMINAL 16 MM2",M,REPRESENTADO,4.2591662,4.2591662,4.2591662,4.2591662,4.2591662,4.2591662,4.2591662,4.2591662,4.2591662,4.2591662,4.2591662,4.2591662,4.2591662,4.2591662,4.2591662,4.2591662,4.2591662,4.2591662,4.2591662,4.2591662,4.2591662,4.2591662,4.2591662,4.2591662,4.2591662,4.2591662,4.2591662,SINAPI_familias_e_coeficientes_2025_06.xlsx,
981,1005,"CABO DE COBRE, RIGIDO, CLASSE 2, ISOLACAO EM PVC/A, ANTICHAMA BWF-B, 1 CONDUTOR, 450/750 V, SECAO NOMINAL 185 MM2",M,REPRESENTADO,53.8543446,53.8543446,53.8543446,53.8543446,53.8543446,53.8543446,53.8543446,53.8543446,53.8543446,53.8543446,53.8543446,53.8543446,53.8543446,53.8543446,53.8543446,53.8543446,53.8543446,53.8543446,53.8543446,53.8543446,53.8543446,53.8543446,53.8543446,53.8543446,53.8543446,53.8543446,53.8543446,SINAPI_familias_e_coeficientes_2025_06.xlsx,
981,991,"CABO DE COBRE, RIGIDO, CLASSE 2, ISOLACAO EM PVC/A, ANTICHAMA BWF-B, 1 CONDUTOR, 450/750 V, SECAO NOMINAL 240 MM2",M,REPRESENTADO,70.5374184,70.5374184,70.5374184,70.5374184,70.5374184,70.5374184,70.5374184,70.5374184,70.5374184,70.5374184,70.5374184,70.5374184,70.5374184,70.5374184,70.5374184,70.5374184,70.5374184,70.5374184,70.5374184,70.5374184,70.5374184,70.5374184,70.5374184,70.5374184,70.5374184,70.5374184,70.5374184,SINAPI_familias_e_coeficientes_2025_06.xlsx,
981,986,"CABO DE COBRE, RIGIDO, CLASSE 2, ISOLACAO EM PVC/A, ANTICHAMA BWF-B, 1 CONDUTOR, 450/750 V, SECAO NOMINAL 25 MM2",M,REPRESENTADO,6.728659,6.728659,6.728659,6.728659,6.728659,6.728659,6.728659,6.728659,6.728659,6.728659,6.728659,6.728659,6.728659,6.728659,6.728659,6.728659,6.728659,6.728659,6.728659,6.728659,6.728659,6.728659,6.728659,6.728659,6.728659,6.728659,6.728659,SINAPI_familias_e_coeficientes_2025_06.xlsx,
981,987,"CABO DE COBRE, RIGIDO, CLASSE 2, ISOLACAO EM PVC/A, ANTICHAMA BWF-B, 1 CONDUTOR, 450/750 V, SECAO NOMINAL 35 MM2",M,REPRESENTADO,9.2108287,9.2108287,9.2108287,9.2108287,9.2108287,9.2108287,9.2108287,9.2108287,9.2108287,9.2108287,9.2108287,9.2108287,9.2108287,9.2108287,9.2108287,9.2108287,9.2108287,9.2108287,9.2108287,9.2108287,9.2108287,9.2108287,9.2108287,9.2108287,9.2108287,9.2108287,9.2108287,SINAPI_familias_e_coeficientes_2025_06.xlsx,
981,1007,"CABO DE COBRE, RIGIDO, CLASSE 2, ISOLACAO EM PVC/A, ANTICHAMA BWF-B, 1 CONDUTOR, 450/750 V, SECAO NOMINAL 50 MM2",M,REPRESENTADO,12.7493722,12.7493722,12.7493722,12.7493722,12.7493722,12.7493722,12.7493722,12.7493722,12.7493722,12.7493722,12.7493722,12.7493722,12.7493722,12.7493722,12.7493722,12.7493722,12.7493722,12.7493722,12.7493722,12.7493722,12.7493722,12.7493722,12.7493722,12.7493722,12.7493722,12.7493722,12.7493722,SINAPI_familias_e_coeficientes_2025_06.xlsx,
981,1008,"CABO DE COBRE, RIGIDO, CLASSE 2, ISOLACAO EM PVC/A, ANTICHAMA BWF-B, 1 CONDUTOR, 450/750 V, SECAO NOMINAL 6 MM2",M,REPRESENTADO,1.6192868,1.6192868,1.6192868,1.6192868,1.6192868,1.6192868,1.6192868,1.6192868,1.6192868,1.6192868,1.6192868,1.6192868,1.6192868,1.6192868,1.6192868,1.6192868,1.6192868,1.6192868,1.6192868,1.6192868,1.6192868,1.6192868,1.6192868,1.6192868,1.6192868,1.6192868,1.6192868,SINAPI_familias_e_coeficientes_2025_06.xlsx,
981,988,"CABO DE COBRE, RIGIDO, CLASSE 2, ISOLACAO EM PVC/A, ANTICHAMA BWF-B, 1 CONDUTOR, 450/750 V, SECAO NOMINAL 70 MM2",M,REPRESENTADO,17.579106,17.579106,17.579106,17.579106,17.579106,17.579106,17.579106,17.579106,17.579106,17.579106,17.579106,17.579106,17.579106,17.579106,17.579106,17.579106,17.579106,17.579106,17.579106,17.579106,17.579106,17.579106,17.579106,17.579106,17.579106,17.579106,17.579106,SINAPI_familias_e_coeficientes_2025_06.xlsx,
981,989,"CABO DE COBRE, RIGIDO, CLASSE 2, ISOLACAO EM PVC/A, ANTICHAMA BWF-B, 1 CONDUTOR, 450/750 V, SECAO NOMINAL 95 MM2",M,REPRESENTADO,24.2651934,24.2651934,24.2651934,24.2651934,24.2651934,24.2651934,24.2651934,24.2651934,24.2651934,24.2651934,24.2651934,24.2651934,24.2651934,24.2651934,24.2651934,24.2651934,24.2651934,24.2651934,24.2651934,24.2651934,24.2651934,24.2651934,24.2651934,24.2651934,24.2651934,24.2651934,24.2651934,SINAPI_familias_e_coeficientes_2025_06.xlsx,
981,34602,"CABO FLEXIVEL PVC 750 V, 2 CONDUTORES DE 1,5 MM2",M,REPRESENTADO,1.1139729,1.1139729,1.1139729,1.1139729,1.1139729,1.1139729,1.1139729,1.1139729,1.1139729,1.1139729,1.1139729,1.1139729,1.1139729,1.1139729,1.1139729,1.1139729,1.1139729,1.1139729,1.1139729,1.1139729,1.1139729,1.1139729,1.1139729,1.1139729,1.1139729,1.1139729,1.1139729,SINAPI_familias_e_coeficientes_2025_06.xlsx,
981,34607,"CABO FLEXIVEL PVC 750 V, 2 CONDUTORES DE 4,0 MM2",M,REPRESENTADO,2.7282772,2.7282772,2.7282772,2.7282772,2.7282772,2.7282772,2.7282772,2.7282772,2.7282772,2.7282772,2.7282772,2.7282772,2.7282772,2.7282772,2.7282772,2.7282772,2.7282772,2.7282772,2.7282772,2.7282772,2.7282772,2.7282772,2.7282772,2.7282772,2.7282772,2.7282772,2.7282772,SINAPI_familias_e_coeficientes_2025_06.xlsx,
981,34609,"CABO FLEXIVEL PVC 750 V, 2 CONDUTORES DE 6,0 MM2",M,REPRESENTADO,3.9684982,3.9684982,3.9684982,3.9684982,3.9684982,3.9684982,3.9684982,3.9684982,3.9684982,3.9684982,3.9684982,3.9684982,3.9684982,3.9684982,3.9684982,3.9684982,3.9684982,3.9684982,3.9684982,3.9684982,3.9684982,3.9684982,3.9684982,3.9684982,3.9684982,3.9684982,3.9684982,SINAPI_familias_e_coeficientes_2025_06.xlsx,
981,34618,"CABO FLEXIVEL PVC 750 V, 3 CONDUTORES DE 1,5 MM2",M,REPRESENTADO,1.5182521,1.5182521,1.5182521,1.5182521,1.5182521,1.5182521,1.5182521,1.5182521,1.5182521,1.5182521,1.5182521,1.5182521,1.5182521,1.5182521,1.5182521,1.5182521,1.5182521,1.5182521,1.5182521,1.5182521,1.5182521,1.5182521,1.5182521,1.5182521,1.5182521,1.5182521,1.5182521,SINAPI_familias_e_coeficientes_2025_06.xlsx,
981,34621,"CABO FLEXIVEL PVC 750 V, 3 CONDUTORES DE 4,0 MM2",M,REPRESENTADO,3.7612858,3.7612858,3.7612858,3.7612858,3.7612858,3.7612858,3.7612858,3.7612858,3.7612858,3.7612858,3.7612858,3.7612858,3.7612858,3.7612858,3.7612858,3.7612858,3.7612858,3.7612858,3.7612858,3.7612858,3.7612858,3.7612858,3.7612858,3.7612858,3.7612858,3.7612858,3.7612858,SINAPI_familias_e_coeficientes_2025_06.xlsx,
981,34622,"CABO FLEXIVEL PVC 750 V, 3 CONDUTORES DE 6,0 MM2",M,REPRESENTADO,5.5873029,5.5873029,5.5873029,5.5873029,5.5873029,5.5873029,5.5873029,5.5873029,5.5873029,5.5873029,5.5873029,5.5873029,5.5873029,5.5873029,5.5873029,5.5873029,5.5873029,5.5873029,5.5873029,5.5873029,5.5873029,5.5873029,5.5873029,5.5873029,5.5873029,5.5873029,5.5873029,SINAPI_familias_e_coeficientes_2025_06.xlsx,
981,34624,"CABO FLEXIVEL PVC 750 V, 4 CONDUTORES DE 1,5 MM2",M,REPRESENTADO,2.0269814,2.0269814,2.0269814,2.0269814,2.0269814,2.0269814,2.0269814,2.0269814,2.0269814,2.0269814,2.0269814,2.0269814,2.0269814,2.0269814,2.0269814,2.0269814,2.0269814,2.0269814,2.0269814,2.0269814,2.0269814,2.0269814,2.0269814,2.0269814,2.0269814,2.0269814,2.0269814,SINAPI_familias_e_coeficientes_2025_06.xlsx,
981,34627,"CABO FLEXIVEL PVC 750 V, 4 CONDUTORES DE 4,0 MM2",M,REPRESENTADO,4.886228,4.886228,4.886228,4.886228,4.886228,4.886228,4.886228,4.886228,4.886228,4.886228,4.886228,4.886228,4.886228,4.886228,4.886228,4.886228,4.886228,4.886228,4.886228,4.886228,4.886228,4.886228,4.886228,4.886228,4.886228,4.886228,4.886228,SINAPI_familias_e_coeficientes_2025_06.xlsx,
981,34629,"CABO FLEXIVEL PVC 750 V, 4 CONDUTORES DE 6,0 MM2",M,REPRESENTADO,7.4647715,7.4647715,7.4647715,7.4647715,7.4647715,7.4647715,7.4647715,7.4647715,7.4647715,7.4647715,7.4647715,7.4647715,7.4647715,7.4647715,7.4647715,7.4647715,7.4647715,7.4647715,7.4647715,7.4647715,7.4647715,7.4647715,7.4647715,7.4647715,7.4647715,7.4647715,7.4647715,SINAPI_familias_e_coeficientes_2025_06.xlsx,
981,39257,"CABO MULTIPOLAR DE COBRE, FLEXIVEL, CLASSE 4 OU 5, ISOLACAO EM HEPR, COBERTURA EM PVC-ST2, ANTICHAMA BWF-B, 0,6/1 KV, 3 CONDUTORES DE 1,5 MM2",M,REPRESENTADO,1.5198192,1.5198192,1.5198192,1.5198192,1.5198192,1.5198192,1.5198192,1.5198192,1.5198192,1.5198192,1.5198192,1.5198192,1.5198192,1.5198192,1.5198192,1.5198192,1.5198192,1.5198192,1.5198192,1.5198192,1.5198192,1.5198192,1.5198192,1.5198192,1.5198192,1.5198192,1.5198192,SINAPI_familias_e_coeficientes_2025_06.xlsx,
981,39261,"CABO MULTIPOLAR DE COBRE, FLEXIVEL, CLASSE 4 OU 5, ISOLACAO EM HEPR, COBERTURA EM PVC-ST2, ANTICHAMA BWF-B, 0,6/1 KV, 3 CONDUTORES DE 10 MM2",M,REPRESENTADO,8.697117,8.697117,8.697117,8.697117,8.697117,8.697117,8.697117,8.697117,8.697117,8.697117,8.697117,8.697117,8.697117,8.697117,8.697117,8.697117,8.697117,8.697117,8.697117,8.697117,8.697117,8.697117,8.697117,8.697117,8.697117,8.697117,8.697117,SINAPI_familias_e_coeficientes_2025_06.xlsx,
981,39268,"CABO MULTIPOLAR DE COBRE, FLEXIVEL, CLASSE 4 OU 5, ISOLACAO EM HEPR, COBERTURA EM PVC-ST2, ANTICHAMA BWF-B, 0,6/1 KV, 3 CONDUTORES DE 120 MM2",M,REPRESENTADO,135.9216474,135.9216474,135.9216474,135.9216474,135.9216474,135.9216474,135.9216474,135.9216474,135.9216474,135.9216474,135.9216474,135.9216474,135.9216474,135.9216474,135.9216474,135.9216474,135.9216474,135.9216474,135.9216474,135.9216474,135.9216474,135.9216474,135.9216474,135.9216474,135.9216474,135.9216474,135.9216474,SINAPI_familias_e_coeficientes_2025_06.xlsx,
981,39262,"CABO MULTIPOLAR DE COBRE, FLEXIVEL, CLASSE 4 OU 5, ISOLACAO EM HEPR, COBERTURA EM PVC-ST2, ANTICHAMA BWF-B, 0,6/1 KV, 3 CONDUTORES DE 16 MM2",M,REPRESENTADO,13.8483174,13.8483174,13.8483174,13.8483174,13.8483174,13.8483174,13.8483174,13.8483174,13.8483174,13.8483174,13.8483174,13.8483174,13.8483174,13.8483174,13.8483174,13.8483174,13.8483174,13.8483174,13.8483174,13.8483174,13.8483174,13.8483174,13.8483174,13.8483174,13.8483174,13.8483174,13.8483174,SINAPI_familias_e_coeficientes_2025_06.xlsx,
981,39258,"CABO MULTIPOLAR DE COBRE, FLEXIVEL, CLASSE 4 OU 5, ISOLACAO EM HEPR, COBERTURA EM PVC-ST2, ANTICHAMA BWF-B, 0,6/1 KV, 3 CONDUTORES DE 2,5 MM2",M,REPRESENTADO,2.2901858,2.2901858,2.2901858,2.2901858,2.2901858,2.2901858,2.2901858,2.2901858,2.2901858,2.2901858,2.2901858,2.2901858,2.2901858,2.2901858,2.2901858,2.2901858,2.2901858,2.2901858,2.2901858,2.2901858,2.2901858,2.2901858,2.2901858,2.2901858,2.2901858,2.2901858,2.2901858,SINAPI_familias_e_coeficientes_2025_06.xlsx,
981,39263,"CABO MULTIPOLAR DE COBRE, FLEXIVEL, CLASSE 4 OU 5, ISOLACAO EM HEPR, COBERTURA EM PVC-ST2, ANTICHAMA BWF-B, 0,6/1 KV, 3 CONDUTORES DE 25 MM2",M,REPRESENTADO,23.9457559,23.9457559,23.9457559,23.9457559,23.9457559,23.9457559,23.9457559,23.9457559,23.9457559,23.9457559,23.9457559,23.9457559,23.9457559,23.9457559,23.9457559,23.9457559,23.9457559,23.9457559,23.9457559,23.9457559,23.9457559,23.9457559,23.9457559,23.9457559,23.9457559,23.9457559,23.9457559,SINAPI_familias_e_coeficientes_2025_06.xlsx,
981,39264,"CABO MULTIPOLAR DE COBRE, FLEXIVEL, CLASSE 4 OU 5, ISOLACAO EM HEPR, COBERTURA EM PVC-ST2, ANTICHAMA BWF-B, 0,6/1 KV, 3 CONDUTORES DE 35 MM2",M,REPRESENTADO,33.1712707,33.1712707,33.1712707,33.1712707,33.1712707,33.1712707,33.1712707,33.1712707,33.1712707,33.1712707,33.1712707,33.1712707,33.1712707,33.1712707,33.1712707,33.1712707,33.1712707,33.1712707,33.1712707,33.1712707,33.1712707,33.1712707,33.1712707,33.1712707,33.1712707,33.1712707,33.1712707,SINAPI_familias_e_coeficientes_2025_06.xlsx,
981,39259,"CABO MULTIPOLAR DE COBRE, FLEXIVEL, CLASSE 4 OU 5, ISOLACAO EM HEPR, COBERTURA EM PVC-ST2, ANTICHAMA BWF-B, 0,6/1 KV, 3 CONDUTORES DE 4 MM2",M,REPRESENTADO,3.5261878,3.5261878,3.5261878,3.5261878,3.5261878,3.5261878,3.5261878,3.5261878,3.5261878,3.5261878,3.5261878,3.5261878,3.5261878,3.5261878,3.5261878,3.5261878,3.5261878,3.5261878,3.5261878,3.5261878,3.5261878,3.5261878,3.5261878,3.5261878,3.5261878,3.5261878,3.5261878,SINAPI_familias_e_coeficientes_2025_06.xlsx,
981,39265,"CABO MULTIPOLAR DE COBRE, FLEXIVEL, CLASSE 4 OU 5, ISOLACAO EM HEPR, COBERTURA EM PVC-ST2, ANTICHAMA BWF-B, 0,6/1 KV, 3 CONDUTORES DE 50 MM2",M,REPRESENTADO,45.034656,45.034656,45.034656,45.034656,45.034656,45.034656,45.034656,45.034656,45.034656,45.034656,45.034656,45.034656,45.034656,45.034656,45.034656,45.034656,45.034656,45.034656,45.034656,45.034656,45.034656,45.034656,45.034656,45.034656,45.034656,45.034656,45.034656,SINAPI_familias_e_coeficientes_2025_06.xlsx,
981,39260,"CABO MULTIPOLAR DE COBRE, FLEXIVEL, CLASSE 4 OU 5, ISOLACAO EM HEPR, COBERTURA EM PVC-ST2, ANTICHAMA BWF-B, 0,6/1 KV, 3 CONDUTORES DE 6 MM2",M,REPRESENTADO,5.3986941,5.3986941,5.3986941,5.3986941,5.3986941,5.3986941,5.3986941,5.3986941,5.3986941,5.3986941,5.3986941,5.3986941,5.3986941,5.3986941,5.3986941,5.3986941,5.3986941,5.3986941,5.3986941,5.3986941,5.3986941,5.3986941,5.3986941,5.3986941,5.3986941,5.3986941,5.3986941,SINAPI_familias_e_coeficientes_2025_06.xlsx,
981,39266,"CABO MULTIPOLAR DE COBRE, FLEXIVEL, CLASSE 4 OU 5, ISOLACAO EM HEPR, COBERTURA EM PVC-ST2, ANTICHAMA BWF-B, 0,6/1 KV, 3 CONDUTORES DE 70 MM2",M,REPRESENTADO,67.9558011,67.9558011,67.9558011,67.9558011,67.9558011,67.9558011,67.9558011,67.9558011,67.9558011,67.9558011,67.9558011,67.9558011,67.9558011,67.9558011,67.9558011,67.9558011,67.9558011,67.9558011,67.9558011,67.9558011,67.9558011,67.9558011,67.9558011,67.9558011,67.9558011,67.9558011,67.9558011,SINAPI_familias_e_coeficientes_2025_06.xlsx,
981,39267,"CABO MULTIPOLAR DE COBRE, FLEXIVEL, CLASSE 4 OU 5, ISOLACAO EM HEPR, COBERTURA EM PVC-ST2, ANTICHAMA BWF-B, 0,6/1 KV, 3 CONDUTORES DE 95 MM2",M,REPRESENTADO,84.9623305,84.9623305,84.9623305,84.9623305,84.9623305,84.9623305,84.9623305,84.9623305,84.9623305,84.9623305,84.9623305,84.9623305,84.9623305,84.9623305,84.9623305,84.9623305,84.9623305,84.9623305,84.9623305,84.9623305,84.9623305,84.9623305,84.9623305,84.9623305,84.9623305,84.9623305,84.9623305,SINAPI_familias_e_coeficientes_2025_06.xlsx,
981,12329,COBRE ELETROLITICO EM BARRA OU CHAPA,KG,REPRESENTADO,34.3545957,34.3545957,34.3545957,34.3545957,34.3545957,34.3545957,34.3545957,34.3545957,34.3545957,34.3545957,34.3545957,34.3545957,34.3545957,34.3545957,34.3545957,34.3545957,34.3545957,34.3545957,34.3545957,34.3545957,34.3545957,34.3545957,34.3545957,34.3545957,34.3545957,34.3545957,34.3545957,SINAPI_familias_e_coeficientes_2025_06.xlsx,
981,39269,"CORDAO DE COBRE, FLEXIVEL, TORCIDO, CLASSE 4 OU 5, ISOLACAO EM PVC/D, 300 V, 2 CONDUTORES DE 0,5 MM2",M,REPRESENTADO,0.3628127,0.3628127,0.3628127,0.3628127,0.3628127,0.3628127,0.3628127,0.3628127,0.3628127,0.3628127,0.3628127,0.3628127,0.3628127,0.3628127,0.3628127,0.3628127,0.3628127,0.3628127,0.3628127,0.3628127,0.3628127,0.3628127,0.3628127,0.3628127,0.3628127,0.3628127,0.3628127,SINAPI_familias_e_coeficientes_2025_06.xlsx,
981,11889,"CORDAO DE COBRE, FLEXIVEL, TORCIDO, CLASSE 4 OU 5, ISOLACAO EM PVC/D, 300 V, 2 CONDUTORES DE 0,75 MM2",M,REPRESENTADO,0.4980814,0.4980814,0.4980814,0.4980814,0.4980814,0.4980814,0.4980814,0.4980814,0.4980814,0.4980814,0.4980814,0.4980814,0.4980814,0.4980814,0.4980814,0.4980814,0.4980814,0.4980814,0.4980814,0.4980814,0.4980814,0.4980814,0.4980814,0.4980814,0.4980814,0.4980814,0.4980814,SINAPI_familias_e_coeficientes_2025_06.xlsx,
981,39270,"CORDAO DE COBRE, FLEXIVEL, TORCIDO, CLASSE 4 OU 5, ISOLACAO EM PVC/D, 300 V, 2 CONDUTORES DE 1,0 MM2",M,REPRESENTADO,0.6470116,0.6470116,0.6470116,0.6470116,0.6470116,0.6470116,0.6470116,0.6470116,0.6470116,0.6470116,0.6470116,0.6470116,0.6470116,0.6470116,0.6470116,0.6470116,0.6470116,0.6470116,0.6470116,0.6470116,0.6470116,0.6470116,0.6470116,0.6470116,0.6470116,0.6470116,0.6470116,SINAPI_familias_e_coeficientes_2025_06.xlsx,
981,11890,"CORDAO DE COBRE, FLEXIVEL, TORCIDO, CLASSE 4 OU 5, ISOLACAO EM PVC/D, 300 V, 2 CONDUTORES DE 1,5 MM2",M,REPRESENTADO,0.8800804,0.8800804,0.8800804,0.8800804,0.8800804,0.8800804,0.8800804,0.8800804,0.8800804,0.8800804,0.8800804,0.8800804,0.8800804,0.8800804,0.8800804,0.8800804,0.8800804,0.8800804,0.8800804,0.8800804,0.8800804,0.8800804,0.8800804,0.8800804,0.8800804,0.8800804,0.8800804,SINAPI_familias_e_coeficientes_2025_06.xlsx,
981,11891,"CORDAO DE COBRE, FLEXIVEL, TORCIDO, CLASSE 4 OU 5, ISOLACAO EM PVC/D, 300 V, 2 CONDUTORES DE 2,5 MM2",M,REPRESENTADO,1.42666,1.42666,1.42666,1.42666,1.42666,1.42666,1.42666,1.42666,1.42666,1.42666,1.42666,1.42666,1.42666,1.42666,1.42666,1.42666,1.42666,1.42666,1.42666,1.42666,1.42666,1.42666,1.42666,1.42666,1.42666,1.42666,1.42666,SINAPI_familias_e_coeficientes_2025_06.xlsx,
981,11892,"CORDAO DE COBRE, FLEXIVEL, TORCIDO, CLASSE 4 OU 5, ISOLACAO EM PVC/D, 300 V, 2 CONDUTORES DE 4 MM2",M,REPRESENTADO,2.3313511,2.3313511,2.3313511,2.3313511,2.3313511,2.3313511,2.3313511,2.3313511,2.3313511,2.3313511,2.3313511,2.3313511,2.3313511,2.3313511,2.3313511,2.3313511,2.3313511,2.3313511,2.3313511,2.3313511,2.3313511,2.3313511,2.3313511,2.3313511,2.3313511,2.3313511,2.3313511,SINAPI_familias_e_coeficientes_2025_06.xlsx,
981,938,"FIO DE COBRE, SOLIDO, CLASSE 1, ISOLACAO EM PVC/A, ANTICHAMA BWF-B, 450/750V, SECAO NOMINAL 1,5 MM2",M,REPRESENTADO,0.417117,0.417117,0.417117,0.417117,0.417117,0.417117,0.417117,0.417117,0.417117,0.417117,0.417117,0.417117,0.417117,0.417117,0.417117,0.417117,0.417117,0.417117,0.417117,0.417117,0.417117,0.417117,0.417117,0.417117,0.417117,0.417117,0.417117,SINAPI_familias_e_coeficientes_2025_06.xlsx,
981,937,"FIO DE COBRE, SOLIDO, CLASSE 1, ISOLACAO EM PVC/A, ANTICHAMA BWF-B, 450/750V, SECAO NOMINAL 10 MM2",M,REPRESENTADO,2.4279658,2.4279658,2.4279658,2.4279658,2.4279658,2.4279658,2.4279658,2.4279658,2.4279658,2.4279658,2.4279658,2.4279658,2.4279658,2.4279658,2.4279658,2.4279658,2.4279658,2.4279658,2.4279658,2.4279658,2.4279658,2.4279658,2.4279658,2.4279658,2.4279658,2.4279658,2.4279658,SINAPI_familias_e_coeficientes_2025_06.xlsx,
981,939,"FIO DE COBRE, SOLIDO, CLASSE 1, ISOLACAO EM PVC/A, ANTICHAMA BWF-B, 450/750V, SECAO NOMINAL 2,5 MM2",M,REPRESENTADO,0.6743144,0.6743144,0.6743144,0.6743144,0.6743144,0.6743144,0.6743144,0.6743144,0.6743144,0.6743144,0.6743144,0.6743144,0.6743144,0.6743144,0.6743144,0.6743144,0.6743144,0.6743144,0.6743144,0.6743144,0.6743144,0.6743144,0.6743144,0.6743144,0.6743144,0.6743144,0.6743144,SINAPI_familias_e_coeficientes_2025_06.xlsx,
981,944,"FIO DE COBRE, SOLIDO, CLASSE 1, ISOLACAO EM PVC/A, ANTICHAMA BWF-B, 450/750V, SECAO NOMINAL 4 MM2",M,REPRESENTADO,1.0649121,1.0649121,1.0649121,1.0649121,1.0649121,1.0649121,1.0649121,1.0649121,1.0649121,1.0649121,1.0649121,1.0649121,1.0649121,1.0649121,1.0649121,1.0649121,1.0649121,1.0649121,1.0649121,1.0649121,1.0649121,1.0649121,1.0649121,1.0649121,1.0649121,1.0649121,1.0649121,SINAPI_familias_e_coeficientes_2025_06.xlsx,
981,940,"FIO DE COBRE, SOLIDO, CLASSE 1, ISOLACAO EM PVC/A, ANTICHAMA BWF-B, 450/750V, SECAO NOMINAL 6 MM2",M,REPRESENTADO,1.5369563,1.5369563,1.5369563,1.5369563,1.5369563,1.5369563,1.5369563,1.5369563,1.5369563,1.5369563,1.5369563,1.5369563,1.5369563,1.5369563,1.5369563,1.5369563,1.5369563,1.5369563,1.5369563,1.5369563,1.5369563,1.5369563,1.5369563,1.5369563,1.5369563,1.5369563,1.5369563,SINAPI_familias_e_coeficientes_2025_06.xlsx,
1030,1030,"CAIXA DE DESCARGA PLASTICA PARA BACIA / VASO SANITARIO, EXTERNA, CAPACIDADE 9 LITROS, PUXADOR FIO DE NYLON, NAO INCLUSO CANO, BOLSA, ENGATE",UN,REPRESENTATIVO,1,1,1,1,1,1,1,1,1,1,1,1,1,1,1,1,1,1,1,1,1,1,1,1,1,1,1,SINAPI_familias_e_coeficientes_2025_06.xlsx,
1030,6140,"BOLSA DE LIGACAO EM PVC FLEXIVEL PARA VASO SANITARIO 40 MM (1 1/2"")",UN,REPRESENTADO,0.0871052,0.0871052,0.0871052,0.0871052,0.0871052,0.0871052,0.0871052,0.0871052,0.0871052,0.0871052,0.0871052,0.0871052,0.0871052,0.0871052,0.0871052,0.0871052,0.0871052,0.0871052,0.0871052,0.0871052,0.0871052,0.0871052,0.0871052,0.0871052,0.0871052,0.0871052,0.0871052,SINAPI_familias_e_coeficientes_2025_06.xlsx,
1030,11694,"CAIXA DE DESCARGA PLASTICA PARA BACIA / VASO SANITARIO DE EMBUTIR, COM ESPELHO ACIONADOR EM PLASTICO, CAPACIDADE 6 A 10 LITROS, (COMPLETA - ACESSORIOS INCLUSOS)",UN,REPRESENTADO,22.1052631,22.1052631,22.1052631,22.1052631,22.1052631,22.1052631,22.1052631,22.1052631,22.1052631,22.1052631,22.1052631,22.1052631,22.1052631,22.1052631,22.1052631,22.1052631,22.1052631,22.1052631,22.1052631,22.1052631,22.1052631,22.1052631,22.1052631,22.1052631,22.1052631,22.1052631,22.1052631,SINAPI_familias_e_coeficientes_2025_06.xlsx,
1030,6142,"CONJUNTO DE LIGACAO AJUSTAVEL, PARA VASO / BACIA SANITARIA, EM PLASTICO BRANCO, COM TUBO, CANOPLA E ESPUDE",UN,REPRESENTADO,0.1892105,0.1892105,0.1892105,0.1892105,0.1892105,0.1892105,0.1892105,0.1892105,0.1892105,0.1892105,0.1892105,0.1892105,0.1892105,0.1892105,0.1892105,0.1892105,0.1892105,0.1892105,0.1892105,0.1892105,0.1892105,0.1892105,0.1892105,0.1892105,0.1892105,0.1892105,0.1892105,SINAPI_familias_e_coeficientes_2025_06.xlsx,
1030,11686,"CONJUNTO DE LIGACAO PARA VASO / BACIA SANITARIA, EM PLASTICO BRANCO, COM TUBO, CANOPLA E ANEL DE EXPANSAO (TUBO 1.1/2"" X 20 CM)",UN,REPRESENTADO,0.2626315,0.2626315,0.2626315,0.2626315,0.2626315,0.2626315,0.2626315,0.2626315,0.2626315,0.2626315,0.2626315,0.2626315,0.2626315,0.2626315,0.2626315,0.2626315,0.2626315,0.2626315,0.2626315,0.2626315,0.2626315,0.2626315,0.2626315,0.2626315,0.2626315,0.2626315,0.2626315,SINAPI_familias_e_coeficientes_2025_06.xlsx,
1030,1031,"TUBO DE DESCIDA EXTERNO, DE PVC, PARA CAIXA DE DESCARGA EXTERNA ALTA - DIAMETRO DE 40 MM E ALTURA DE APROXIMADAMENTE 1,55 M",UN,REPRESENTADO,0.3031578,0.3031578,0.3031578,0.3031578,0.3031578,0.3031578,0.3031578,0.3031578,0.3031578,0.3031578,0.3031578,0.3031578,0.3031578,0.3031578,0.3031578,0.3031578,0.3031578,0.3031578,0.3031578,0.3031578,0.3031578,0.3031578,0.3031578,0.3031578,0.3031578,0.3031578,0.3031578,SINAPI_familias_e_coeficientes_2025_06.xlsx,
1092,1092,"ARMACAO VERTICAL COM HASTE E CONTRA-PINO, EM CHAPA DE ACO GALVANIZADO 3/16"", COM 2 ESTRIBOS, SEM ISOLADOR",UN,REPRESENTATIVO,1,1,1,1,1,1,1,1,1,1,1,1,1,1,1,1,1,1,1,1,1,1,1,1,1,1,1,SINAPI_familias_e_coeficientes_2025_06.xlsx,
1092,427,"ALCA PREFORMADA DE CONTRA POSTE, EM ACO GALVANIZADO, PARA CABO 3/16"", COMPRIMENTO *860* MM",UN,REPRESENTADO,0.2183606,0.2183606,0.2183606,0.2183606,0.2183606,0.2183606,0.2183606,0.2183606,0.2183606,0.2183606,0.2183606,0.2183606,0.2183606,0.2183606,0.2183606,0.2183606,0.2183606,0.2183606,0.2183606,0.2183606,0.2183606,0.2183606,0.2183606,0.2183606,0.2183606,0.2183606,0.2183606,SINAPI_familias_e_coeficientes_2025_06.xlsx,
1092,417,"ALCA PREFORMADA DE DISTRIBUICAO, EM ACO GALVANIZADO, PARA CABO DE ALUMINIO DIAMETRO 16 A 25 MM",UN,REPRESENTADO,0.1029508,0.1029508,0.1029508,0.1029508,0.1029508,0.1029508,0.1029508,0.1029508,0.1029508,0.1029508,0.1029508,0.1029508,0.1029508,0.1029508,0.1029508,0.1029508,0.1029508,0.1029508,0.1029508,0.1029508,0.1029508,0.1029508,0.1029508,0.1029508,0.1029508,0.1029508,0.1029508,SINAPI_familias_e_coeficientes_2025_06.xlsx,
1092,11273,"ALCA PREFORMADA DE DISTRIBUICAO, EM ACO GALVANIZADO, PARA CONDUTORES DE ALUMINIO AWG 1/0 (CAA 6/1 OU CA 7 FIOS)",UN,REPRESENTADO,0.3193442,0.3193442,0.3193442,0.3193442,0.3193442,0.3193442,0.3193442,0.3193442,0.3193442,0.3193442,0.3193442,0.3193442,0.3193442,0.3193442,0.3193442,0.3193442,0.3193442,0.3193442,0.3193442,0.3193442,0.3193442,0.3193442,0.3193442,0.3193442,0.3193442,0.3193442,0.3193442,SINAPI_familias_e_coeficientes_2025_06.xlsx,
1092,11272,"ALCA PREFORMADA DE DISTRIBUICAO, EM ACO GALVANIZADO, PARA CONDUTORES DE ALUMINIO AWG 2 (CAA 6/1 OU CA 7 FIOS)",UN,REPRESENTADO,0.1927868,0.1927868,0.1927868,0.1927868,0.1927868,0.1927868,0.1927868,0.1927868,0.1927868,0.1927868,0.1927868,0.1927868,0.1927868,0.1927868,0.1927868,0.1927868,0.1927868,0.1927868,0.1927868,0.1927868,0.1927868,0.1927868,0.1927868,0.1927868,0.1927868,0.1927868,0.1927868,SINAPI_familias_e_coeficientes_2025_06.xlsx,
1092,11275,"ALCA PREFORMADA DE SERVICO, EM ACO GALVANIZADO, PARA CONDUTORES DE ALUMINIO AWG 4 (CAA 6/1)",UN,REPRESENTADO,0.077377,0.077377,0.077377,0.077377,0.077377,0.077377,0.077377,0.077377,0.077377,0.077377,0.077377,0.077377,0.077377,0.077377,0.077377,0.077377,0.077377,0.077377,0.077377,0.077377,0.077377,0.077377,0.077377,0.077377,0.077377,0.077377,0.077377,SINAPI_familias_e_coeficientes_2025_06.xlsx,
1092,11274,"ALCA PREFORMADA DE SERVICO, EM ACO GALVANIZADO, PARA CONDUTORES DE ALUMINIO AWG 6 (CAA 6/1)",UN,REPRESENTADO,0.0590163,0.0590163,0.0590163,0.0590163,0.0590163,0.0590163,0.0590163,0.0590163,0.0590163,0.0590163,0.0590163,0.0590163,0.0590163,0.0590163,0.0590163,0.0590163,0.0590163,0.0590163,0.0590163,0.0590163,0.0590163,0.0590163,0.0590163,0.0590163,0.0590163,0.0590163,0.0590163,SINAPI_familias_e_coeficientes_2025_06.xlsx,
1092,11789,ANEL DE DISTRIBUICAO EM ACO GALVANIZADO PARA FIO FE-160,UN,REPRESENTADO,0.0291803,0.0291803,0.0291803,0.0291803,0.0291803,0.0291803,0.0291803,0.0291803,0.0291803,0.0291803,0.0291803,0.0291803,0.0291803,0.0291803,0.0291803,0.0291803,0.0291803,0.0291803,0.0291803,0.0291803,0.0291803,0.0291803,0.0291803,0.0291803,0.0291803,0.0291803,0.0291803,SINAPI_familias_e_coeficientes_2025_06.xlsx,
1092,1091,"ARMACAO VERTICAL COM HASTE E CONTRA-PINO, EM CHAPA DE ACO GALVANIZADO 3/16"", COM 1 ESTRIBO E 1 ISOLADOR",UN,REPRESENTADO,0.8695081,0.8695081,0.8695081,0.8695081,0.8695081,0.8695081,0.8695081,0.8695081,0.8695081,0.8695081,0.8695081,0.8695081,0.8695081,0.8695081,0.8695081,0.8695081,0.8695081,0.8695081,0.8695081,0.8695081,0.8695081,0.8695081,0.8695081,0.8695081,0.8695081,0.8695081,0.8695081,SINAPI_familias_e_coeficientes_2025_06.xlsx,
1092,1094,"ARMACAO VERTICAL COM HASTE E CONTRA-PINO, EM CHAPA DE ACO GALVANIZADO 3/16"", COM 1 ESTRIBO, SEM ISOLADOR",UN,REPRESENTADO,0.6081967,0.6081967,0.6081967,0.6081967,0.6081967,0.6081967,0.6081967,0.6081967,0.6081967,0.6081967,0.6081967,0.6081967,0.6081967,0.6081967,0.6081967,0.6081967,0.6081967,0.6081967,0.6081967,0.6081967,0.6081967,0.6081967,0.6081967,0.6081967,0.6081967,0.6081967,0.6081967,SINAPI_familias_e_coeficientes_2025_06.xlsx,
1092,1095,"ARMACAO VERTICAL COM HASTE E CONTRA-PINO, EM CHAPA DE ACO GALVANIZADO 3/16"", COM 2 ESTRIBOS, E 2 ISOLADORES",UN,REPRESENTADO,1.292459,1.292459,1.292459,1.292459,1.292459,1.292459,1.292459,1.292459,1.292459,1.292459,1.292459,1.292459,1.292459,1.292459,1.292459,1.292459,1.292459,1.292459,1.292459,1.292459,1.292459,1.292459,1.292459,1.292459,1.292459,1.292459,1.292459,SINAPI_familias_e_coeficientes_2025_06.xlsx,
1092,1093,"ARMACAO VERTICAL COM HASTE E CONTRA-PINO, EM CHAPA DE ACO GALVANIZADO 3/16"", COM 3 ESTRIBOS E 3 ISOLADORES",UN,REPRESENTADO,2.3354098,2.3354098,2.3354098,2.3354098,2.3354098,2.3354098,2.3354098,2.3354098,2.3354098,2.3354098,2.3354098,2.3354098,2.3354098,2.3354098,2.3354098,2.3354098,2.3354098,2.3354098,2.3354098,2.3354098,2.3354098,2.3354098,2.3354098,2.3354098,2.3354098,2.3354098,2.3354098,SINAPI_familias_e_coeficientes_2025_06.xlsx,
1092,1090,"ARMACAO VERTICAL COM HASTE E CONTRA-PINO, EM CHAPA DE ACO GALVANIZADO 3/16"", COM 3 ESTRIBOS, SEM ISOLADOR",UN,REPRESENTADO,1.6721311,1.6721311,1.6721311,1.6721311,1.6721311,1.6721311,1.6721311,1.6721311,1.6721311,1.6721311,1.6721311,1.6721311,1.6721311,1.6721311,1.6721311,1.6721311,1.6721311,1.6721311,1.6721311,1.6721311,1.6721311,1.6721311,1.6721311,1.6721311,1.6721311,1.6721311,1.6721311,SINAPI_familias_e_coeficientes_2025_06.xlsx,
1092,1096,"ARMACAO VERTICAL COM HASTE E CONTRA-PINO, EM CHAPA DE ACO GALVANIZADO 3/16"", COM 4 ESTRIBOS E 4 ISOLADORES",UN,REPRESENTADO,3.0091803,3.0091803,3.0091803,3.0091803,3.0091803,3.0091803,3.0091803,3.0091803,3.0091803,3.0091803,3.0091803,3.0091803,3.0091803,3.0091803,3.0091803,3.0091803,3.0091803,3.0091803,3.0091803,3.0091803,3.0091803,3.0091803,3.0091803,3.0091803,3.0091803,3.0091803,3.0091803,SINAPI_familias_e_coeficientes_2025_06.xlsx,
1092,1097,"ARMACAO VERTICAL COM HASTE E CONTRA-PINO, EM CHAPA DE ACO GALVANIZADO 3/16"", COM 4 ESTRIBOS, SEM ISOLADOR",UN,REPRESENTADO,2.5544262,2.5544262,2.5544262,2.5544262,2.5544262,2.5544262,2.5544262,2.5544262,2.5544262,2.5544262,2.5544262,2.5544262,2.5544262,2.5544262,2.5544262,2.5544262,2.5544262,2.5544262,2.5544262,2.5544262,2.5544262,2.5544262,2.5544262,2.5544262,2.5544262,2.5544262,2.5544262,SINAPI_familias_e_coeficientes_2025_06.xlsx,
1092,420,"CINTA CIRCULAR EM ACO GALVANIZADO DE 150 MM DE DIAMETRO PARA FIXACAO DE CAIXA MEDICAO, INCLUI PARAFUSOS E PORCAS",UN,REPRESENTADO,0.9068852,0.9068852,0.9068852,0.9068852,0.9068852,0.9068852,0.9068852,0.9068852,0.9068852,0.9068852,0.9068852,0.9068852,0.9068852,0.9068852,0.9068852,0.9068852,0.9068852,0.9068852,0.9068852,0.9068852,0.9068852,0.9068852,0.9068852,0.9068852,0.9068852,0.9068852,0.9068852,SINAPI_familias_e_coeficientes_2025_06.xlsx,
1092,12327,CINTA CIRCULAR EM ACO GALVANIZADO DE 210 MM DE DIAMETRO PARA INSTALACAO DE TRANSFORMADOR EM POSTE DE CONCRETO,UN,REPRESENTADO,1.0803278,1.0803278,1.0803278,1.0803278,1.0803278,1.0803278,1.0803278,1.0803278,1.0803278,1.0803278,1.0803278,1.0803278,1.0803278,1.0803278,1.0803278,1.0803278,1.0803278,1.0803278,1.0803278,1.0803278,1.0803278,1.0803278,1.0803278,1.0803278,1.0803278,1.0803278,1.0803278,SINAPI_familias_e_coeficientes_2025_06.xlsx,
1092,402,"GANCHO OLHAL EM ACO GALVANIZADO, ESPESSURA 16MM, ABERTURA 21MM",UN,REPRESENTADO,0.4039344,0.4039344,0.4039344,0.4039344,0.4039344,0.4039344,0.4039344,0.4039344,0.4039344,0.4039344,0.4039344,0.4039344,0.4039344,0.4039344,0.4039344,0.4039344,0.4039344,0.4039344,0.4039344,0.4039344,0.4039344,0.4039344,0.4039344,0.4039344,0.4039344,0.4039344,0.4039344,SINAPI_familias_e_coeficientes_2025_06.xlsx,
1092,7569,"HASTE ANCORA EM ACO GALVANIZADO, DIMENSOES 16 MM X 2000 MM",UN,REPRESENTADO,1.8862295,1.8862295,1.8862295,1.8862295,1.8862295,1.8862295,1.8862295,1.8862295,1.8862295,1.8862295,1.8862295,1.8862295,1.8862295,1.8862295,1.8862295,1.8862295,1.8862295,1.8862295,1.8862295,1.8862295,1.8862295,1.8862295,1.8862295,1.8862295,1.8862295,1.8862295,1.8862295,SINAPI_familias_e_coeficientes_2025_06.xlsx,
1092,444,"PINO ROSCA EXTERNA, EM ACO GALVANIZADO, PARA ISOLADOR DE 15KV, DIAMETRO 25 MM, COMPRIMENTO *290* MM",UN,REPRESENTADO,0.8,0.8,0.8,0.8,0.8,0.8,0.8,0.8,0.8,0.8,0.8,0.8,0.8,0.8,0.8,0.8,0.8,0.8,0.8,0.8,0.8,0.8,0.8,0.8,0.8,0.8,0.8,SINAPI_familias_e_coeficientes_2025_06.xlsx,
1092,445,"PINO ROSCA EXTERNA, EM ACO GALVANIZADO, PARA ISOLADOR DE 25KV, DIAMETRO 35MM, COMPRIMENTO *320* MM",UN,REPRESENTADO,1.0950819,1.0950819,1.0950819,1.0950819,1.0950819,1.0950819,1.0950819,1.0950819,1.0950819,1.0950819,1.0950819,1.0950819,1.0950819,1.0950819,1.0950819,1.0950819,1.0950819,1.0950819,1.0950819,1.0950819,1.0950819,1.0950819,1.0950819,1.0950819,1.0950819,1.0950819,1.0950819,SINAPI_familias_e_coeficientes_2025_06.xlsx,
1092,12362,"PORCA OLHAL EM ACO GALVANIZADO, ESPESSURA 16MM, ABERTURA 21MM",UN,REPRESENTADO,0.434754,0.434754,0.434754,0.434754,0.434754,0.434754,0.434754,0.434754,0.434754,0.434754,0.434754,0.434754,0.434754,0.434754,0.434754,0.434754,0.434754,0.434754,0.434754,0.434754,0.434754,0.434754,0.434754,0.434754,0.434754,0.434754,0.434754,SINAPI_familias_e_coeficientes_2025_06.xlsx,
1092,7581,"SAPATILHA EM ACO GALVANIZADO PARA CABOS COM DIAMETRO NOMINAL ATE 5/8""",UN,REPRESENTADO,0.114754,0.114754,0.114754,0.114754,0.114754,0.114754,0.114754,0.114754,0.114754,0.114754,0.114754,0.114754,0.114754,0.114754,0.114754,0.114754,0.114754,0.114754,0.114754,0.114754,0.114754,0.114754,0.114754,0.114754,0.114754,0.114754,0.114754,SINAPI_familias_e_coeficientes_2025_06.xlsx,
1092,7576,"SUPORTE EM ACO GALVANIZADO PARA TRANSFORMADOR PARA POSTE DUPLO T 185 X 95 MM, CHAPA DE 5/16""",UN,REPRESENTADO,4.7101639,4.7101639,4.7101639,4.7101639,4.7101639,4.7101639,4.7101639,4.7101639,4.7101639,4.7101639,4.7101639,4.7101639,4.7101639,4.7101639,4.7101639,4.7101639,4.7101639,4.7101639,4.7101639,4.7101639,4.7101639,4.7101639,4.7101639,4.7101639,4.7101639,4.7101639,4.7101639,SINAPI_familias_e_coeficientes_2025_06.xlsx,
1106,1106,CAL HIDRATADA CH-I PARA ARGAMASSAS,KG,REPRESENTATIVO,1,1,1,1,1,1,1,1,1,1,1,1,1,1,1,1,1,1,1,1,1,1,1,1,1,1,1,SINAPI_familias_e_coeficientes_2025_06.xlsx,
1106,11161,CAL HIDRATADA PARA PINTURA,KG,REPRESENTADO,1.6727941,1.6727941,1.6727941,1.6727941,1.6727941,1.6727941,1.6727941,1.6727941,1.6727941,1.6727941,1.6727941,1.6727941,1.6727941,1.6727941,1.6727941,1.6727941,1.6727941,1.6727941,1.6727941,1.6727941,1.6727941,1.6727941,1.6727941,1.6727941,1.6727941,1.6727941,1.6727941,SINAPI_familias_e_coeficientes_2025_06.xlsx,
1106,1107,CAL VIRGEM COMUM PARA ARGAMASSAS (NBR 6453),KG,REPRESENTADO,0.8529412,0.8529412,0.8529412,0.8529412,0.8529412,0.8529412,0.8529412,0.8529412,0.8529412,0.8529412,0.8529412,0.8529412,0.8529412,0.8529412,0.8529412,0.8529412,0.8529412,0.8529412,0.8529412,0.8529412,0.8529412,0.8529412,0.8529412,0.8529412,0.8529412,0.8529412,0.8529412,SINAPI_familias_e_coeficientes_2025_06.xlsx,
1159,1159,"CAMINHONETE COM MOTOR A DIESEL, POTENCIA *160* CV, CABINE DUPLA, 4X4",UN,REPRESENTATIVO,1,1,1,1,1,1,1,1,1,1,1,1,1,1,1,1,1,1,1,1,1,1,1,1,1,1,1,SINAPI_familias_e_coeficientes_2025_06.xlsx,
1159,13617,"PICAPE CABINE SIMPLES COM MOTOR 1.6 FLEX, CAMBIO MANUAL, POTENCIA 101/104 CV, 2 PORTAS",UN,REPRESENTADO,0.366415,0.366415,0.366415,0.366415,0.366415,0.366415,0.366415,0.366415,0.366415,0.366415,0.366415,0.366415,0.366415,0.366415,0.366415,0.366415,0.366415,0.366415,0.366415,0.366415,0.366415,0.366415,0.366415,0.366415,0.366415,0.366415,0.366415,SINAPI_familias_e_coeficientes_2025_06.xlsx,
1213,1213,CARPINTEIRO DE FORMAS PARA CONCRETO (HORISTA),H,REPRESENTATIVO,1,1,1,1,1,1,1,1,1,1,1,1,1,1,1,1,1,1,1,1,1,1,1,1,1,1,1,SINAPI_familias_e_coeficientes_2025_06.xlsx,
1213,1214,CARPINTEIRO DE ESQUADRIAS (HORISTA),H,REPRESENTADO,0.9416508,0.9527403,0.9416508,0.9416508,0.9527403,0.9527403,0.9416508,1,0.9416508,0.9527403,1.1596097,0.9416508,0.9416508,0.9416508,0.9527403,0.9527403,0.9527403,0.9416508,1.0762055,0.9527403,0.9416508,0.9416508,0.9416508,0.9416508,0.9527403,1,0.9416508,SINAPI_familias_e_coeficientes_2025_06.xlsx,
1213,40915,CARPINTEIRO DE ESQUADRIAS (MENSALISTA),MES,REPRESENTADO,207.1631726,209.6028759,207.1631726,207.1631726,209.6028759,209.6028759,207.1631726,220,207.1631726,209.6028759,255.1141375,207.1631726,207.1631726,207.1631726,209.6028759,209.6028759,209.6028759,207.1631726,236.7652021,209.6028759,207.1631726,207.1631726,207.1631726,207.1631726,209.6028759,220,207.1631726,SINAPI_familias_e_coeficientes_2025_06.xlsx,
1213,40914,CARPINTEIRO DE FORMAS OU OFICIAL (MENSALISTA),MES,REPRESENTADO,220,220,220,220,220,220,220,220,220,220,220,220,220,220,220,220,220,220,220,220,220,220,220,220,220,220,220,SINAPI_familias_e_coeficientes_2025_06.xlsx,
1213,12868,MARCENEIRO (HORISTA),H,REPRESENTADO,0.9267893,0.9711177,0.9267893,0.9267893,0.9711177,0.9620948,0.9267893,0.9773738,0.9267893,0.9711177,1.001297,0.9267893,0.9267893,0.9267893,0.9711177,1,0.9711177,0.9173304,0.8612102,0.9711177,0.9267893,0.9267893,0.9267893,0.9267893,0.9711177,1,0.9267893,SINAPI_familias_e_coeficientes_2025_06.xlsx,
1213,40916,MARCENEIRO (MENSALISTA),MES,REPRESENTADO,203.89364,213.6458841,203.89364,203.89364,213.6458841,211.6608486,203.89364,215.0222353,203.89364,213.6458841,220.2853437,203.89364,203.89364,203.89364,213.6458841,220,213.6458841,201.8126976,189.4662412,213.6458841,203.89364,203.89364,203.89364,203.89364,213.6458841,220,203.89364,SINAPI_familias_e_coeficientes_2025_06.xlsx,
1213,12869,TELHADOR / TELHADISTA (HORISTA),H,REPRESENTADO,0.988114,0.988114,0.988114,0.988114,0.988114,0.988114,0.988114,0.988114,0.988114,0.988114,0.988114,0.988114,0.988114,0.988114,0.988114,0.988114,0.988114,0.988114,0.988114,0.988114,0.988114,0.988114,0.988114,0.988114,0.988114,1,0.988114,SINAPI_familias_e_coeficientes_2025_06.xlsx,
1213,41097,TELHADOR / TELHADISTA (MENSALISTA),MES,REPRESENTADO,217.3850907,217.3850907,217.3850907,217.3850907,217.3850907,217.3850907,217.3850907,217.3850907,217.3850907,217.3850907,217.3850907,217.3850907,217.3850907,217.3850907,217.3850907,217.3850907,217.3850907,217.3850907,217.3850907,217.3850907,217.3850907,217.3850907,217.3850907,217.3850907,217.3850907,220,217.3850907,SINAPI_familias_e_coeficientes_2025_06.xlsx,
1338,1338,"CHAPA DE LAMINADO MELAMINICO, LISO BRILHANTE, DE 1,25 X 3,08 METROS, ESPESSURA = 0,8 MILIMETROS",M2,REPRESENTATIVO,1,1,1,1,1,1,1,1,1,1,1,1,1,1,1,1,1,1,1,1,1,1,1,1,1,1,1,SINAPI_familias_e_coeficientes_2025_06.xlsx,
1338,1340,"CHAPA DE LAMINADO MELAMINICO, LISO FOSCO, DE 1,25 X 3,08 METROS, ESPESSURA = 0,8 MILIMETROS",M2,REPRESENTADO,1.1561866,1.1561866,1.1561866,1.1561866,1.1561866,1.1561866,1.1561866,1.1561866,1.1561866,1.1561866,1.1561866,1.1561866,1.1561866,1.1561866,1.1561866,1.1561866,1.1561866,1.1561866,1.1561866,1.1561866,1.1561866,1.1561866,1.1561866,1.1561866,1.1561866,1.1561866,1.1561866,SINAPI_familias_e_coeficientes_2025_06.xlsx,
1338,1341,"CHAPA DE LAMINADO MELAMINICO, TEXTURIZADO, DE 1,25 X 3,08 METROS, ESPESSURA = 0,8 MILIMETROS",M2,REPRESENTADO,1.1135902,1.1135902,1.1135902,1.1135902,1.1135902,1.1135902,1.1135902,1.1135902,1.1135902,1.1135902,1.1135902,1.1135902,1.1135902,1.1135902,1.1135902,1.1135902,1.1135902,1.1135902,1.1135902,1.1135902,1.1135902,1.1135902,1.1135902,1.1135902,1.1135902,1.1135902,1.1135902,SINAPI_familias_e_coeficientes_2025_06.xlsx,
1338,1339,COLA A BASE DE RESINA SINTETICA PARA CHAPA DE LAMINADO MELAMINICO E OUTROS,KG,REPRESENTADO,1.0026973,1.0026973,1.0026973,1.0026973,1.0026973,1.0026973,1.0026973,1.0026973,1.0026973,1.0026973,1.0026973,1.0026973,1.0026973,1.0026973,1.0026973,1.0026973,1.0026973,1.0026973,1.0026973,1.0026973,1.0026973,1.0026973,1.0026973,1.0026973,1.0026973,1.0026973,1.0026973,SINAPI_familias_e_coeficientes_2025_06.xlsx,
1338,10691,SOLVENTE PARA COLA A BASE DE RESINA SINTETICA (PARA COLA DE LAMINADO MELAMINICO E OUTRAS SUPERFICIES),L,REPRESENTADO,1.3395078,1.3395078,1.3395078,1.3395078,1.3395078,1.3395078,1.3395078,1.3395078,1.3395078,1.3395078,1.3395078,1.3395078,1.3395078,1.3395078,1.3395078,1.3395078,1.3395078,1.3395078,1.3395078,1.3395078,1.3395078,1.3395078,1.3395078,1.3395078,1.3395078,1.3395078,1.3395078,SINAPI_familias_e_coeficientes_2025_06.xlsx,
1368,1368,"CHUVEIRO COMUM EM PLASTICO BRANCO, COM CANO, 3 TEMPERATURAS, 5500 W (110/220 V)",UN,REPRESENTATIVO,1,1,1,1,1,1,1,1,1,1,1,1,1,1,1,1,1,1,1,1,1,1,1,1,1,1,1,SINAPI_familias_e_coeficientes_2025_06.xlsx,
1368,1367,"CHUVEIRO COMUM EM PLASTICO CROMADO, COM CANO, 4 TEMPERATURAS (110/220 V)",UN,REPRESENTADO,3.2347368,3.2347368,3.2347368,3.2347368,3.2347368,3.2347368,3.2347368,3.2347368,3.2347368,3.2347368,3.2347368,3.2347368,3.2347368,3.2347368,3.2347368,3.2347368,3.2347368,3.2347368,3.2347368,3.2347368,3.2347368,3.2347368,3.2347368,3.2347368,3.2347368,3.2347368,3.2347368,SINAPI_familias_e_coeficientes_2025_06.xlsx,
1368,1370,"DUCHA HIGIENICA PLASTICA COM REGISTRO METALICO 1/2""",UN,REPRESENTADO,1.3617895,1.3617895,1.3617895,1.3617895,1.3617895,1.3617895,1.3617895,1.3617895,1.3617895,1.3617895,1.3617895,1.3617895,1.3617895,1.3617895,1.3617895,1.3617895,1.3617895,1.3617895,1.3617895,1.3617895,1.3617895,1.3617895,1.3617895,1.3617895,1.3617895,1.3617895,1.3617895,SINAPI_familias_e_coeficientes_2025_06.xlsx,
1368,11777,"TORNEIRA ELETRICA DE PAREDE, PLASTICA, BICA ALTA, PARA COZINHA, 5500 W (110/220 V)",UN,REPRESENTADO,2.1684211,2.1684211,2.1684211,2.1684211,2.1684211,2.1684211,2.1684211,2.1684211,2.1684211,2.1684211,2.1684211,2.1684211,2.1684211,2.1684211,2.1684211,2.1684211,2.1684211,2.1684211,2.1684211,2.1684211,2.1684211,2.1684211,2.1684211,2.1684211,2.1684211,2.1684211,2.1684211,SINAPI_familias_e_coeficientes_2025_06.xlsx,
1379,1379,CIMENTO PORTLAND COMPOSTO CP II-32,KG,REPRESENTATIVO,1,1,1,1,1,1,1,1,1,1,1,1,1,1,1,1,1,1,1,1,1,1,1,1,1,1,1,SINAPI_familias_e_coeficientes_2025_06.xlsx,
1379,1380,CIMENTO BRANCO NAO ESTRUTURAL (CPB - NAO ESTRUTURAL),KG,REPRESENTADO,6.6946309,6.6946309,6.6946309,6.6946309,6.6946309,6.6946309,6.6946309,6.6946309,6.6946309,6.6946309,6.6946309,6.6946309,6.6946309,6.6946309,6.6946309,6.6946309,6.6946309,6.6946309,6.6946309,6.6946309,6.6946309,6.6946309,6.6946309,6.6946309,6.6946309,6.6946309,6.6946309,SINAPI_familias_e_coeficientes_2025_06.xlsx,
1379,13284,CIMENTO PORTLAND DE ALTO FORNO (AF) CP III-40,KG,REPRESENTADO,0.9057047,0.9057047,0.9057047,0.9057047,0.9057047,0.9057047,0.9057047,0.9057047,0.9057047,0.9057047,0.9057047,0.9057047,0.9057047,0.9057047,0.9057047,0.9057047,0.9057047,0.9057047,0.9057047,0.9057047,0.9057047,0.9057047,0.9057047,0.9057047,0.9057047,0.9057047,0.9057047,SINAPI_familias_e_coeficientes_2025_06.xlsx,
1379,44528,CIMENTO PORTLAND ESTRUTURAL BRANCO CPB - 32 OU CPB - 40,KG,REPRESENTADO,5.3322148,5.3322148,5.3322148,5.3322148,5.3322148,5.3322148,5.3322148,5.3322148,5.3322148,5.3322148,5.3322148,5.3322148,5.3322148,5.3322148,5.3322148,5.3322148,5.3322148,5.3322148,5.3322148,5.3322148,5.3322148,5.3322148,5.3322148,5.3322148,5.3322148,5.3322148,5.3322148,SINAPI_familias_e_coeficientes_2025_06.xlsx,
1379,34753,CIMENTO PORTLAND POZOLANICO CP IV-32,KG,REPRESENTADO,0.9731544,0.9731544,0.9731544,0.9731544,0.9731544,0.9731544,0.9731544,0.9731544,0.9731544,0.9731544,0.9731544,0.9731544,0.9731544,0.9731544,0.9731544,0.9731544,0.9731544,0.9731544,0.9731544,0.9731544,0.9731544,0.9731544,0.9731544,0.9731544,0.9731544,0.9731544,0.9731544,SINAPI_familias_e_coeficientes_2025_06.xlsx,
1381,1381,ARGAMASSA COLANTE AC I PARA CERAMICAS,KG,REPRESENTATIVO,1,1,1,1,1,1,1,1,1,1,1,1,1,1,1,1,1,1,1,1,1,1,1,1,1,1,1,SINAPI_familias_e_coeficientes_2025_06.xlsx,
1381,34353,ARGAMASSA COLANTE AC II,KG,REPRESENTADO,1.86262,1.86262,1.86262,1.86262,1.86262,1.86262,1.86262,1.86262,1.86262,1.86262,1.86262,1.86262,1.86262,1.86262,1.86262,1.86262,1.86262,1.86262,1.86262,1.86262,1.86262,1.86262,1.86262,1.86262,1.86262,1.86262,1.86262,SINAPI_familias_e_coeficientes_2025_06.xlsx,
1381,37595,ARGAMASSA COLANTE TIPO AC III,KG,REPRESENTADO,3.075879,3.075879,3.075879,3.075879,3.075879,3.075879,3.075879,3.075879,3.075879,3.075879,3.075879,3.075879,3.075879,3.075879,3.075879,3.075879,3.075879,3.075879,3.075879,3.075879,3.075879,3.075879,3.075879,3.075879,3.075879,3.075879,3.075879,SINAPI_familias_e_coeficientes_2025_06.xlsx,
1381,37596,ARGAMASSA COLANTE TIPO AC III E,KG,REPRESENTADO,3.528754,3.528754,3.528754,3.528754,3.528754,3.528754,3.528754,3.528754,3.528754,3.528754,3.528754,3.528754,3.528754,3.528754,3.528754,3.528754,3.528754,3.528754,3.528754,3.528754,3.528754,3.528754,3.528754,3.528754,3.528754,3.528754,3.528754,SINAPI_familias_e_coeficientes_2025_06.xlsx,
1381,371,"ARGAMASSA INDUSTRIALIZADA MULTIUSO, PARA REVESTIMENTO INTERNO E EXTERNO E ASSENTAMENTO DE BLOCOS DIVERSOS",KG,REPRESENTADO,1.0932907,1.0932907,1.0932907,1.0932907,1.0932907,1.0932907,1.0932907,1.0932907,1.0932907,1.0932907,1.0932907,1.0932907,1.0932907,1.0932907,1.0932907,1.0932907,1.0932907,1.0932907,1.0932907,1.0932907,1.0932907,1.0932907,1.0932907,1.0932907,1.0932907,1.0932907,1.0932907,SINAPI_familias_e_coeficientes_2025_06.xlsx,
1381,37553,ARGAMASSA INDUSTRIALIZADA PARA CHAPISCO COLANTE,KG,REPRESENTADO,2.044728,2.044728,2.044728,2.044728,2.044728,2.044728,2.044728,2.044728,2.044728,2.044728,2.044728,2.044728,2.044728,2.044728,2.044728,2.044728,2.044728,2.044728,2.044728,2.044728,2.044728,2.044728,2.044728,2.044728,2.044728,2.044728,2.044728,SINAPI_familias_e_coeficientes_2025_06.xlsx,
1381,37552,ARGAMASSA INDUSTRIALIZADA PARA CHAPISCO ROLADO,KG,REPRESENTADO,3.28754,3.28754,3.28754,3.28754,3.28754,3.28754,3.28754,3.28754,3.28754,3.28754,3.28754,3.28754,3.28754,3.28754,3.28754,3.28754,3.28754,3.28754,3.28754,3.28754,3.28754,3.28754,3.28754,3.28754,3.28754,3.28754,3.28754,SINAPI_familias_e_coeficientes_2025_06.xlsx,
1381,36880,ARGAMASSA PARA REVESTIMENTO DECORATIVO MONOCAMADA,KG,REPRESENTADO,3.339389,3.339389,3.339389,3.339389,3.339389,3.339389,3.339389,3.339389,3.339389,3.339389,3.339389,3.339389,3.339389,3.339389,3.339389,3.339389,3.339389,3.339389,3.339389,3.339389,3.339389,3.339389,3.339389,3.339389,3.339389,3.339389,3.339389,SINAPI_familias_e_coeficientes_2025_06.xlsx,
1381,34355,ARGAMASSA PISO SOBRE PISO,KG,REPRESENTADO,2.875399,2.875399,2.875399,2.875399,2.875399,2.875399,2.875399,2.875399,2.875399,2.875399,2.875399,2.875399,2.875399,2.875399,2.875399,2.875399,2.875399,2.875399,2.875399,2.875399,2.875399,2.875399,2.875399,2.875399,2.875399,2.875399,2.875399,SINAPI_familias_e_coeficientes_2025_06.xlsx,
1381,36886,ARGAMASSA PRONTA PARA CONTRAPISO,KG,REPRESENTADO,1.038339,1.038339,1.038339,1.038339,1.038339,1.038339,1.038339,1.038339,1.038339,1.038339,1.038339,1.038339,1.038339,1.038339,1.038339,1.038339,1.038339,1.038339,1.038339,1.038339,1.038339,1.038339,1.038339,1.038339,1.038339,1.038339,1.038339,SINAPI_familias_e_coeficientes_2025_06.xlsx,
1381,34357,"REJUNTE CIMENTICIO, QUALQUER COR",KG,REPRESENTADO,5.872205,5.872205,5.872205,5.872205,5.872205,5.872205,5.872205,5.872205,5.872205,5.872205,5.872205,5.872205,5.872205,5.872205,5.872205,5.872205,5.872205,5.872205,5.872205,5.872205,5.872205,5.872205,5.872205,5.872205,5.872205,5.872205,5.872205,SINAPI_familias_e_coeficientes_2025_06.xlsx,
1381,37329,"REJUNTE EPOXI, QUALQUER COR",KG,REPRESENTADO,123.674121,123.674121,123.674121,123.674121,123.674121,123.674121,123.674121,123.674121,123.674121,123.674121,123.674121,123.674121,123.674121,123.674121,123.674121,123.674121,123.674121,123.674121,123.674121,123.674121,123.674121,123.674121,123.674121,123.674121,123.674121,123.674121,123.674121,SINAPI_familias_e_coeficientes_2025_06.xlsx,
1518,1518,"CONCRETO BETUMINOSO USINADO A QUENTE (CBUQ) PARA PAVIMENTACAO ASFALTICA, PADRAO DNIT, FAIXA C, COM CAP 50/70 - AQUISICAO POSTO USINA",T,REPRESENTATIVO,1,1,1,1,1,1,1,1,1,1,1,1,1,1,1,1,1,1,1,1,1,1,1,1,1,1,1,SINAPI_familias_e_coeficientes_2025_06.xlsx,
1518,34770,"CONCRETO BETUMINOSO USINADO A QUENTE (CBUQ) PARA PAVIMENTACAO ASFALTICA, PADRAO DNIT, FAIXA C, COM CAP 30/45 - AQUISICAO POSTO USINA",T,REPRESENTADO,0.9808917,0.9808917,0.9808917,0.9808917,0.9808917,0.9808917,0.9808917,0.9808917,0.9808917,0.9808917,0.9808917,0.9808917,0.9808917,0.9808917,0.9808917,0.9808917,0.9808917,0.9808917,0.9808917,0.9808917,0.9808917,0.9808917,0.9808917,0.9808917,0.9808917,0.9808917,0.9808917,SINAPI_familias_e_coeficientes_2025_06.xlsx,
1518,41965,"CONCRETO BETUMINOSO USINADO A QUENTE (CBUQ) PARA PAVIMENTACAO ASFALTICA, PADRAO DNIT, PARA BINDER, COM CAP 50/70 - AQUISICAO POSTO USINA",T,REPRESENTADO,0.8768407,0.8768407,0.8768407,0.8768407,0.8768407,0.8768407,0.8768407,0.8768407,0.8768407,0.8768407,0.8768407,0.8768407,0.8768407,0.8768407,0.8768407,0.8768407,0.8768407,0.8768407,0.8768407,0.8768407,0.8768407,0.8768407,0.8768407,0.8768407,0.8768407,0.8768407,0.8768407,SINAPI_familias_e_coeficientes_2025_06.xlsx,
1612,1612,"CONTATOR TRIPOLAR, CORRENTE DE 9 A, TENSAO NOMINAL DE *500* V, CATEGORIA AC-2 E AC-3",UN,REPRESENTATIVO,1,1,1,1,1,1,1,1,1,1,1,1,1,1,1,1,1,1,1,1,1,1,1,1,1,1,1,SINAPI_familias_e_coeficientes_2025_06.xlsx,
1612,1631,"CAPACITOR TRIFASICO, POTENCIA 2,5 KVAR, TENSAO 220 V, FORNECIDO COM CAPA PROTETORA, RESISTOR INTERNO A UNIDADE CAPACITIVA",UN,REPRESENTADO,1.2419047,1.2419047,1.2419047,1.2419047,1.2419047,1.2419047,1.2419047,1.2419047,1.2419047,1.2419047,1.2419047,1.2419047,1.2419047,1.2419047,1.2419047,1.2419047,1.2419047,1.2419047,1.2419047,1.2419047,1.2419047,1.2419047,1.2419047,1.2419047,1.2419047,1.2419047,1.2419047,SINAPI_familias_e_coeficientes_2025_06.xlsx,
1612,1633,"CAPACITOR TRIFASICO, POTENCIA 5 KVAR, TENSAO 220 V, FORNECIDO COM CAPA PROTETORA, RESISTOR INTERNO A UNIDADE CAPACITIVA",UN,REPRESENTADO,2.1100595,2.1100595,2.1100595,2.1100595,2.1100595,2.1100595,2.1100595,2.1100595,2.1100595,2.1100595,2.1100595,2.1100595,2.1100595,2.1100595,2.1100595,2.1100595,2.1100595,2.1100595,2.1100595,2.1100595,2.1100595,2.1100595,2.1100595,2.1100595,2.1100595,2.1100595,2.1100595,SINAPI_familias_e_coeficientes_2025_06.xlsx,
1612,1613,"CONTATOR TRIPOLAR, CORRENTE DE *110* A, TENSAO NOMINAL DE *500* V, CATEGORIA AC-2 E AC-3",UN,REPRESENTADO,12.4642857,12.4642857,12.4642857,12.4642857,12.4642857,12.4642857,12.4642857,12.4642857,12.4642857,12.4642857,12.4642857,12.4642857,12.4642857,12.4642857,12.4642857,12.4642857,12.4642857,12.4642857,12.4642857,12.4642857,12.4642857,12.4642857,12.4642857,12.4642857,12.4642857,12.4642857,12.4642857,SINAPI_familias_e_coeficientes_2025_06.xlsx,
1612,1626,"CONTATOR TRIPOLAR, CORRENTE DE *185* A, TENSAO NOMINAL DE *500* V, CATEGORIA AC-2 E AC-3",UN,REPRESENTADO,18.6418452,18.6418452,18.6418452,18.6418452,18.6418452,18.6418452,18.6418452,18.6418452,18.6418452,18.6418452,18.6418452,18.6418452,18.6418452,18.6418452,18.6418452,18.6418452,18.6418452,18.6418452,18.6418452,18.6418452,18.6418452,18.6418452,18.6418452,18.6418452,18.6418452,18.6418452,18.6418452,SINAPI_familias_e_coeficientes_2025_06.xlsx,
1612,1625,"CONTATOR TRIPOLAR, CORRENTE DE *22* A, TENSAO NOMINAL DE *500* V, CATEGORIA AC-2 E AC-3",UN,REPRESENTADO,1.3020833,1.3020833,1.3020833,1.3020833,1.3020833,1.3020833,1.3020833,1.3020833,1.3020833,1.3020833,1.3020833,1.3020833,1.3020833,1.3020833,1.3020833,1.3020833,1.3020833,1.3020833,1.3020833,1.3020833,1.3020833,1.3020833,1.3020833,1.3020833,1.3020833,1.3020833,1.3020833,SINAPI_familias_e_coeficientes_2025_06.xlsx,
1612,1622,"CONTATOR TRIPOLAR, CORRENTE DE *265* A, TENSAO NOMINAL DE *500* V, CATEGORIA AC-2 E AC-3",UN,REPRESENTADO,42.0669642,42.0669642,42.0669642,42.0669642,42.0669642,42.0669642,42.0669642,42.0669642,42.0669642,42.0669642,42.0669642,42.0669642,42.0669642,42.0669642,42.0669642,42.0669642,42.0669642,42.0669642,42.0669642,42.0669642,42.0669642,42.0669642,42.0669642,42.0669642,42.0669642,42.0669642,42.0669642,SINAPI_familias_e_coeficientes_2025_06.xlsx,
1612,1620,"CONTATOR TRIPOLAR, CORRENTE DE *38* A, TENSAO NOMINAL DE *500* V, CATEGORIA AC-2 E AC-3",UN,REPRESENTADO,2.7428571,2.7428571,2.7428571,2.7428571,2.7428571,2.7428571,2.7428571,2.7428571,2.7428571,2.7428571,2.7428571,2.7428571,2.7428571,2.7428571,2.7428571,2.7428571,2.7428571,2.7428571,2.7428571,2.7428571,2.7428571,2.7428571,2.7428571,2.7428571,2.7428571,2.7428571,2.7428571,SINAPI_familias_e_coeficientes_2025_06.xlsx,
1612,1629,"CONTATOR TRIPOLAR, CORRENTE DE *500* A, TENSAO NOMINAL DE *500* V, CATEGORIA AC-2 E AC-3",UN,REPRESENTADO,102.3809523,102.3809523,102.3809523,102.3809523,102.3809523,102.3809523,102.3809523,102.3809523,102.3809523,102.3809523,102.3809523,102.3809523,102.3809523,102.3809523,102.3809523,102.3809523,102.3809523,102.3809523,102.3809523,102.3809523,102.3809523,102.3809523,102.3809523,102.3809523,102.3809523,102.3809523,102.3809523,SINAPI_familias_e_coeficientes_2025_06.xlsx,
1612,1627,"CONTATOR TRIPOLAR, CORRENTE DE *65* A, TENSAO NOMINAL DE *500* V, CATEGORIA AC-2 E AC-3",UN,REPRESENTADO,5.2428571,5.2428571,5.2428571,5.2428571,5.2428571,5.2428571,5.2428571,5.2428571,5.2428571,5.2428571,5.2428571,5.2428571,5.2428571,5.2428571,5.2428571,5.2428571,5.2428571,5.2428571,5.2428571,5.2428571,5.2428571,5.2428571,5.2428571,5.2428571,5.2428571,5.2428571,5.2428571,SINAPI_familias_e_coeficientes_2025_06.xlsx,
1612,1623,"CONTATOR TRIPOLAR, CORRENTE DE 12 A, TENSAO NOMINAL DE *500* V, CATEGORIA AC-2 E AC-3",UN,REPRESENTADO,1.0619047,1.0619047,1.0619047,1.0619047,1.0619047,1.0619047,1.0619047,1.0619047,1.0619047,1.0619047,1.0619047,1.0619047,1.0619047,1.0619047,1.0619047,1.0619047,1.0619047,1.0619047,1.0619047,1.0619047,1.0619047,1.0619047,1.0619047,1.0619047,1.0619047,1.0619047,1.0619047,SINAPI_familias_e_coeficientes_2025_06.xlsx,
1612,1619,"CONTATOR TRIPOLAR, CORRENTE DE 25 A, TENSAO NOMINAL DE *500* V, CATEGORIA AC-2 E AC-3",UN,REPRESENTADO,1.4607142,1.4607142,1.4607142,1.4607142,1.4607142,1.4607142,1.4607142,1.4607142,1.4607142,1.4607142,1.4607142,1.4607142,1.4607142,1.4607142,1.4607142,1.4607142,1.4607142,1.4607142,1.4607142,1.4607142,1.4607142,1.4607142,1.4607142,1.4607142,1.4607142,1.4607142,1.4607142,SINAPI_familias_e_coeficientes_2025_06.xlsx,
1612,1630,"CONTATOR TRIPOLAR, CORRENTE DE 250 A, TENSAO NOMINAL DE *500* V, PARA ACIONAMENTO DE CAPACITORES",UN,REPRESENTADO,32.1610714,32.1610714,32.1610714,32.1610714,32.1610714,32.1610714,32.1610714,32.1610714,32.1610714,32.1610714,32.1610714,32.1610714,32.1610714,32.1610714,32.1610714,32.1610714,32.1610714,32.1610714,32.1610714,32.1610714,32.1610714,32.1610714,32.1610714,32.1610714,32.1610714,32.1610714,32.1610714,SINAPI_familias_e_coeficientes_2025_06.xlsx,
1612,1616,"CONTATOR TRIPOLAR, CORRENTE DE 300 A, TENSAO NOMINAL DE *500* V, CATEGORIA AC-2 E AC-3",UN,REPRESENTADO,49.4642857,49.4642857,49.4642857,49.4642857,49.4642857,49.4642857,49.4642857,49.4642857,49.4642857,49.4642857,49.4642857,49.4642857,49.4642857,49.4642857,49.4642857,49.4642857,49.4642857,49.4642857,49.4642857,49.4642857,49.4642857,49.4642857,49.4642857,49.4642857,49.4642857,49.4642857,49.4642857,SINAPI_familias_e_coeficientes_2025_06.xlsx,
1612,1614,"CONTATOR TRIPOLAR, CORRENTE DE 32 A, TENSAO NOMINAL DE *500* V, CATEGORIA AC-2 E AC-3",UN,REPRESENTADO,2.2607142,2.2607142,2.2607142,2.2607142,2.2607142,2.2607142,2.2607142,2.2607142,2.2607142,2.2607142,2.2607142,2.2607142,2.2607142,2.2607142,2.2607142,2.2607142,2.2607142,2.2607142,2.2607142,2.2607142,2.2607142,2.2607142,2.2607142,2.2607142,2.2607142,2.2607142,2.2607142,SINAPI_familias_e_coeficientes_2025_06.xlsx,
1612,1617,"CONTATOR TRIPOLAR, CORRENTE DE 400 A, TENSAO NOMINAL DE *500* V, CATEGORIA AC-2 E AC-3",UN,REPRESENTADO,59.0496428,59.0496428,59.0496428,59.0496428,59.0496428,59.0496428,59.0496428,59.0496428,59.0496428,59.0496428,59.0496428,59.0496428,59.0496428,59.0496428,59.0496428,59.0496428,59.0496428,59.0496428,59.0496428,59.0496428,59.0496428,59.0496428,59.0496428,59.0496428,59.0496428,59.0496428,59.0496428,SINAPI_familias_e_coeficientes_2025_06.xlsx,
1612,1621,"CONTATOR TRIPOLAR, CORRENTE DE 45 A, TENSAO NOMINAL DE *500* V, CATEGORIA AC-2 E AC-3",UN,REPRESENTADO,4.0432142,4.0432142,4.0432142,4.0432142,4.0432142,4.0432142,4.0432142,4.0432142,4.0432142,4.0432142,4.0432142,4.0432142,4.0432142,4.0432142,4.0432142,4.0432142,4.0432142,4.0432142,4.0432142,4.0432142,4.0432142,4.0432142,4.0432142,4.0432142,4.0432142,4.0432142,4.0432142,SINAPI_familias_e_coeficientes_2025_06.xlsx,
1612,1624,"CONTATOR TRIPOLAR, CORRENTE DE 630 A, TENSAO NOMINAL DE *500* V, CATEGORIA AC-2 E AC-3",UN,REPRESENTADO,145.1468452,145.1468452,145.1468452,145.1468452,145.1468452,145.1468452,145.1468452,145.1468452,145.1468452,145.1468452,145.1468452,145.1468452,145.1468452,145.1468452,145.1468452,145.1468452,145.1468452,145.1468452,145.1468452,145.1468452,145.1468452,145.1468452,145.1468452,145.1468452,145.1468452,145.1468452,145.1468452,SINAPI_familias_e_coeficientes_2025_06.xlsx,
1612,1615,"CONTATOR TRIPOLAR, CORRENTE DE 75 A, TENSAO NOMINAL DE *500* V, CATEGORIA AC-2 E AC-3",UN,REPRESENTADO,7.5925,7.5925,7.5925,7.5925,7.5925,7.5925,7.5925,7.5925,7.5925,7.5925,7.5925,7.5925,7.5925,7.5925,7.5925,7.5925,7.5925,7.5925,7.5925,7.5925,7.5925,7.5925,7.5925,7.5925,7.5925,7.5925,7.5925,SINAPI_familias_e_coeficientes_2025_06.xlsx,
1612,1618,"CONTATOR TRIPOLAR, CORRENTE DE 95 A, TENSAO NOMINAL DE *500* V, CATEGORIA AC-2 E AC-3",UN,REPRESENTADO,10.4332142,10.4332142,10.4332142,10.4332142,10.4332142,10.4332142,10.4332142,10.4332142,10.4332142,10.4332142,10.4332142,10.4332142,10.4332142,10.4332142,10.4332142,10.4332142,10.4332142,10.4332142,10.4332142,10.4332142,10.4332142,10.4332142,10.4332142,10.4332142,10.4332142,10.4332142,10.4332142,SINAPI_familias_e_coeficientes_2025_06.xlsx,
1612,12359,"RELE TERMICO BIMETAL PARA USO EM MOTORES TRIFASICOS, TENSAO 380 V, POTENCIA ATE 15 CV, CORRENTE NOMINAL MAXIMA 22 A",UN,REPRESENTADO,1.0809523,1.0809523,1.0809523,1.0809523,1.0809523,1.0809523,1.0809523,1.0809523,1.0809523,1.0809523,1.0809523,1.0809523,1.0809523,1.0809523,1.0809523,1.0809523,1.0809523,1.0809523,1.0809523,1.0809523,1.0809523,1.0809523,1.0809523,1.0809523,1.0809523,1.0809523,1.0809523,SINAPI_familias_e_coeficientes_2025_06.xlsx,
1746,1746,"BANCADA/BANCA/PIA DE ACO INOXIDAVEL (AISI 430) COM 1 CUBA CENTRAL, COM VALVULA, ESCORREDOR DUPLO, DE *0,55 X 1,20* M",UN,REPRESENTATIVO,1,1,1,1,1,1,1,1,1,1,1,1,1,1,1,1,1,1,1,1,1,1,1,1,1,1,1,SINAPI_familias_e_coeficientes_2025_06.xlsx,
1746,1748,"BANCADA/BANCA/PIA DE ACO INOXIDAVEL (AISI 430) COM 1 CUBA CENTRAL, COM VALVULA, ESCORREDOR DUPLO, DE *0,55 X 1,40* M",UN,REPRESENTADO,1.3297691,1.3297691,1.3297691,1.3297691,1.3297691,1.3297691,1.3297691,1.3297691,1.3297691,1.3297691,1.3297691,1.3297691,1.3297691,1.3297691,1.3297691,1.3297691,1.3297691,1.3297691,1.3297691,1.3297691,1.3297691,1.3297691,1.3297691,1.3297691,1.3297691,1.3297691,1.3297691,SINAPI_familias_e_coeficientes_2025_06.xlsx,
1746,1749,"BANCADA/BANCA/PIA DE ACO INOXIDAVEL (AISI 430) COM 1 CUBA CENTRAL, COM VALVULA, ESCORREDOR DUPLO, DE *0,55 X 1,80* M",UN,REPRESENTADO,1.9265953,1.9265953,1.9265953,1.9265953,1.9265953,1.9265953,1.9265953,1.9265953,1.9265953,1.9265953,1.9265953,1.9265953,1.9265953,1.9265953,1.9265953,1.9265953,1.9265953,1.9265953,1.9265953,1.9265953,1.9265953,1.9265953,1.9265953,1.9265953,1.9265953,1.9265953,1.9265953,SINAPI_familias_e_coeficientes_2025_06.xlsx,
1746,37412,"BANCADA/BANCA/PIA DE ACO INOXIDAVEL (AISI 430) COM 1 CUBA CENTRAL, COM VALVULA, LISA (SEM ESCORREDOR), DE *0,55 X 1,20* M",UN,REPRESENTADO,0.9775118,0.9775118,0.9775118,0.9775118,0.9775118,0.9775118,0.9775118,0.9775118,0.9775118,0.9775118,0.9775118,0.9775118,0.9775118,0.9775118,0.9775118,0.9775118,0.9775118,0.9775118,0.9775118,0.9775118,0.9775118,0.9775118,0.9775118,0.9775118,0.9775118,0.9775118,0.9775118,SINAPI_familias_e_coeficientes_2025_06.xlsx,
1746,1745,"BANCADA/BANCA/PIA DE ACO INOXIDAVEL (AISI 430) COM 1 CUBA CENTRAL, SEM VALVULA, ESCORREDOR DUPLO, DE *0,55 X 1,60* M",UN,REPRESENTADO,1.1623811,1.1623811,1.1623811,1.1623811,1.1623811,1.1623811,1.1623811,1.1623811,1.1623811,1.1623811,1.1623811,1.1623811,1.1623811,1.1623811,1.1623811,1.1623811,1.1623811,1.1623811,1.1623811,1.1623811,1.1623811,1.1623811,1.1623811,1.1623811,1.1623811,1.1623811,1.1623811,SINAPI_familias_e_coeficientes_2025_06.xlsx,
1746,1750,"BANCADA/BANCA/PIA DE ACO INOXIDAVEL (AISI 430) COM 2 CUBAS, COM VALVULAS, ESCORREDOR DUPLO, DE *0,55 X 2,00* M",UN,REPRESENTADO,2.7163102,2.7163102,2.7163102,2.7163102,2.7163102,2.7163102,2.7163102,2.7163102,2.7163102,2.7163102,2.7163102,2.7163102,2.7163102,2.7163102,2.7163102,2.7163102,2.7163102,2.7163102,2.7163102,2.7163102,2.7163102,2.7163102,2.7163102,2.7163102,2.7163102,2.7163102,2.7163102,SINAPI_familias_e_coeficientes_2025_06.xlsx,
1746,11687,"BANCADA/TAMPO ACO INOX (AISI 304), LARGURA 60 CM, COM RODABANCA (NAO INCLUI PES DE APOIO)",M,REPRESENTADO,4.3279022,4.3279022,4.3279022,4.3279022,4.3279022,4.3279022,4.3279022,4.3279022,4.3279022,4.3279022,4.3279022,4.3279022,4.3279022,4.3279022,4.3279022,4.3279022,4.3279022,4.3279022,4.3279022,4.3279022,4.3279022,4.3279022,4.3279022,4.3279022,4.3279022,4.3279022,4.3279022,SINAPI_familias_e_coeficientes_2025_06.xlsx,
1746,11689,"BANCADA/TAMPO ACO INOX (AISI 304), LARGURA 70 CM, COM RODABANCA (NAO INCLUI PES DE APOIO)",M,REPRESENTADO,5.4226069,5.4226069,5.4226069,5.4226069,5.4226069,5.4226069,5.4226069,5.4226069,5.4226069,5.4226069,5.4226069,5.4226069,5.4226069,5.4226069,5.4226069,5.4226069,5.4226069,5.4226069,5.4226069,5.4226069,5.4226069,5.4226069,5.4226069,5.4226069,5.4226069,5.4226069,5.4226069,SINAPI_familias_e_coeficientes_2025_06.xlsx,
1746,12760,"CHAPA ACO INOX AISI 304 NUMERO 4 (E = 6 MM), ACABAMENTO NUMERO 1 (LAMINADO A QUENTE, FOSCO)",M2,REPRESENTADO,5.8150033,5.8150033,5.8150033,5.8150033,5.8150033,5.8150033,5.8150033,5.8150033,5.8150033,5.8150033,5.8150033,5.8150033,5.8150033,5.8150033,5.8150033,5.8150033,5.8150033,5.8150033,5.8150033,5.8150033,5.8150033,5.8150033,5.8150033,5.8150033,5.8150033,5.8150033,5.8150033,SINAPI_familias_e_coeficientes_2025_06.xlsx,
1746,12759,"CHAPA ACO INOX AISI 304 NUMERO 9 (E = 4 MM), ACABAMENTO NUMERO 1 (LAMINADO A QUENTE, FOSCO)",M2,REPRESENTADO,3.8766123,3.8766123,3.8766123,3.8766123,3.8766123,3.8766123,3.8766123,3.8766123,3.8766123,3.8766123,3.8766123,3.8766123,3.8766123,3.8766123,3.8766123,3.8766123,3.8766123,3.8766123,3.8766123,3.8766123,3.8766123,3.8766123,3.8766123,3.8766123,3.8766123,3.8766123,3.8766123,SINAPI_familias_e_coeficientes_2025_06.xlsx,
1746,1744,"CUBA ACO INOX (AISI 304) DE EMBUTIR COM VALVULA 3 1/2"", DE *40 X 34 X 12* CM",UN,REPRESENTADO,0.5525288,0.5525288,0.5525288,0.5525288,0.5525288,0.5525288,0.5525288,0.5525288,0.5525288,0.5525288,0.5525288,0.5525288,0.5525288,0.5525288,0.5525288,0.5525288,0.5525288,0.5525288,0.5525288,0.5525288,0.5525288,0.5525288,0.5525288,0.5525288,0.5525288,0.5525288,0.5525288,SINAPI_familias_e_coeficientes_2025_06.xlsx,
1746,1743,"CUBA ACO INOX (AISI 304) DE EMBUTIR COM VALVULA 3 1/2"", DE *46 X 30 X 12* CM",UN,REPRESENTADO,0.72556,0.72556,0.72556,0.72556,0.72556,0.72556,0.72556,0.72556,0.72556,0.72556,0.72556,0.72556,0.72556,0.72556,0.72556,0.72556,0.72556,0.72556,0.72556,0.72556,0.72556,0.72556,0.72556,0.72556,0.72556,0.72556,0.72556,SINAPI_familias_e_coeficientes_2025_06.xlsx,
1746,1747,"CUBA ACO INOX (AISI 304) DE EMBUTIR COM VALVULA DE 3 1/2"", DE *56 X 33 X 12* CM",UN,REPRESENTADO,0.7976917,0.7976917,0.7976917,0.7976917,0.7976917,0.7976917,0.7976917,0.7976917,0.7976917,0.7976917,0.7976917,0.7976917,0.7976917,0.7976917,0.7976917,0.7976917,0.7976917,0.7976917,0.7976917,0.7976917,0.7976917,0.7976917,0.7976917,0.7976917,0.7976917,0.7976917,0.7976917,SINAPI_familias_e_coeficientes_2025_06.xlsx,
1746,406,"FITA ACO INOX PARA CINTAR POSTE, L = 19 MM, E = 0,5 MM (ROLO DE 30M)",UN,REPRESENTADO,0.3447046,0.3447046,0.3447046,0.3447046,0.3447046,0.3447046,0.3447046,0.3447046,0.3447046,0.3447046,0.3447046,0.3447046,0.3447046,0.3447046,0.3447046,0.3447046,0.3447046,0.3447046,0.3447046,0.3447046,0.3447046,0.3447046,0.3447046,0.3447046,0.3447046,0.3447046,0.3447046,SINAPI_familias_e_coeficientes_2025_06.xlsx,
1746,10853,"LETRA ACO INOX (AISI 304), CHAPA NUM. 22, RECORTADO, H= 20 CM (SEM RELEVO)",UN,REPRESENTADO,0.4073319,0.4073319,0.4073319,0.4073319,0.4073319,0.4073319,0.4073319,0.4073319,0.4073319,0.4073319,0.4073319,0.4073319,0.4073319,0.4073319,0.4073319,0.4073319,0.4073319,0.4073319,0.4073319,0.4073319,0.4073319,0.4073319,0.4073319,0.4073319,0.4073319,0.4073319,0.4073319,SINAPI_familias_e_coeficientes_2025_06.xlsx,
1746,11697,"MICTORIO COLETIVO ACO INOX (AISI 304), E = 0,8 MM, DE *100 X 40 X 30* CM (C X A X P)",UN,REPRESENTADO,2.7869144,2.7869144,2.7869144,2.7869144,2.7869144,2.7869144,2.7869144,2.7869144,2.7869144,2.7869144,2.7869144,2.7869144,2.7869144,2.7869144,2.7869144,2.7869144,2.7869144,2.7869144,2.7869144,2.7869144,2.7869144,2.7869144,2.7869144,2.7869144,2.7869144,2.7869144,2.7869144,SINAPI_familias_e_coeficientes_2025_06.xlsx,
1746,11698,"MICTORIO COLETIVO ACO INOX (AISI 304), E = 0,8 MM, DE *100 X 50 X 35* CM (C X A X P)",UN,REPRESENTADO,3.324635,3.324635,3.324635,3.324635,3.324635,3.324635,3.324635,3.324635,3.324635,3.324635,3.324635,3.324635,3.324635,3.324635,3.324635,3.324635,3.324635,3.324635,3.324635,3.324635,3.324635,3.324635,3.324635,3.324635,3.324635,3.324635,3.324635,SINAPI_familias_e_coeficientes_2025_06.xlsx,
1746,11699,"MICTORIO INDIVIDUAL ACO INOX (AISI 304), E = 0,8 MM, DE *50 X 45 X 35* (C X A X P)",UN,REPRESENTADO,3.6744738,3.6744738,3.6744738,3.6744738,3.6744738,3.6744738,3.6744738,3.6744738,3.6744738,3.6744738,3.6744738,3.6744738,3.6744738,3.6744738,3.6744738,3.6744738,3.6744738,3.6744738,3.6744738,3.6744738,3.6744738,3.6744738,3.6744738,3.6744738,3.6744738,3.6744738,3.6744738,SINAPI_familias_e_coeficientes_2025_06.xlsx,
1746,11688,"TANQUE ACO INOXIDAVEL (ACO 304) COM ESFREGADOR E VALVULA, DE *50 X 40 X 22* CM",UN,REPRESENTADO,1.9954175,1.9954175,1.9954175,1.9954175,1.9954175,1.9954175,1.9954175,1.9954175,1.9954175,1.9954175,1.9954175,1.9954175,1.9954175,1.9954175,1.9954175,1.9954175,1.9954175,1.9954175,1.9954175,1.9954175,1.9954175,1.9954175,1.9954175,1.9954175,1.9954175,1.9954175,1.9954175,SINAPI_familias_e_coeficientes_2025_06.xlsx,
1870,1870,"CURVA 90 GRAUS, LONGA, DE PVC RIGIDO ROSCAVEL, DE 1/2"", PARA ELETRODUTO",UN,REPRESENTATIVO,1,1,1,1,1,1,1,1,1,1,1,1,1,1,1,1,1,1,1,1,1,1,1,1,1,1,1,SINAPI_familias_e_coeficientes_2025_06.xlsx,
1870,1872,"CAIXA DE PASSAGEM, EM PVC, DE 4"" X 2"", PARA ELETRODUTO FLEXIVEL CORRUGADO",UN,REPRESENTADO,0.8753623,0.8753623,0.8753623,0.8753623,0.8753623,0.8753623,0.8753623,0.8753623,0.8753623,0.8753623,0.8753623,0.8753623,0.8753623,0.8753623,0.8753623,0.8753623,0.8753623,0.8753623,0.8753623,0.8753623,0.8753623,0.8753623,0.8753623,0.8753623,0.8753623,0.8753623,0.8753623,SINAPI_familias_e_coeficientes_2025_06.xlsx,
1870,1873,"CAIXA DE PASSAGEM, EM PVC, DE 4"" X 4"", PARA ELETRODUTO FLEXIVEL CORRUGADO",UN,REPRESENTADO,1.7391304,1.7391304,1.7391304,1.7391304,1.7391304,1.7391304,1.7391304,1.7391304,1.7391304,1.7391304,1.7391304,1.7391304,1.7391304,1.7391304,1.7391304,1.7391304,1.7391304,1.7391304,1.7391304,1.7391304,1.7391304,1.7391304,1.7391304,1.7391304,1.7391304,1.7391304,1.7391304,SINAPI_familias_e_coeficientes_2025_06.xlsx,
1870,1871,"CAIXA OCTOGONAL DE FUNDO MOVEL, EM PVC, DE 3"" X 3"", PARA ELETRODUTO FLEXIVEL CORRUGADO",UN,REPRESENTADO,1.5652174,1.5652174,1.5652174,1.5652174,1.5652174,1.5652174,1.5652174,1.5652174,1.5652174,1.5652174,1.5652174,1.5652174,1.5652174,1.5652174,1.5652174,1.5652174,1.5652174,1.5652174,1.5652174,1.5652174,1.5652174,1.5652174,1.5652174,1.5652174,1.5652174,1.5652174,1.5652174,SINAPI_familias_e_coeficientes_2025_06.xlsx,
1870,12001,"CAIXA OCTOGONAL DE FUNDO MOVEL, EM PVC, DE 4"" X 4"", PARA ELETRODUTO FLEXIVEL CORRUGADO",UN,REPRESENTADO,2.2608696,2.2608696,2.2608696,2.2608696,2.2608696,2.2608696,2.2608696,2.2608696,2.2608696,2.2608696,2.2608696,2.2608696,2.2608696,2.2608696,2.2608696,2.2608696,2.2608696,2.2608696,2.2608696,2.2608696,2.2608696,2.2608696,2.2608696,2.2608696,2.2608696,2.2608696,2.2608696,SINAPI_familias_e_coeficientes_2025_06.xlsx,
1870,39329,"CONDULETE EM PVC, TIPO ""B"", SEM TAMPA, DE 1""",UN,REPRESENTADO,3.8434783,3.8434783,3.8434783,3.8434783,3.8434783,3.8434783,3.8434783,3.8434783,3.8434783,3.8434783,3.8434783,3.8434783,3.8434783,3.8434783,3.8434783,3.8434783,3.8434783,3.8434783,3.8434783,3.8434783,3.8434783,3.8434783,3.8434783,3.8434783,3.8434783,3.8434783,3.8434783,SINAPI_familias_e_coeficientes_2025_06.xlsx,
1870,12010,"CONDULETE EM PVC, TIPO ""B"", SEM TAMPA, DE 1/2"" OU 3/4""",UN,REPRESENTADO,3.6753623,3.6753623,3.6753623,3.6753623,3.6753623,3.6753623,3.6753623,3.6753623,3.6753623,3.6753623,3.6753623,3.6753623,3.6753623,3.6753623,3.6753623,3.6753623,3.6753623,3.6753623,3.6753623,3.6753623,3.6753623,3.6753623,3.6753623,3.6753623,3.6753623,3.6753623,3.6753623,SINAPI_familias_e_coeficientes_2025_06.xlsx,
1870,39332,"CONDULETE EM PVC, TIPO ""C"", SEM TAMPA, DE 1""",UN,REPRESENTADO,4.5188406,4.5188406,4.5188406,4.5188406,4.5188406,4.5188406,4.5188406,4.5188406,4.5188406,4.5188406,4.5188406,4.5188406,4.5188406,4.5188406,4.5188406,4.5188406,4.5188406,4.5188406,4.5188406,4.5188406,4.5188406,4.5188406,4.5188406,4.5188406,4.5188406,4.5188406,4.5188406,SINAPI_familias_e_coeficientes_2025_06.xlsx,
1870,39330,"CONDULETE EM PVC, TIPO ""C"", SEM TAMPA, DE 1/2""",UN,REPRESENTADO,4.0434783,4.0434783,4.0434783,4.0434783,4.0434783,4.0434783,4.0434783,4.0434783,4.0434783,4.0434783,4.0434783,4.0434783,4.0434783,4.0434783,4.0434783,4.0434783,4.0434783,4.0434783,4.0434783,4.0434783,4.0434783,4.0434783,4.0434783,4.0434783,4.0434783,4.0434783,4.0434783,SINAPI_familias_e_coeficientes_2025_06.xlsx,
1870,39331,"CONDULETE EM PVC, TIPO ""C"", SEM TAMPA, DE 3/4""",UN,REPRESENTADO,3.5971014,3.5971014,3.5971014,3.5971014,3.5971014,3.5971014,3.5971014,3.5971014,3.5971014,3.5971014,3.5971014,3.5971014,3.5971014,3.5971014,3.5971014,3.5971014,3.5971014,3.5971014,3.5971014,3.5971014,3.5971014,3.5971014,3.5971014,3.5971014,3.5971014,3.5971014,3.5971014,SINAPI_familias_e_coeficientes_2025_06.xlsx,
1870,39335,"CONDULETE EM PVC, TIPO ""E"", SEM TAMPA, DE 1""",UN,REPRESENTADO,4.057971,4.057971,4.057971,4.057971,4.057971,4.057971,4.057971,4.057971,4.057971,4.057971,4.057971,4.057971,4.057971,4.057971,4.057971,4.057971,4.057971,4.057971,4.057971,4.057971,4.057971,4.057971,4.057971,4.057971,4.057971,4.057971,4.057971,SINAPI_familias_e_coeficientes_2025_06.xlsx,
1870,39333,"CONDULETE EM PVC, TIPO ""E"", SEM TAMPA, DE 1/2""",UN,REPRESENTADO,3.5072464,3.5072464,3.5072464,3.5072464,3.5072464,3.5072464,3.5072464,3.5072464,3.5072464,3.5072464,3.5072464,3.5072464,3.5072464,3.5072464,3.5072464,3.5072464,3.5072464,3.5072464,3.5072464,3.5072464,3.5072464,3.5072464,3.5072464,3.5072464,3.5072464,3.5072464,3.5072464,SINAPI_familias_e_coeficientes_2025_06.xlsx,
1870,39334,"CONDULETE EM PVC, TIPO ""E"", SEM TAMPA, DE 3/4""",UN,REPRESENTADO,3.226087,3.226087,3.226087,3.226087,3.226087,3.226087,3.226087,3.226087,3.226087,3.226087,3.226087,3.226087,3.226087,3.226087,3.226087,3.226087,3.226087,3.226087,3.226087,3.226087,3.226087,3.226087,3.226087,3.226087,3.226087,3.226087,3.226087,SINAPI_familias_e_coeficientes_2025_06.xlsx,
1870,12015,"CONDULETE EM PVC, TIPO ""LB"", SEM TAMPA, DE 1""",UN,REPRESENTADO,4.7130435,4.7130435,4.7130435,4.7130435,4.7130435,4.7130435,4.7130435,4.7130435,4.7130435,4.7130435,4.7130435,4.7130435,4.7130435,4.7130435,4.7130435,4.7130435,4.7130435,4.7130435,4.7130435,4.7130435,4.7130435,4.7130435,4.7130435,4.7130435,4.7130435,4.7130435,4.7130435,SINAPI_familias_e_coeficientes_2025_06.xlsx,
1870,12016,"CONDULETE EM PVC, TIPO ""LB"", SEM TAMPA, DE 1/2"" OU 3/4""",UN,REPRESENTADO,4.0492754,4.0492754,4.0492754,4.0492754,4.0492754,4.0492754,4.0492754,4.0492754,4.0492754,4.0492754,4.0492754,4.0492754,4.0492754,4.0492754,4.0492754,4.0492754,4.0492754,4.0492754,4.0492754,4.0492754,4.0492754,4.0492754,4.0492754,4.0492754,4.0492754,4.0492754,4.0492754,SINAPI_familias_e_coeficientes_2025_06.xlsx,
1870,12019,"CONDULETE EM PVC, TIPO ""LL"", SEM TAMPA, DE 1""",UN,REPRESENTADO,4.7130435,4.7130435,4.7130435,4.7130435,4.7130435,4.7130435,4.7130435,4.7130435,4.7130435,4.7130435,4.7130435,4.7130435,4.7130435,4.7130435,4.7130435,4.7130435,4.7130435,4.7130435,4.7130435,4.7130435,4.7130435,4.7130435,4.7130435,4.7130435,4.7130435,4.7130435,4.7130435,SINAPI_familias_e_coeficientes_2025_06.xlsx,
1870,12020,"CONDULETE EM PVC, TIPO ""LL"", SEM TAMPA, DE 1/2"" OU 3/4""",UN,REPRESENTADO,4.0492754,4.0492754,4.0492754,4.0492754,4.0492754,4.0492754,4.0492754,4.0492754,4.0492754,4.0492754,4.0492754,4.0492754,4.0492754,4.0492754,4.0492754,4.0492754,4.0492754,4.0492754,4.0492754,4.0492754,4.0492754,4.0492754,4.0492754,4.0492754,4.0492754,4.0492754,4.0492754,SINAPI_familias_e_coeficientes_2025_06.xlsx,
1870,39338,"CONDULETE EM PVC, TIPO ""LR"", SEM TAMPA, DE 1""",UN,REPRESENTADO,4.5188406,4.5188406,4.5188406,4.5188406,4.5188406,4.5188406,4.5188406,4.5188406,4.5188406,4.5188406,4.5188406,4.5188406,4.5188406,4.5188406,4.5188406,4.5188406,4.5188406,4.5188406,4.5188406,4.5188406,4.5188406,4.5188406,4.5188406,4.5188406,4.5188406,4.5188406,4.5188406,SINAPI_familias_e_coeficientes_2025_06.xlsx,
1870,39336,"CONDULETE EM PVC, TIPO ""LR"", SEM TAMPA, DE 1/2""",UN,REPRESENTADO,4.0434783,4.0434783,4.0434783,4.0434783,4.0434783,4.0434783,4.0434783,4.0434783,4.0434783,4.0434783,4.0434783,4.0434783,4.0434783,4.0434783,4.0434783,4.0434783,4.0434783,4.0434783,4.0434783,4.0434783,4.0434783,4.0434783,4.0434783,4.0434783,4.0434783,4.0434783,4.0434783,SINAPI_familias_e_coeficientes_2025_06.xlsx,
1870,39337,"CONDULETE EM PVC, TIPO ""LR"", SEM TAMPA, DE 3/4""",UN,REPRESENTADO,3.5971014,3.5971014,3.5971014,3.5971014,3.5971014,3.5971014,3.5971014,3.5971014,3.5971014,3.5971014,3.5971014,3.5971014,3.5971014,3.5971014,3.5971014,3.5971014,3.5971014,3.5971014,3.5971014,3.5971014,3.5971014,3.5971014,3.5971014,3.5971014,3.5971014,3.5971014,3.5971014,SINAPI_familias_e_coeficientes_2025_06.xlsx,
1870,39341,"CONDULETE EM PVC, TIPO ""T"", SEM TAMPA, DE 1""",UN,REPRESENTADO,5.8898551,5.8898551,5.8898551,5.8898551,5.8898551,5.8898551,5.8898551,5.8898551,5.8898551,5.8898551,5.8898551,5.8898551,5.8898551,5.8898551,5.8898551,5.8898551,5.8898551,5.8898551,5.8898551,5.8898551,5.8898551,5.8898551,5.8898551,5.8898551,5.8898551,5.8898551,5.8898551,SINAPI_familias_e_coeficientes_2025_06.xlsx,
1870,39340,"CONDULETE EM PVC, TIPO ""T"", SEM TAMPA, DE 3/4""",UN,REPRESENTADO,4.3246377,4.3246377,4.3246377,4.3246377,4.3246377,4.3246377,4.3246377,4.3246377,4.3246377,4.3246377,4.3246377,4.3246377,4.3246377,4.3246377,4.3246377,4.3246377,4.3246377,4.3246377,4.3246377,4.3246377,4.3246377,4.3246377,4.3246377,4.3246377,4.3246377,4.3246377,4.3246377,SINAPI_familias_e_coeficientes_2025_06.xlsx,
1870,39342,"CONDULETE EM PVC, TIPO ""TB"", SEM TAMPA, DE 1""",UN,REPRESENTADO,5.8898551,5.8898551,5.8898551,5.8898551,5.8898551,5.8898551,5.8898551,5.8898551,5.8898551,5.8898551,5.8898551,5.8898551,5.8898551,5.8898551,5.8898551,5.8898551,5.8898551,5.8898551,5.8898551,5.8898551,5.8898551,5.8898551,5.8898551,5.8898551,5.8898551,5.8898551,5.8898551,SINAPI_familias_e_coeficientes_2025_06.xlsx,
1870,12025,"CONDULETE EM PVC, TIPO ""TB"", SEM TAMPA, DE 1/2"" OU 3/4""",UN,REPRESENTADO,4.4666667,4.4666667,4.4666667,4.4666667,4.4666667,4.4666667,4.4666667,4.4666667,4.4666667,4.4666667,4.4666667,4.4666667,4.4666667,4.4666667,4.4666667,4.4666667,4.4666667,4.4666667,4.4666667,4.4666667,4.4666667,4.4666667,4.4666667,4.4666667,4.4666667,4.4666667,4.4666667,SINAPI_familias_e_coeficientes_2025_06.xlsx,
1870,39345,"CONDULETE EM PVC, TIPO ""X"", SEM TAMPA, DE 1""",UN,REPRESENTADO,6.7304348,6.7304348,6.7304348,6.7304348,6.7304348,6.7304348,6.7304348,6.7304348,6.7304348,6.7304348,6.7304348,6.7304348,6.7304348,6.7304348,6.7304348,6.7304348,6.7304348,6.7304348,6.7304348,6.7304348,6.7304348,6.7304348,6.7304348,6.7304348,6.7304348,6.7304348,6.7304348,SINAPI_familias_e_coeficientes_2025_06.xlsx,
1870,39343,"CONDULETE EM PVC, TIPO ""X"", SEM TAMPA, DE 1/2""",UN,REPRESENTADO,4.973913,4.973913,4.973913,4.973913,4.973913,4.973913,4.973913,4.973913,4.973913,4.973913,4.973913,4.973913,4.973913,4.973913,4.973913,4.973913,4.973913,4.973913,4.973913,4.973913,4.973913,4.973913,4.973913,4.973913,4.973913,4.973913,4.973913,SINAPI_familias_e_coeficientes_2025_06.xlsx,
1870,39344,"CONDULETE EM PVC, TIPO ""X"", SEM TAMPA, DE 3/4""",UN,REPRESENTADO,4.8086957,4.8086957,4.8086957,4.8086957,4.8086957,4.8086957,4.8086957,4.8086957,4.8086957,4.8086957,4.8086957,4.8086957,4.8086957,4.8086957,4.8086957,4.8086957,4.8086957,4.8086957,4.8086957,4.8086957,4.8086957,4.8086957,4.8086957,4.8086957,4.8086957,4.8086957,4.8086957,SINAPI_familias_e_coeficientes_2025_06.xlsx,
1870,1880,"CURVA 135 GRAUS, DE PVC RIGIDO ROSCAVEL, DE 1"", PARA ELETRODUTO",UN,REPRESENTADO,1.2028986,1.2028986,1.2028986,1.2028986,1.2028986,1.2028986,1.2028986,1.2028986,1.2028986,1.2028986,1.2028986,1.2028986,1.2028986,1.2028986,1.2028986,1.2028986,1.2028986,1.2028986,1.2028986,1.2028986,1.2028986,1.2028986,1.2028986,1.2028986,1.2028986,1.2028986,1.2028986,SINAPI_familias_e_coeficientes_2025_06.xlsx,
1870,39274,"CURVA 135 GRAUS, DE PVC RIGIDO ROSCAVEL, DE 3/4"", PARA ELETRODUTO",UN,REPRESENTADO,0.9333333,0.9333333,0.9333333,0.9333333,0.9333333,0.9333333,0.9333333,0.9333333,0.9333333,0.9333333,0.9333333,0.9333333,0.9333333,0.9333333,0.9333333,0.9333333,0.9333333,0.9333333,0.9333333,0.9333333,0.9333333,0.9333333,0.9333333,0.9333333,0.9333333,0.9333333,0.9333333,SINAPI_familias_e_coeficientes_2025_06.xlsx,
1870,12033,"CURVA 180 GRAUS, DE PVC RIGIDO ROSCAVEL, DE 1 1/2"", PARA ELETRODUTO",UN,REPRESENTADO,3.8376812,3.8376812,3.8376812,3.8376812,3.8376812,3.8376812,3.8376812,3.8376812,3.8376812,3.8376812,3.8376812,3.8376812,3.8376812,3.8376812,3.8376812,3.8376812,3.8376812,3.8376812,3.8376812,3.8376812,3.8376812,3.8376812,3.8376812,3.8376812,3.8376812,3.8376812,3.8376812,SINAPI_familias_e_coeficientes_2025_06.xlsx,
1870,40408,"CURVA 180 GRAUS, DE PVC RIGIDO ROSCAVEL, DE 1 1/4"", PARA ELETRODUTO",UN,REPRESENTADO,2.5217391,2.5217391,2.5217391,2.5217391,2.5217391,2.5217391,2.5217391,2.5217391,2.5217391,2.5217391,2.5217391,2.5217391,2.5217391,2.5217391,2.5217391,2.5217391,2.5217391,2.5217391,2.5217391,2.5217391,2.5217391,2.5217391,2.5217391,2.5217391,2.5217391,2.5217391,2.5217391,SINAPI_familias_e_coeficientes_2025_06.xlsx,
1870,39276,"CURVA 180 GRAUS, DE PVC RIGIDO ROSCAVEL, DE 1"", PARA ELETRODUTO",UN,REPRESENTADO,2.2724638,2.2724638,2.2724638,2.2724638,2.2724638,2.2724638,2.2724638,2.2724638,2.2724638,2.2724638,2.2724638,2.2724638,2.2724638,2.2724638,2.2724638,2.2724638,2.2724638,2.2724638,2.2724638,2.2724638,2.2724638,2.2724638,2.2724638,2.2724638,2.2724638,2.2724638,2.2724638,SINAPI_familias_e_coeficientes_2025_06.xlsx,
1870,40409,"CURVA 180 GRAUS, DE PVC RIGIDO ROSCAVEL, DE 1/2"", PARA ELETRODUTO",UN,REPRESENTADO,0.8927536,0.8927536,0.8927536,0.8927536,0.8927536,0.8927536,0.8927536,0.8927536,0.8927536,0.8927536,0.8927536,0.8927536,0.8927536,0.8927536,0.8927536,0.8927536,0.8927536,0.8927536,0.8927536,0.8927536,0.8927536,0.8927536,0.8927536,0.8927536,0.8927536,0.8927536,0.8927536,SINAPI_familias_e_coeficientes_2025_06.xlsx,
1870,39277,"CURVA 180 GRAUS, DE PVC RIGIDO ROSCAVEL, DE 2"", PARA ELETRODUTO",UN,REPRESENTADO,6.1333333,6.1333333,6.1333333,6.1333333,6.1333333,6.1333333,6.1333333,6.1333333,6.1333333,6.1333333,6.1333333,6.1333333,6.1333333,6.1333333,6.1333333,6.1333333,6.1333333,6.1333333,6.1333333,6.1333333,6.1333333,6.1333333,6.1333333,6.1333333,6.1333333,6.1333333,6.1333333,SINAPI_familias_e_coeficientes_2025_06.xlsx,
1870,12034,"CURVA 180 GRAUS, DE PVC RIGIDO ROSCAVEL, DE 3/4"", PARA ELETRODUTO",UN,REPRESENTADO,1.7391304,1.7391304,1.7391304,1.7391304,1.7391304,1.7391304,1.7391304,1.7391304,1.7391304,1.7391304,1.7391304,1.7391304,1.7391304,1.7391304,1.7391304,1.7391304,1.7391304,1.7391304,1.7391304,1.7391304,1.7391304,1.7391304,1.7391304,1.7391304,1.7391304,1.7391304,1.7391304,SINAPI_familias_e_coeficientes_2025_06.xlsx,
1870,39273,"CURVA 90 GRAUS, CURTA, DE PVC RIGIDO ROSCAVEL, DE 1"", PARA ELETRODUTO",UN,REPRESENTADO,1.3130435,1.3130435,1.3130435,1.3130435,1.3130435,1.3130435,1.3130435,1.3130435,1.3130435,1.3130435,1.3130435,1.3130435,1.3130435,1.3130435,1.3130435,1.3130435,1.3130435,1.3130435,1.3130435,1.3130435,1.3130435,1.3130435,1.3130435,1.3130435,1.3130435,1.3130435,1.3130435,SINAPI_familias_e_coeficientes_2025_06.xlsx,
1870,39271,"CURVA 90 GRAUS, CURTA, DE PVC RIGIDO ROSCAVEL, DE 1/2"", PARA ELETRODUTO",UN,REPRESENTADO,0.773913,0.773913,0.773913,0.773913,0.773913,0.773913,0.773913,0.773913,0.773913,0.773913,0.773913,0.773913,0.773913,0.773913,0.773913,0.773913,0.773913,0.773913,0.773913,0.773913,0.773913,0.773913,0.773913,0.773913,0.773913,0.773913,0.773913,SINAPI_familias_e_coeficientes_2025_06.xlsx,
1870,39272,"CURVA 90 GRAUS, CURTA, DE PVC RIGIDO ROSCAVEL, DE 3/4"", PARA ELETRODUTO",UN,REPRESENTADO,0.9507246,0.9507246,0.9507246,0.9507246,0.9507246,0.9507246,0.9507246,0.9507246,0.9507246,0.9507246,0.9507246,0.9507246,0.9507246,0.9507246,0.9507246,0.9507246,0.9507246,0.9507246,0.9507246,0.9507246,0.9507246,0.9507246,0.9507246,0.9507246,0.9507246,0.9507246,0.9507246,SINAPI_familias_e_coeficientes_2025_06.xlsx,
1870,1875,"CURVA 90 GRAUS, LONGA, DE PVC RIGIDO ROSCAVEL, DE 1 1/2"", PARA ELETRODUTO",UN,REPRESENTADO,2.0985507,2.0985507,2.0985507,2.0985507,2.0985507,2.0985507,2.0985507,2.0985507,2.0985507,2.0985507,2.0985507,2.0985507,2.0985507,2.0985507,2.0985507,2.0985507,2.0985507,2.0985507,2.0985507,2.0985507,2.0985507,2.0985507,2.0985507,2.0985507,2.0985507,2.0985507,2.0985507,SINAPI_familias_e_coeficientes_2025_06.xlsx,
1870,1874,"CURVA 90 GRAUS, LONGA, DE PVC RIGIDO ROSCAVEL, DE 1 1/4"", PARA ELETRODUTO",UN,REPRESENTADO,1.7333333,1.7333333,1.7333333,1.7333333,1.7333333,1.7333333,1.7333333,1.7333333,1.7333333,1.7333333,1.7333333,1.7333333,1.7333333,1.7333333,1.7333333,1.7333333,1.7333333,1.7333333,1.7333333,1.7333333,1.7333333,1.7333333,1.7333333,1.7333333,1.7333333,1.7333333,1.7333333,SINAPI_familias_e_coeficientes_2025_06.xlsx,
1870,1884,"CURVA 90 GRAUS, LONGA, DE PVC RIGIDO ROSCAVEL, DE 1"", PARA ELETRODUTO",UN,REPRESENTADO,1.5362319,1.5362319,1.5362319,1.5362319,1.5362319,1.5362319,1.5362319,1.5362319,1.5362319,1.5362319,1.5362319,1.5362319,1.5362319,1.5362319,1.5362319,1.5362319,1.5362319,1.5362319,1.5362319,1.5362319,1.5362319,1.5362319,1.5362319,1.5362319,1.5362319,1.5362319,1.5362319,SINAPI_familias_e_coeficientes_2025_06.xlsx,
1870,1887,"CURVA 90 GRAUS, LONGA, DE PVC RIGIDO ROSCAVEL, DE 2 1/2"", PARA ELETRODUTO",UN,REPRESENTADO,8.6956522,8.6956522,8.6956522,8.6956522,8.6956522,8.6956522,8.6956522,8.6956522,8.6956522,8.6956522,8.6956522,8.6956522,8.6956522,8.6956522,8.6956522,8.6956522,8.6956522,8.6956522,8.6956522,8.6956522,8.6956522,8.6956522,8.6956522,8.6956522,8.6956522,8.6956522,8.6956522,SINAPI_familias_e_coeficientes_2025_06.xlsx,
1870,1876,"CURVA 90 GRAUS, LONGA, DE PVC RIGIDO ROSCAVEL, DE 2"", PARA ELETRODUTO",UN,REPRESENTADO,3.4086957,3.4086957,3.4086957,3.4086957,3.4086957,3.4086957,3.4086957,3.4086957,3.4086957,3.4086957,3.4086957,3.4086957,3.4086957,3.4086957,3.4086957,3.4086957,3.4086957,3.4086957,3.4086957,3.4086957,3.4086957,3.4086957,3.4086957,3.4086957,3.4086957,3.4086957,3.4086957,SINAPI_familias_e_coeficientes_2025_06.xlsx,
1870,1877,"CURVA 90 GRAUS, LONGA, DE PVC RIGIDO ROSCAVEL, DE 3"", PARA ELETRODUTO",UN,REPRESENTADO,8.7072464,8.7072464,8.7072464,8.7072464,8.7072464,8.7072464,8.7072464,8.7072464,8.7072464,8.7072464,8.7072464,8.7072464,8.7072464,8.7072464,8.7072464,8.7072464,8.7072464,8.7072464,8.7072464,8.7072464,8.7072464,8.7072464,8.7072464,8.7072464,8.7072464,8.7072464,8.7072464,SINAPI_familias_e_coeficientes_2025_06.xlsx,
1870,1879,"CURVA 90 GRAUS, LONGA, DE PVC RIGIDO ROSCAVEL, DE 3/4"", PARA ELETRODUTO",UN,REPRESENTADO,1.0144928,1.0144928,1.0144928,1.0144928,1.0144928,1.0144928,1.0144928,1.0144928,1.0144928,1.0144928,1.0144928,1.0144928,1.0144928,1.0144928,1.0144928,1.0144928,1.0144928,1.0144928,1.0144928,1.0144928,1.0144928,1.0144928,1.0144928,1.0144928,1.0144928,1.0144928,1.0144928,SINAPI_familias_e_coeficientes_2025_06.xlsx,
1870,1878,"CURVA 90 GRAUS, LONGA, DE PVC RIGIDO ROSCAVEL, DE 4"", PARA ELETRODUTO",UN,REPRESENTADO,17.4927536,17.4927536,17.4927536,17.4927536,17.4927536,17.4927536,17.4927536,17.4927536,17.4927536,17.4927536,17.4927536,17.4927536,17.4927536,17.4927536,17.4927536,17.4927536,17.4927536,17.4927536,17.4927536,17.4927536,17.4927536,17.4927536,17.4927536,17.4927536,17.4927536,17.4927536,17.4927536,SINAPI_familias_e_coeficientes_2025_06.xlsx,
1870,1904,"LUVA DE PRESSAO, EM PVC, DE 20 MM, PARA ELETRODUTO FLEXIVEL",UN,REPRESENTADO,0.3478261,0.3478261,0.3478261,0.3478261,0.3478261,0.3478261,0.3478261,0.3478261,0.3478261,0.3478261,0.3478261,0.3478261,0.3478261,0.3478261,0.3478261,0.3478261,0.3478261,0.3478261,0.3478261,0.3478261,0.3478261,0.3478261,0.3478261,0.3478261,0.3478261,0.3478261,0.3478261,SINAPI_familias_e_coeficientes_2025_06.xlsx,
1870,1899,"LUVA DE PRESSAO, EM PVC, DE 25 MM, PARA ELETRODUTO FLEXIVEL",UN,REPRESENTADO,0.3942029,0.3942029,0.3942029,0.3942029,0.3942029,0.3942029,0.3942029,0.3942029,0.3942029,0.3942029,0.3942029,0.3942029,0.3942029,0.3942029,0.3942029,0.3942029,0.3942029,0.3942029,0.3942029,0.3942029,0.3942029,0.3942029,0.3942029,0.3942029,0.3942029,0.3942029,0.3942029,SINAPI_familias_e_coeficientes_2025_06.xlsx,
1870,1900,"LUVA DE PRESSAO, EM PVC, DE 32 MM, PARA ELETRODUTO FLEXIVEL",UN,REPRESENTADO,0.6376812,0.6376812,0.6376812,0.6376812,0.6376812,0.6376812,0.6376812,0.6376812,0.6376812,0.6376812,0.6376812,0.6376812,0.6376812,0.6376812,0.6376812,0.6376812,0.6376812,0.6376812,0.6376812,0.6376812,0.6376812,0.6376812,0.6376812,0.6376812,0.6376812,0.6376812,0.6376812,SINAPI_familias_e_coeficientes_2025_06.xlsx,
1870,1893,"LUVA EM PVC RIGIDO ROSCAVEL, DE 1 1/2"", PARA ELETRODUTO",UN,REPRESENTADO,1.3101449,1.3101449,1.3101449,1.3101449,1.3101449,1.3101449,1.3101449,1.3101449,1.3101449,1.3101449,1.3101449,1.3101449,1.3101449,1.3101449,1.3101449,1.3101449,1.3101449,1.3101449,1.3101449,1.3101449,1.3101449,1.3101449,1.3101449,1.3101449,1.3101449,1.3101449,1.3101449,SINAPI_familias_e_coeficientes_2025_06.xlsx,
1870,1902,"LUVA EM PVC RIGIDO ROSCAVEL, DE 1 1/4"", PARA ELETRODUTO",UN,REPRESENTADO,0.9536232,0.9536232,0.9536232,0.9536232,0.9536232,0.9536232,0.9536232,0.9536232,0.9536232,0.9536232,0.9536232,0.9536232,0.9536232,0.9536232,0.9536232,0.9536232,0.9536232,0.9536232,0.9536232,0.9536232,0.9536232,0.9536232,0.9536232,0.9536232,0.9536232,0.9536232,0.9536232,SINAPI_familias_e_coeficientes_2025_06.xlsx,
1870,1892,"LUVA EM PVC RIGIDO ROSCAVEL, DE 1"", PARA ELETRODUTO",UN,REPRESENTADO,0.6144928,0.6144928,0.6144928,0.6144928,0.6144928,0.6144928,0.6144928,0.6144928,0.6144928,0.6144928,0.6144928,0.6144928,0.6144928,0.6144928,0.6144928,0.6144928,0.6144928,0.6144928,0.6144928,0.6144928,0.6144928,0.6144928,0.6144928,0.6144928,0.6144928,0.6144928,0.6144928,SINAPI_familias_e_coeficientes_2025_06.xlsx,
1870,1901,"LUVA EM PVC RIGIDO ROSCAVEL, DE 1/2"", PARA ELETRODUTO",UN,REPRESENTADO,0.2985507,0.2985507,0.2985507,0.2985507,0.2985507,0.2985507,0.2985507,0.2985507,0.2985507,0.2985507,0.2985507,0.2985507,0.2985507,0.2985507,0.2985507,0.2985507,0.2985507,0.2985507,0.2985507,0.2985507,0.2985507,0.2985507,0.2985507,0.2985507,0.2985507,0.2985507,0.2985507,SINAPI_familias_e_coeficientes_2025_06.xlsx,
1870,1907,"LUVA EM PVC RIGIDO ROSCAVEL, DE 2 1/2"", PARA ELETRODUTO",UN,REPRESENTADO,4.2144928,4.2144928,4.2144928,4.2144928,4.2144928,4.2144928,4.2144928,4.2144928,4.2144928,4.2144928,4.2144928,4.2144928,4.2144928,4.2144928,4.2144928,4.2144928,4.2144928,4.2144928,4.2144928,4.2144928,4.2144928,4.2144928,4.2144928,4.2144928,4.2144928,4.2144928,4.2144928,SINAPI_familias_e_coeficientes_2025_06.xlsx,
1870,1894,"LUVA EM PVC RIGIDO ROSCAVEL, DE 2"", PARA ELETRODUTO",UN,REPRESENTADO,1.8956522,1.8956522,1.8956522,1.8956522,1.8956522,1.8956522,1.8956522,1.8956522,1.8956522,1.8956522,1.8956522,1.8956522,1.8956522,1.8956522,1.8956522,1.8956522,1.8956522,1.8956522,1.8956522,1.8956522,1.8956522,1.8956522,1.8956522,1.8956522,1.8956522,1.8956522,1.8956522,SINAPI_familias_e_coeficientes_2025_06.xlsx,
1870,1896,"LUVA EM PVC RIGIDO ROSCAVEL, DE 3"", PARA ELETRODUTO",UN,REPRESENTADO,5.657971,5.657971,5.657971,5.657971,5.657971,5.657971,5.657971,5.657971,5.657971,5.657971,5.657971,5.657971,5.657971,5.657971,5.657971,5.657971,5.657971,5.657971,5.657971,5.657971,5.657971,5.657971,5.657971,5.657971,5.657971,5.657971,5.657971,SINAPI_familias_e_coeficientes_2025_06.xlsx,
1870,1891,"LUVA EM PVC RIGIDO ROSCAVEL, DE 3/4"", PARA ELETRODUTO",UN,REPRESENTADO,0.4405797,0.4405797,0.4405797,0.4405797,0.4405797,0.4405797,0.4405797,0.4405797,0.4405797,0.4405797,0.4405797,0.4405797,0.4405797,0.4405797,0.4405797,0.4405797,0.4405797,0.4405797,0.4405797,0.4405797,0.4405797,0.4405797,0.4405797,0.4405797,0.4405797,0.4405797,0.4405797,SINAPI_familias_e_coeficientes_2025_06.xlsx,
1870,1895,"LUVA EM PVC RIGIDO ROSCAVEL, DE 4"", PARA ELETRODUTO",UN,REPRESENTADO,9.942029,9.942029,9.942029,9.942029,9.942029,9.942029,9.942029,9.942029,9.942029,9.942029,9.942029,9.942029,9.942029,9.942029,9.942029,9.942029,9.942029,9.942029,9.942029,9.942029,9.942029,9.942029,9.942029,9.942029,9.942029,9.942029,9.942029,SINAPI_familias_e_coeficientes_2025_06.xlsx,
1870,7543,"TAMPA CEGA EM PVC PARA CONDULETE 4 X 2""",UN,REPRESENTADO,1.9710145,1.9710145,1.9710145,1.9710145,1.9710145,1.9710145,1.9710145,1.9710145,1.9710145,1.9710145,1.9710145,1.9710145,1.9710145,1.9710145,1.9710145,1.9710145,1.9710145,1.9710145,1.9710145,1.9710145,1.9710145,1.9710145,1.9710145,1.9710145,1.9710145,1.9710145,1.9710145,SINAPI_familias_e_coeficientes_2025_06.xlsx,
1870,39346,"TAMPA PARA CONDULETE, EM PVC, PARA 1 INTERRUPTOR",UN,REPRESENTADO,1.2173913,1.2173913,1.2173913,1.2173913,1.2173913,1.2173913,1.2173913,1.2173913,1.2173913,1.2173913,1.2173913,1.2173913,1.2173913,1.2173913,1.2173913,1.2173913,1.2173913,1.2173913,1.2173913,1.2173913,1.2173913,1.2173913,1.2173913,1.2173913,1.2173913,1.2173913,1.2173913,SINAPI_familias_e_coeficientes_2025_06.xlsx,
1870,39350,"TAMPA PARA CONDULETE, EM PVC, PARA 1 MODULO RJ",UN,REPRESENTADO,1.3101449,1.3101449,1.3101449,1.3101449,1.3101449,1.3101449,1.3101449,1.3101449,1.3101449,1.3101449,1.3101449,1.3101449,1.3101449,1.3101449,1.3101449,1.3101449,1.3101449,1.3101449,1.3101449,1.3101449,1.3101449,1.3101449,1.3101449,1.3101449,1.3101449,1.3101449,1.3101449,SINAPI_familias_e_coeficientes_2025_06.xlsx,
1870,39351,"TAMPA PARA CONDULETE, EM PVC, PARA 2 MODULOS RJ",UN,REPRESENTADO,1.515942,1.515942,1.515942,1.515942,1.515942,1.515942,1.515942,1.515942,1.515942,1.515942,1.515942,1.515942,1.515942,1.515942,1.515942,1.515942,1.515942,1.515942,1.515942,1.515942,1.515942,1.515942,1.515942,1.515942,1.515942,1.515942,1.515942,SINAPI_familias_e_coeficientes_2025_06.xlsx,
1870,39352,"TAMPA PARA CONDULETE, EM PVC, PARA TOMADA HEXAGONAL",UN,REPRESENTADO,1.2173913,1.2173913,1.2173913,1.2173913,1.2173913,1.2173913,1.2173913,1.2173913,1.2173913,1.2173913,1.2173913,1.2173913,1.2173913,1.2173913,1.2173913,1.2173913,1.2173913,1.2173913,1.2173913,1.2173913,1.2173913,1.2173913,1.2173913,1.2173913,1.2173913,1.2173913,1.2173913,SINAPI_familias_e_coeficientes_2025_06.xlsx,
2370,2370,"DISJUNTOR TIPO NEMA, MONOPOLAR 10 ATE 30A, TENSAO MAXIMA DE 240 V",UN,REPRESENTATIVO,1,1,1,1,1,1,1,1,1,1,1,1,1,1,1,1,1,1,1,1,1,1,1,1,1,1,1,SINAPI_familias_e_coeficientes_2025_06.xlsx,
2370,34729,"DISJUNTOR TERMOMAGNETICO AJUSTAVEL, TRIPOLAR DE 100 ATE 250A, CAPACIDADE DE INTERRUPCAO DE 35KA",UN,REPRESENTADO,100.5326232,100.5326232,100.5326232,100.5326232,100.5326232,100.5326232,100.5326232,100.5326232,100.5326232,100.5326232,100.5326232,100.5326232,100.5326232,100.5326232,100.5326232,100.5326232,100.5326232,100.5326232,100.5326232,100.5326232,100.5326232,100.5326232,100.5326232,100.5326232,100.5326232,100.5326232,100.5326232,SINAPI_familias_e_coeficientes_2025_06.xlsx,
2370,34734,"DISJUNTOR TERMOMAGNETICO AJUSTAVEL, TRIPOLAR DE 300 ATE 400A, CAPACIDADE DE INTERRUPCAO DE 35KA",UN,REPRESENTADO,155.6564581,155.6564581,155.6564581,155.6564581,155.6564581,155.6564581,155.6564581,155.6564581,155.6564581,155.6564581,155.6564581,155.6564581,155.6564581,155.6564581,155.6564581,155.6564581,155.6564581,155.6564581,155.6564581,155.6564581,155.6564581,155.6564581,155.6564581,155.6564581,155.6564581,155.6564581,155.6564581,SINAPI_familias_e_coeficientes_2025_06.xlsx,
2370,34738,"DISJUNTOR TERMOMAGNETICO AJUSTAVEL, TRIPOLAR DE 450 ATE 600A, CAPACIDADE DE INTERRUPCAO DE 35KA",UN,REPRESENTADO,363.6617843,363.6617843,363.6617843,363.6617843,363.6617843,363.6617843,363.6617843,363.6617843,363.6617843,363.6617843,363.6617843,363.6617843,363.6617843,363.6617843,363.6617843,363.6617843,363.6617843,363.6617843,363.6617843,363.6617843,363.6617843,363.6617843,363.6617843,363.6617843,363.6617843,363.6617843,363.6617843,SINAPI_familias_e_coeficientes_2025_06.xlsx,
2370,34623,"DISJUNTOR TERMOMAGNETICO PARA TRILHO DIN (IEC), BIPOLAR, 40 - 50 A",UN,REPRESENTADO,4.3581891,4.3581891,4.3581891,4.3581891,4.3581891,4.3581891,4.3581891,4.3581891,4.3581891,4.3581891,4.3581891,4.3581891,4.3581891,4.3581891,4.3581891,4.3581891,4.3581891,4.3581891,4.3581891,4.3581891,4.3581891,4.3581891,4.3581891,4.3581891,4.3581891,4.3581891,4.3581891,SINAPI_familias_e_coeficientes_2025_06.xlsx,
2370,34616,"DISJUNTOR TERMOMAGNETICO PARA TRILHO DIN (IEC), BIPOLAR, 6 - 32 A",UN,REPRESENTADO,4.4260985,4.4260985,4.4260985,4.4260985,4.4260985,4.4260985,4.4260985,4.4260985,4.4260985,4.4260985,4.4260985,4.4260985,4.4260985,4.4260985,4.4260985,4.4260985,4.4260985,4.4260985,4.4260985,4.4260985,4.4260985,4.4260985,4.4260985,4.4260985,4.4260985,4.4260985,4.4260985,SINAPI_familias_e_coeficientes_2025_06.xlsx,
2370,34628,"DISJUNTOR TERMOMAGNETICO PARA TRILHO DIN (IEC), BIPOLAR, 63 A",UN,REPRESENTADO,6.2423435,6.2423435,6.2423435,6.2423435,6.2423435,6.2423435,6.2423435,6.2423435,6.2423435,6.2423435,6.2423435,6.2423435,6.2423435,6.2423435,6.2423435,6.2423435,6.2423435,6.2423435,6.2423435,6.2423435,6.2423435,6.2423435,6.2423435,6.2423435,6.2423435,6.2423435,6.2423435,SINAPI_familias_e_coeficientes_2025_06.xlsx,
2370,34686,"DISJUNTOR TERMOMAGNETICO PARA TRILHO DIN (IEC), MONOPOLAR, 40 - 50 A",UN,REPRESENTADO,1.1451398,1.1451398,1.1451398,1.1451398,1.1451398,1.1451398,1.1451398,1.1451398,1.1451398,1.1451398,1.1451398,1.1451398,1.1451398,1.1451398,1.1451398,1.1451398,1.1451398,1.1451398,1.1451398,1.1451398,1.1451398,1.1451398,1.1451398,1.1451398,1.1451398,1.1451398,1.1451398,SINAPI_familias_e_coeficientes_2025_06.xlsx,
2370,34653,"DISJUNTOR TERMOMAGNETICO PARA TRILHO DIN (IEC), MONOPOLAR, 6 - 32 A",UN,REPRESENTADO,0.7723036,0.7723036,0.7723036,0.7723036,0.7723036,0.7723036,0.7723036,0.7723036,0.7723036,0.7723036,0.7723036,0.7723036,0.7723036,0.7723036,0.7723036,0.7723036,0.7723036,0.7723036,0.7723036,0.7723036,0.7723036,0.7723036,0.7723036,0.7723036,0.7723036,0.7723036,0.7723036,SINAPI_familias_e_coeficientes_2025_06.xlsx,
2370,34688,"DISJUNTOR TERMOMAGNETICO PARA TRILHO DIN (IEC), MONOPOLAR, 63 A",UN,REPRESENTADO,1.3994674,1.3994674,1.3994674,1.3994674,1.3994674,1.3994674,1.3994674,1.3994674,1.3994674,1.3994674,1.3994674,1.3994674,1.3994674,1.3994674,1.3994674,1.3994674,1.3994674,1.3994674,1.3994674,1.3994674,1.3994674,1.3994674,1.3994674,1.3994674,1.3994674,1.3994674,1.3994674,SINAPI_familias_e_coeficientes_2025_06.xlsx,
2370,34709,"DISJUNTOR TERMOMAGNETICO PARA TRILHO DIN (IEC), TRIPOLAR, 10 - 50 A",UN,REPRESENTADO,5.4227696,5.4227696,5.4227696,5.4227696,5.4227696,5.4227696,5.4227696,5.4227696,5.4227696,5.4227696,5.4227696,5.4227696,5.4227696,5.4227696,5.4227696,5.4227696,5.4227696,5.4227696,5.4227696,5.4227696,5.4227696,5.4227696,5.4227696,5.4227696,5.4227696,5.4227696,5.4227696,SINAPI_familias_e_coeficientes_2025_06.xlsx,
2370,34714,"DISJUNTOR TERMOMAGNETICO PARA TRILHO DIN (IEC), TRIPOLAR, 63 A",UN,REPRESENTADO,6.4766977,6.4766977,6.4766977,6.4766977,6.4766977,6.4766977,6.4766977,6.4766977,6.4766977,6.4766977,6.4766977,6.4766977,6.4766977,6.4766977,6.4766977,6.4766977,6.4766977,6.4766977,6.4766977,6.4766977,6.4766977,6.4766977,6.4766977,6.4766977,6.4766977,6.4766977,6.4766977,SINAPI_familias_e_coeficientes_2025_06.xlsx,
2370,2391,DISJUNTOR TERMOMAGNETICO TRIPOLAR 125 A / 425 V / ICC - 25 KA,UN,REPRESENTADO,29.5778961,29.5778961,29.5778961,29.5778961,29.5778961,29.5778961,29.5778961,29.5778961,29.5778961,29.5778961,29.5778961,29.5778961,29.5778961,29.5778961,29.5778961,29.5778961,29.5778961,29.5778961,29.5778961,29.5778961,29.5778961,29.5778961,29.5778961,29.5778961,29.5778961,29.5778961,29.5778961,SINAPI_familias_e_coeficientes_2025_06.xlsx,
2370,2374,"DISJUNTOR TERMOMAGNETICO TRIPOLAR 150 A / 600 V, TIPO FXD / ICC - 35 KA",UN,REPRESENTADO,33.5552597,33.5552597,33.5552597,33.5552597,33.5552597,33.5552597,33.5552597,33.5552597,33.5552597,33.5552597,33.5552597,33.5552597,33.5552597,33.5552597,33.5552597,33.5552597,33.5552597,33.5552597,33.5552597,33.5552597,33.5552597,33.5552597,33.5552597,33.5552597,33.5552597,33.5552597,33.5552597,SINAPI_familias_e_coeficientes_2025_06.xlsx,
2370,2377,"DISJUNTOR TERMOMAGNETICO TRIPOLAR 200 A / 600 V, TIPO FXD / ICC - 35 KA",UN,REPRESENTADO,47.0912117,47.0912117,47.0912117,47.0912117,47.0912117,47.0912117,47.0912117,47.0912117,47.0912117,47.0912117,47.0912117,47.0912117,47.0912117,47.0912117,47.0912117,47.0912117,47.0912117,47.0912117,47.0912117,47.0912117,47.0912117,47.0912117,47.0912117,47.0912117,47.0912117,47.0912117,47.0912117,SINAPI_familias_e_coeficientes_2025_06.xlsx,
2370,2393,"DISJUNTOR TERMOMAGNETICO TRIPOLAR 250 A / 600 V, TIPO FXD",UN,REPRESENTADO,78.8601864,78.8601864,78.8601864,78.8601864,78.8601864,78.8601864,78.8601864,78.8601864,78.8601864,78.8601864,78.8601864,78.8601864,78.8601864,78.8601864,78.8601864,78.8601864,78.8601864,78.8601864,78.8601864,78.8601864,78.8601864,78.8601864,78.8601864,78.8601864,78.8601864,78.8601864,78.8601864,SINAPI_familias_e_coeficientes_2025_06.xlsx,
2370,34705,DISJUNTOR TERMOMAGNETICO TRIPOLAR 3 X 250 A/ICC - 25 KA,UN,REPRESENTADO,68.9747004,68.9747004,68.9747004,68.9747004,68.9747004,68.9747004,68.9747004,68.9747004,68.9747004,68.9747004,68.9747004,68.9747004,68.9747004,68.9747004,68.9747004,68.9747004,68.9747004,68.9747004,68.9747004,68.9747004,68.9747004,68.9747004,68.9747004,68.9747004,68.9747004,68.9747004,68.9747004,SINAPI_familias_e_coeficientes_2025_06.xlsx,
2370,34707,DISJUNTOR TERMOMAGNETICO TRIPOLAR 3 X 350 A/ICC - 25 KA,UN,REPRESENTADO,127.8109188,127.8109188,127.8109188,127.8109188,127.8109188,127.8109188,127.8109188,127.8109188,127.8109188,127.8109188,127.8109188,127.8109188,127.8109188,127.8109188,127.8109188,127.8109188,127.8109188,127.8109188,127.8109188,127.8109188,127.8109188,127.8109188,127.8109188,127.8109188,127.8109188,127.8109188,127.8109188,SINAPI_familias_e_coeficientes_2025_06.xlsx,
2370,34544,DISJUNTOR TERMOMAGNETICO TRIPOLAR 3 X 400 A / ICC - 25 KA,UN,REPRESENTADO,127.7976032,127.7976032,127.7976032,127.7976032,127.7976032,127.7976032,127.7976032,127.7976032,127.7976032,127.7976032,127.7976032,127.7976032,127.7976032,127.7976032,127.7976032,127.7976032,127.7976032,127.7976032,127.7976032,127.7976032,127.7976032,127.7976032,127.7976032,127.7976032,127.7976032,127.7976032,127.7976032,SINAPI_familias_e_coeficientes_2025_06.xlsx,
2370,2378,"DISJUNTOR TERMOMAGNETICO TRIPOLAR 300 A / 600 V, TIPO JXD / ICC - 40 KA",UN,REPRESENTADO,108.3249001,108.3249001,108.3249001,108.3249001,108.3249001,108.3249001,108.3249001,108.3249001,108.3249001,108.3249001,108.3249001,108.3249001,108.3249001,108.3249001,108.3249001,108.3249001,108.3249001,108.3249001,108.3249001,108.3249001,108.3249001,108.3249001,108.3249001,108.3249001,108.3249001,108.3249001,108.3249001,SINAPI_familias_e_coeficientes_2025_06.xlsx,
2370,2379,"DISJUNTOR TERMOMAGNETICO TRIPOLAR 400 A / 600 V, TIPO JXD / ICC - 40 KA",UN,REPRESENTADO,108.3249001,108.3249001,108.3249001,108.3249001,108.3249001,108.3249001,108.3249001,108.3249001,108.3249001,108.3249001,108.3249001,108.3249001,108.3249001,108.3249001,108.3249001,108.3249001,108.3249001,108.3249001,108.3249001,108.3249001,108.3249001,108.3249001,108.3249001,108.3249001,108.3249001,108.3249001,108.3249001,SINAPI_familias_e_coeficientes_2025_06.xlsx,
2370,2376,"DISJUNTOR TERMOMAGNETICO TRIPOLAR 600 A / 600 V, TIPO LXD / ICC - 40 KA",UN,REPRESENTADO,178.4101198,178.4101198,178.4101198,178.4101198,178.4101198,178.4101198,178.4101198,178.4101198,178.4101198,178.4101198,178.4101198,178.4101198,178.4101198,178.4101198,178.4101198,178.4101198,178.4101198,178.4101198,178.4101198,178.4101198,178.4101198,178.4101198,178.4101198,178.4101198,178.4101198,178.4101198,178.4101198,SINAPI_familias_e_coeficientes_2025_06.xlsx,
2370,2394,"DISJUNTOR TERMOMAGNETICO TRIPOLAR 800 A / 600 V, TIPO LMXD",UN,REPRESENTADO,381.4081225,381.4081225,381.4081225,381.4081225,381.4081225,381.4081225,381.4081225,381.4081225,381.4081225,381.4081225,381.4081225,381.4081225,381.4081225,381.4081225,381.4081225,381.4081225,381.4081225,381.4081225,381.4081225,381.4081225,381.4081225,381.4081225,381.4081225,381.4081225,381.4081225,381.4081225,381.4081225,SINAPI_familias_e_coeficientes_2025_06.xlsx,
2370,2388,"DISJUNTOR TIPO NEMA, BIPOLAR 10 ATE 50 A, TENSAO MAXIMA 415 V",UN,REPRESENTADO,5.3821571,5.3821571,5.3821571,5.3821571,5.3821571,5.3821571,5.3821571,5.3821571,5.3821571,5.3821571,5.3821571,5.3821571,5.3821571,5.3821571,5.3821571,5.3821571,5.3821571,5.3821571,5.3821571,5.3821571,5.3821571,5.3821571,5.3821571,5.3821571,5.3821571,5.3821571,5.3821571,SINAPI_familias_e_coeficientes_2025_06.xlsx,
2370,34606,"DISJUNTOR TIPO NEMA, BIPOLAR 60 ATE 100A, TENSAO MAXIMA 415 V",UN,REPRESENTADO,8.2556591,8.2556591,8.2556591,8.2556591,8.2556591,8.2556591,8.2556591,8.2556591,8.2556591,8.2556591,8.2556591,8.2556591,8.2556591,8.2556591,8.2556591,8.2556591,8.2556591,8.2556591,8.2556591,8.2556591,8.2556591,8.2556591,8.2556591,8.2556591,8.2556591,8.2556591,8.2556591,SINAPI_familias_e_coeficientes_2025_06.xlsx,
2370,2386,"DISJUNTOR TIPO NEMA, MONOPOLAR 35 ATE 50 A, TENSAO MAXIMA DE 240 V",UN,REPRESENTADO,1.677763,1.677763,1.677763,1.677763,1.677763,1.677763,1.677763,1.677763,1.677763,1.677763,1.677763,1.677763,1.677763,1.677763,1.677763,1.677763,1.677763,1.677763,1.677763,1.677763,1.677763,1.677763,1.677763,1.677763,1.677763,1.677763,1.677763,SINAPI_familias_e_coeficientes_2025_06.xlsx,
2370,34689,"DISJUNTOR TIPO NEMA, MONOPOLAR DE 60 ATE 70A, TENSAO MAXIMA DE 240 V",UN,REPRESENTADO,2.6284953,2.6284953,2.6284953,2.6284953,2.6284953,2.6284953,2.6284953,2.6284953,2.6284953,2.6284953,2.6284953,2.6284953,2.6284953,2.6284953,2.6284953,2.6284953,2.6284953,2.6284953,2.6284953,2.6284953,2.6284953,2.6284953,2.6284953,2.6284953,2.6284953,2.6284953,2.6284953,SINAPI_familias_e_coeficientes_2025_06.xlsx,
2370,2392,"DISJUNTOR TIPO NEMA, TRIPOLAR 10 ATE 50A, TENSAO MAXIMA DE 415 V",UN,REPRESENTADO,6.7130493,6.7130493,6.7130493,6.7130493,6.7130493,6.7130493,6.7130493,6.7130493,6.7130493,6.7130493,6.7130493,6.7130493,6.7130493,6.7130493,6.7130493,6.7130493,6.7130493,6.7130493,6.7130493,6.7130493,6.7130493,6.7130493,6.7130493,6.7130493,6.7130493,6.7130493,6.7130493,SINAPI_familias_e_coeficientes_2025_06.xlsx,
2370,2373,"DISJUNTOR TIPO NEMA, TRIPOLAR 60 ATE 100 A, TENSAO MAXIMA DE 415 V",UN,REPRESENTADO,9.4580559,9.4580559,9.4580559,9.4580559,9.4580559,9.4580559,9.4580559,9.4580559,9.4580559,9.4580559,9.4580559,9.4580559,9.4580559,9.4580559,9.4580559,9.4580559,9.4580559,9.4580559,9.4580559,9.4580559,9.4580559,9.4580559,9.4580559,9.4580559,9.4580559,9.4580559,9.4580559,SINAPI_familias_e_coeficientes_2025_06.xlsx,
2370,39465,"DISPOSITIVO DPS CLASSE II, 1 POLO, TENSAO MAXIMA DE 175 V, CORRENTE MAXIMA DE *20* KA (TIPO AC)",UN,REPRESENTADO,5.7777778,5.7777778,5.7777778,5.7777778,5.7777778,5.7777778,5.7777778,5.7777778,5.7777778,5.7777778,5.7777778,5.7777778,5.7777778,5.7777778,5.7777778,5.7777778,5.7777778,5.7777778,5.7777778,5.7777778,5.7777778,5.7777778,5.7777778,5.7777778,5.7777778,5.7777778,5.7777778,SINAPI_familias_e_coeficientes_2025_06.xlsx,
2370,39466,"DISPOSITIVO DPS CLASSE II, 1 POLO, TENSAO MAXIMA DE 175 V, CORRENTE MAXIMA DE *30* KA (TIPO AC)",UN,REPRESENTADO,6.5,6.5,6.5,6.5,6.5,6.5,6.5,6.5,6.5,6.5,6.5,6.5,6.5,6.5,6.5,6.5,6.5,6.5,6.5,6.5,6.5,6.5,6.5,6.5,6.5,6.5,6.5,SINAPI_familias_e_coeficientes_2025_06.xlsx,
2370,39467,"DISPOSITIVO DPS CLASSE II, 1 POLO, TENSAO MAXIMA DE 175 V, CORRENTE MAXIMA DE *45* KA (TIPO AC)",UN,REPRESENTADO,8.3144444,8.3144444,8.3144444,8.3144444,8.3144444,8.3144444,8.3144444,8.3144444,8.3144444,8.3144444,8.3144444,8.3144444,8.3144444,8.3144444,8.3144444,8.3144444,8.3144444,8.3144444,8.3144444,8.3144444,8.3144444,8.3144444,8.3144444,8.3144444,8.3144444,8.3144444,8.3144444,SINAPI_familias_e_coeficientes_2025_06.xlsx,
2370,39468,"DISPOSITIVO DPS CLASSE II, 1 POLO, TENSAO MAXIMA DE 175 V, CORRENTE MAXIMA DE *90* KA (TIPO AC)",UN,REPRESENTADO,14.7783333,14.7783333,14.7783333,14.7783333,14.7783333,14.7783333,14.7783333,14.7783333,14.7783333,14.7783333,14.7783333,14.7783333,14.7783333,14.7783333,14.7783333,14.7783333,14.7783333,14.7783333,14.7783333,14.7783333,14.7783333,14.7783333,14.7783333,14.7783333,14.7783333,14.7783333,14.7783333,SINAPI_familias_e_coeficientes_2025_06.xlsx,
2370,39469,"DISPOSITIVO DPS CLASSE II, 1 POLO, TENSAO MAXIMA DE 275 V, CORRENTE MAXIMA DE *20* KA (TIPO AC)",UN,REPRESENTADO,6.02,6.02,6.02,6.02,6.02,6.02,6.02,6.02,6.02,6.02,6.02,6.02,6.02,6.02,6.02,6.02,6.02,6.02,6.02,6.02,6.02,6.02,6.02,6.02,6.02,6.02,6.02,SINAPI_familias_e_coeficientes_2025_06.xlsx,
2370,39470,"DISPOSITIVO DPS CLASSE II, 1 POLO, TENSAO MAXIMA DE 275 V, CORRENTE MAXIMA DE *30* KA (TIPO AC)",UN,REPRESENTADO,7.3966667,7.3966667,7.3966667,7.3966667,7.3966667,7.3966667,7.3966667,7.3966667,7.3966667,7.3966667,7.3966667,7.3966667,7.3966667,7.3966667,7.3966667,7.3966667,7.3966667,7.3966667,7.3966667,7.3966667,7.3966667,7.3966667,7.3966667,7.3966667,7.3966667,7.3966667,7.3966667,SINAPI_familias_e_coeficientes_2025_06.xlsx,
2370,39471,"DISPOSITIVO DPS CLASSE II, 1 POLO, TENSAO MAXIMA DE 275 V, CORRENTE MAXIMA DE *45* KA (TIPO AC)",UN,REPRESENTADO,8.8888889,8.8888889,8.8888889,8.8888889,8.8888889,8.8888889,8.8888889,8.8888889,8.8888889,8.8888889,8.8888889,8.8888889,8.8888889,8.8888889,8.8888889,8.8888889,8.8888889,8.8888889,8.8888889,8.8888889,8.8888889,8.8888889,8.8888889,8.8888889,8.8888889,8.8888889,8.8888889,SINAPI_familias_e_coeficientes_2025_06.xlsx,
2370,39472,"DISPOSITIVO DPS CLASSE II, 1 POLO, TENSAO MAXIMA DE 275 V, CORRENTE MAXIMA DE *90* KA (TIPO AC)",UN,REPRESENTADO,15.4444444,15.4444444,15.4444444,15.4444444,15.4444444,15.4444444,15.4444444,15.4444444,15.4444444,15.4444444,15.4444444,15.4444444,15.4444444,15.4444444,15.4444444,15.4444444,15.4444444,15.4444444,15.4444444,15.4444444,15.4444444,15.4444444,15.4444444,15.4444444,15.4444444,15.4444444,15.4444444,SINAPI_familias_e_coeficientes_2025_06.xlsx,
2370,39473,"DISPOSITIVO DPS CLASSE II, 1 POLO, TENSAO MAXIMA DE 385 V, CORRENTE MAXIMA DE *20* KA (TIPO AC)",UN,REPRESENTADO,9.9772222,9.9772222,9.9772222,9.9772222,9.9772222,9.9772222,9.9772222,9.9772222,9.9772222,9.9772222,9.9772222,9.9772222,9.9772222,9.9772222,9.9772222,9.9772222,9.9772222,9.9772222,9.9772222,9.9772222,9.9772222,9.9772222,9.9772222,9.9772222,9.9772222,9.9772222,9.9772222,SINAPI_familias_e_coeficientes_2025_06.xlsx,
2370,39474,"DISPOSITIVO DPS CLASSE II, 1 POLO, TENSAO MAXIMA DE 385 V, CORRENTE MAXIMA DE *30* KA (TIPO AC)",UN,REPRESENTADO,10.6361111,10.6361111,10.6361111,10.6361111,10.6361111,10.6361111,10.6361111,10.6361111,10.6361111,10.6361111,10.6361111,10.6361111,10.6361111,10.6361111,10.6361111,10.6361111,10.6361111,10.6361111,10.6361111,10.6361111,10.6361111,10.6361111,10.6361111,10.6361111,10.6361111,10.6361111,10.6361111,SINAPI_familias_e_coeficientes_2025_06.xlsx,
2370,39475,"DISPOSITIVO DPS CLASSE II, 1 POLO, TENSAO MAXIMA DE 385 V, CORRENTE MAXIMA DE *45* KA (TIPO AC)",UN,REPRESENTADO,12.0677778,12.0677778,12.0677778,12.0677778,12.0677778,12.0677778,12.0677778,12.0677778,12.0677778,12.0677778,12.0677778,12.0677778,12.0677778,12.0677778,12.0677778,12.0677778,12.0677778,12.0677778,12.0677778,12.0677778,12.0677778,12.0677778,12.0677778,12.0677778,12.0677778,12.0677778,12.0677778,SINAPI_familias_e_coeficientes_2025_06.xlsx,
2370,39476,"DISPOSITIVO DPS CLASSE II, 1 POLO, TENSAO MAXIMA DE 385 V, CORRENTE MAXIMA DE *90* KA (TIPO AC)",UN,REPRESENTADO,22.7166667,22.7166667,22.7166667,22.7166667,22.7166667,22.7166667,22.7166667,22.7166667,22.7166667,22.7166667,22.7166667,22.7166667,22.7166667,22.7166667,22.7166667,22.7166667,22.7166667,22.7166667,22.7166667,22.7166667,22.7166667,22.7166667,22.7166667,22.7166667,22.7166667,22.7166667,22.7166667,SINAPI_familias_e_coeficientes_2025_06.xlsx,
2370,39477,"DISPOSITIVO DPS CLASSE II, 1 POLO, TENSAO MAXIMA DE 460 V, CORRENTE MAXIMA DE *20* KA (TIPO AC)",UN,REPRESENTADO,11.1305556,11.1305556,11.1305556,11.1305556,11.1305556,11.1305556,11.1305556,11.1305556,11.1305556,11.1305556,11.1305556,11.1305556,11.1305556,11.1305556,11.1305556,11.1305556,11.1305556,11.1305556,11.1305556,11.1305556,11.1305556,11.1305556,11.1305556,11.1305556,11.1305556,11.1305556,11.1305556,SINAPI_familias_e_coeficientes_2025_06.xlsx,
2370,39478,"DISPOSITIVO DPS CLASSE II, 1 POLO, TENSAO MAXIMA DE 460 V, CORRENTE MAXIMA DE *30* KA (TIPO AC)",UN,REPRESENTADO,11.475,11.475,11.475,11.475,11.475,11.475,11.475,11.475,11.475,11.475,11.475,11.475,11.475,11.475,11.475,11.475,11.475,11.475,11.475,11.475,11.475,11.475,11.475,11.475,11.475,11.475,11.475,SINAPI_familias_e_coeficientes_2025_06.xlsx,
2370,39479,"DISPOSITIVO DPS CLASSE II, 1 POLO, TENSAO MAXIMA DE 460 V, CORRENTE MAXIMA DE *45* KA (TIPO AC)",UN,REPRESENTADO,13.52,13.52,13.52,13.52,13.52,13.52,13.52,13.52,13.52,13.52,13.52,13.52,13.52,13.52,13.52,13.52,13.52,13.52,13.52,13.52,13.52,13.52,13.52,13.52,13.52,13.52,13.52,SINAPI_familias_e_coeficientes_2025_06.xlsx,
2370,39480,"DISPOSITIVO DPS CLASSE II, 1 POLO, TENSAO MAXIMA DE 460 V, CORRENTE MAXIMA DE *90* KA (TIPO AC)",UN,REPRESENTADO,27.8977778,27.8977778,27.8977778,27.8977778,27.8977778,27.8977778,27.8977778,27.8977778,27.8977778,27.8977778,27.8977778,27.8977778,27.8977778,27.8977778,27.8977778,27.8977778,27.8977778,27.8977778,27.8977778,27.8977778,27.8977778,27.8977778,27.8977778,27.8977778,27.8977778,27.8977778,27.8977778,SINAPI_familias_e_coeficientes_2025_06.xlsx,
2370,39459,"DISPOSITIVO DR, 2 POLOS, SENSIBILIDADE DE 30 MA, CORRENTE DE 100 A, TIPO AC",UN,REPRESENTADO,23.6783333,23.6783333,23.6783333,23.6783333,23.6783333,23.6783333,23.6783333,23.6783333,23.6783333,23.6783333,23.6783333,23.6783333,23.6783333,23.6783333,23.6783333,23.6783333,23.6783333,23.6783333,23.6783333,23.6783333,23.6783333,23.6783333,23.6783333,23.6783333,23.6783333,23.6783333,23.6783333,SINAPI_familias_e_coeficientes_2025_06.xlsx,
2370,39445,"DISPOSITIVO DR, 2 POLOS, SENSIBILIDADE DE 30 MA, CORRENTE DE 25 A, TIPO AC",UN,REPRESENTADO,11.8888889,11.8888889,11.8888889,11.8888889,11.8888889,11.8888889,11.8888889,11.8888889,11.8888889,11.8888889,11.8888889,11.8888889,11.8888889,11.8888889,11.8888889,11.8888889,11.8888889,11.8888889,11.8888889,11.8888889,11.8888889,11.8888889,11.8888889,11.8888889,11.8888889,11.8888889,11.8888889,SINAPI_familias_e_coeficientes_2025_06.xlsx,
2370,39446,"DISPOSITIVO DR, 2 POLOS, SENSIBILIDADE DE 30 MA, CORRENTE DE 40 A, TIPO AC",UN,REPRESENTADO,12.1005556,12.1005556,12.1005556,12.1005556,12.1005556,12.1005556,12.1005556,12.1005556,12.1005556,12.1005556,12.1005556,12.1005556,12.1005556,12.1005556,12.1005556,12.1005556,12.1005556,12.1005556,12.1005556,12.1005556,12.1005556,12.1005556,12.1005556,12.1005556,12.1005556,12.1005556,12.1005556,SINAPI_familias_e_coeficientes_2025_06.xlsx,
2370,39447,"DISPOSITIVO DR, 2 POLOS, SENSIBILIDADE DE 30 MA, CORRENTE DE 63 A, TIPO AC",UN,REPRESENTADO,12.94,12.94,12.94,12.94,12.94,12.94,12.94,12.94,12.94,12.94,12.94,12.94,12.94,12.94,12.94,12.94,12.94,12.94,12.94,12.94,12.94,12.94,12.94,12.94,12.94,12.94,12.94,SINAPI_familias_e_coeficientes_2025_06.xlsx,
2370,39448,"DISPOSITIVO DR, 2 POLOS, SENSIBILIDADE DE 30 MA, CORRENTE DE 80 A, TIPO AC",UN,REPRESENTADO,22.065,22.065,22.065,22.065,22.065,22.065,22.065,22.065,22.065,22.065,22.065,22.065,22.065,22.065,22.065,22.065,22.065,22.065,22.065,22.065,22.065,22.065,22.065,22.065,22.065,22.065,22.065,SINAPI_familias_e_coeficientes_2025_06.xlsx,
2370,39450,"DISPOSITIVO DR, 2 POLOS, SENSIBILIDADE DE 300 MA, CORRENTE DE 25 A, TIPO AC",UN,REPRESENTADO,13.4622222,13.4622222,13.4622222,13.4622222,13.4622222,13.4622222,13.4622222,13.4622222,13.4622222,13.4622222,13.4622222,13.4622222,13.4622222,13.4622222,13.4622222,13.4622222,13.4622222,13.4622222,13.4622222,13.4622222,13.4622222,13.4622222,13.4622222,13.4622222,13.4622222,13.4622222,13.4622222,SINAPI_familias_e_coeficientes_2025_06.xlsx,
2370,39451,"DISPOSITIVO DR, 2 POLOS, SENSIBILIDADE DE 300 MA, CORRENTE DE 40 A, TIPO AC",UN,REPRESENTADO,14.6833333,14.6833333,14.6833333,14.6833333,14.6833333,14.6833333,14.6833333,14.6833333,14.6833333,14.6833333,14.6833333,14.6833333,14.6833333,14.6833333,14.6833333,14.6833333,14.6833333,14.6833333,14.6833333,14.6833333,14.6833333,14.6833333,14.6833333,14.6833333,14.6833333,14.6833333,14.6833333,SINAPI_familias_e_coeficientes_2025_06.xlsx,
2370,39452,"DISPOSITIVO DR, 2 POLOS, SENSIBILIDADE DE 300 MA, CORRENTE DE 63 A, TIPO AC",UN,REPRESENTADO,14.7711111,14.7711111,14.7711111,14.7711111,14.7711111,14.7711111,14.7711111,14.7711111,14.7711111,14.7711111,14.7711111,14.7711111,14.7711111,14.7711111,14.7711111,14.7711111,14.7711111,14.7711111,14.7711111,14.7711111,14.7711111,14.7711111,14.7711111,14.7711111,14.7711111,14.7711111,14.7711111,SINAPI_familias_e_coeficientes_2025_06.xlsx,
2370,39523,"DISPOSITIVO DR, 2 POLOS, SENSIBILIDADE DE 300 MA, CORRENTE DE 80 A, TIPO AC",UN,REPRESENTADO,24.7188889,24.7188889,24.7188889,24.7188889,24.7188889,24.7188889,24.7188889,24.7188889,24.7188889,24.7188889,24.7188889,24.7188889,24.7188889,24.7188889,24.7188889,24.7188889,24.7188889,24.7188889,24.7188889,24.7188889,24.7188889,24.7188889,24.7188889,24.7188889,24.7188889,24.7188889,24.7188889,SINAPI_familias_e_coeficientes_2025_06.xlsx,
2370,39449,"DISPOSITIVO DR, 4 POLOS, SENSIBILIDADE DE 30 MA, CORRENTE DE 100 A, TIPO AC",UN,REPRESENTADO,27.3744444,27.3744444,27.3744444,27.3744444,27.3744444,27.3744444,27.3744444,27.3744444,27.3744444,27.3744444,27.3744444,27.3744444,27.3744444,27.3744444,27.3744444,27.3744444,27.3744444,27.3744444,27.3744444,27.3744444,27.3744444,27.3744444,27.3744444,27.3744444,27.3744444,27.3744444,27.3744444,SINAPI_familias_e_coeficientes_2025_06.xlsx,
2370,39455,"DISPOSITIVO DR, 4 POLOS, SENSIBILIDADE DE 30 MA, CORRENTE DE 25 A, TIPO AC",UN,REPRESENTADO,13.5455556,13.5455556,13.5455556,13.5455556,13.5455556,13.5455556,13.5455556,13.5455556,13.5455556,13.5455556,13.5455556,13.5455556,13.5455556,13.5455556,13.5455556,13.5455556,13.5455556,13.5455556,13.5455556,13.5455556,13.5455556,13.5455556,13.5455556,13.5455556,13.5455556,13.5455556,13.5455556,SINAPI_familias_e_coeficientes_2025_06.xlsx,
2370,39456,"DISPOSITIVO DR, 4 POLOS, SENSIBILIDADE DE 30 MA, CORRENTE DE 40 A, TIPO AC",UN,REPRESENTADO,13.5555556,13.5555556,13.5555556,13.5555556,13.5555556,13.5555556,13.5555556,13.5555556,13.5555556,13.5555556,13.5555556,13.5555556,13.5555556,13.5555556,13.5555556,13.5555556,13.5555556,13.5555556,13.5555556,13.5555556,13.5555556,13.5555556,13.5555556,13.5555556,13.5555556,13.5555556,13.5555556,SINAPI_familias_e_coeficientes_2025_06.xlsx,
2370,39457,"DISPOSITIVO DR, 4 POLOS, SENSIBILIDADE DE 30 MA, CORRENTE DE 63 A, TIPO AC",UN,REPRESENTADO,14.7777778,14.7777778,14.7777778,14.7777778,14.7777778,14.7777778,14.7777778,14.7777778,14.7777778,14.7777778,14.7777778,14.7777778,14.7777778,14.7777778,14.7777778,14.7777778,14.7777778,14.7777778,14.7777778,14.7777778,14.7777778,14.7777778,14.7777778,14.7777778,14.7777778,14.7777778,14.7777778,SINAPI_familias_e_coeficientes_2025_06.xlsx,
2370,39458,"DISPOSITIVO DR, 4 POLOS, SENSIBILIDADE DE 30 MA, CORRENTE DE 80 A, TIPO AC",UN,REPRESENTADO,27.5761111,27.5761111,27.5761111,27.5761111,27.5761111,27.5761111,27.5761111,27.5761111,27.5761111,27.5761111,27.5761111,27.5761111,27.5761111,27.5761111,27.5761111,27.5761111,27.5761111,27.5761111,27.5761111,27.5761111,27.5761111,27.5761111,27.5761111,27.5761111,27.5761111,27.5761111,27.5761111,SINAPI_familias_e_coeficientes_2025_06.xlsx,
2370,39464,"DISPOSITIVO DR, 4 POLOS, SENSIBILIDADE DE 300 MA, CORRENTE DE 100 A, TIPO AC",UN,REPRESENTADO,44.3444444,44.3444444,44.3444444,44.3444444,44.3444444,44.3444444,44.3444444,44.3444444,44.3444444,44.3444444,44.3444444,44.3444444,44.3444444,44.3444444,44.3444444,44.3444444,44.3444444,44.3444444,44.3444444,44.3444444,44.3444444,44.3444444,44.3444444,44.3444444,44.3444444,44.3444444,44.3444444,SINAPI_familias_e_coeficientes_2025_06.xlsx,
2370,39460,"DISPOSITIVO DR, 4 POLOS, SENSIBILIDADE DE 300 MA, CORRENTE DE 25 A, TIPO AC",UN,REPRESENTADO,16.8188889,16.8188889,16.8188889,16.8188889,16.8188889,16.8188889,16.8188889,16.8188889,16.8188889,16.8188889,16.8188889,16.8188889,16.8188889,16.8188889,16.8188889,16.8188889,16.8188889,16.8188889,16.8188889,16.8188889,16.8188889,16.8188889,16.8188889,16.8188889,16.8188889,16.8188889,16.8188889,SINAPI_familias_e_coeficientes_2025_06.xlsx,
2370,39461,"DISPOSITIVO DR, 4 POLOS, SENSIBILIDADE DE 300 MA, CORRENTE DE 40 A, TIPO AC",UN,REPRESENTADO,19.7077778,19.7077778,19.7077778,19.7077778,19.7077778,19.7077778,19.7077778,19.7077778,19.7077778,19.7077778,19.7077778,19.7077778,19.7077778,19.7077778,19.7077778,19.7077778,19.7077778,19.7077778,19.7077778,19.7077778,19.7077778,19.7077778,19.7077778,19.7077778,19.7077778,19.7077778,19.7077778,SINAPI_familias_e_coeficientes_2025_06.xlsx,
2370,39462,"DISPOSITIVO DR, 4 POLOS, SENSIBILIDADE DE 300 MA, CORRENTE DE 63 A, TIPO AC",UN,REPRESENTADO,18.9933333,18.9933333,18.9933333,18.9933333,18.9933333,18.9933333,18.9933333,18.9933333,18.9933333,18.9933333,18.9933333,18.9933333,18.9933333,18.9933333,18.9933333,18.9933333,18.9933333,18.9933333,18.9933333,18.9933333,18.9933333,18.9933333,18.9933333,18.9933333,18.9933333,18.9933333,18.9933333,SINAPI_familias_e_coeficientes_2025_06.xlsx,
2370,39463,"DISPOSITIVO DR, 4 POLOS, SENSIBILIDADE DE 300 MA, CORRENTE DE 80 A, TIPO AC",UN,REPRESENTADO,44,44,44,44,44,44,44,44,44,44,44,44,44,44,44,44,44,44,44,44,44,44,44,44,44,44,44,SINAPI_familias_e_coeficientes_2025_06.xlsx,
2418,2418,"DOBRADICA EM ACO/FERRO, 3"" X 2 1/2"", E= 1,2 A 1,8 MM, SEM ANEL, CROMADO OU ZINCADO, TAMPA BOLA, COM PARAFUSOS",UN,REPRESENTATIVO,1,1,1,1,1,1,1,1,1,1,1,1,1,1,1,1,1,1,1,1,1,1,1,1,1,1,1,SINAPI_familias_e_coeficientes_2025_06.xlsx,
2418,2432,"DOBRADICA EM ACO/FERRO, 3 1/2"" X 3"", E= 1,9 A 2 MM, COM ANEL, CROMADO OU ZINCADO, TAMPA BOLA, COM PARAFUSOS",UN,REPRESENTADO,2.1560284,2.1560284,2.1560284,2.1560284,2.1560284,2.1560284,2.1560284,2.1560284,2.1560284,2.1560284,2.1560284,2.1560284,2.1560284,2.1560284,2.1560284,2.1560284,2.1560284,2.1560284,2.1560284,2.1560284,2.1560284,2.1560284,2.1560284,2.1560284,2.1560284,2.1560284,2.1560284,SINAPI_familias_e_coeficientes_2025_06.xlsx,
2418,2433,"DOBRADICA EM ACO/FERRO, 3"" X 2 1/2"", E= 1,2 A 1,8 MM, SEM ANEL, CROMADO OU ZINCADO, TAMPA CHATA, COM PARAFUSOS",UN,REPRESENTADO,0.7304965,0.7304965,0.7304965,0.7304965,0.7304965,0.7304965,0.7304965,0.7304965,0.7304965,0.7304965,0.7304965,0.7304965,0.7304965,0.7304965,0.7304965,0.7304965,0.7304965,0.7304965,0.7304965,0.7304965,0.7304965,0.7304965,0.7304965,0.7304965,0.7304965,0.7304965,0.7304965,SINAPI_familias_e_coeficientes_2025_06.xlsx,
2418,2420,"DOBRADICA EM ACO/FERRO, 3"" X 2 1/2"", E= 1,9 A 2 MM, SEM ANEL, CROMADO OU ZINCADO, TAMPA BOLA, COM PARAFUSOS",UN,REPRESENTADO,1.2544848,1.2544848,1.2544848,1.2544848,1.2544848,1.2544848,1.2544848,1.2544848,1.2544848,1.2544848,1.2544848,1.2544848,1.2544848,1.2544848,1.2544848,1.2544848,1.2544848,1.2544848,1.2544848,1.2544848,1.2544848,1.2544848,1.2544848,1.2544848,1.2544848,1.2544848,1.2544848,SINAPI_familias_e_coeficientes_2025_06.xlsx,
2418,11447,"DOBRADICA EM LATAO, 3"" X 2 1/2"", E= 1,9 A 2 MM, COM ANEL, CROMADO, TAMPA BOLA, COM PARAFUSOS",UN,REPRESENTADO,2.478932,2.478932,2.478932,2.478932,2.478932,2.478932,2.478932,2.478932,2.478932,2.478932,2.478932,2.478932,2.478932,2.478932,2.478932,2.478932,2.478932,2.478932,2.478932,2.478932,2.478932,2.478932,2.478932,2.478932,2.478932,2.478932,2.478932,SINAPI_familias_e_coeficientes_2025_06.xlsx,
2418,11451,"DOBRADICA TIPO VAI-E-VEM EM ACO/FERRO, TAMANHO 3"", GALVANIZADO, COM PARAFUSOS",UN,REPRESENTADO,6.6451881,6.6451881,6.6451881,6.6451881,6.6451881,6.6451881,6.6451881,6.6451881,6.6451881,6.6451881,6.6451881,6.6451881,6.6451881,6.6451881,6.6451881,6.6451881,6.6451881,6.6451881,6.6451881,6.6451881,6.6451881,6.6451881,6.6451881,6.6451881,6.6451881,6.6451881,6.6451881,SINAPI_familias_e_coeficientes_2025_06.xlsx,
2436,2436,ELETRICISTA (HORISTA),H,REPRESENTATIVO,1,1,1,1,1,1,1,1,1,1,1,1,1,1,1,1,1,1,1,1,1,1,1,1,1,1,1,SINAPI_familias_e_coeficientes_2025_06.xlsx,
2436,40918,ELETRICISTA (MENSALISTA),MES,REPRESENTADO,220,220,220,220,220,220,220,220,220,220,220,220,220,220,220,220,220,220,220,220,220,220,220,220,220,220,220,SINAPI_familias_e_coeficientes_2025_06.xlsx,
2436,2438,ELETROTECNICO (HORISTA),H,REPRESENTADO,1.14902,1.1262272,1.3252891,1.14902,1.2974207,1.5099687,1.2981854,1.1498795,1.1977482,1.175975,1.5627674,1.1226464,1.2981854,1.14902,1.1262272,1.0614561,1.3922975,1.2581796,1.1503615,1.1580557,1.14902,1.14902,1.2652914,1.1226464,1.4297461,1.1767171,1.1434288,SINAPI_familias_e_coeficientes_2025_06.xlsx,
2436,40922,ELETROTECNICO (MENSALISTA),MES,REPRESENTADO,252.7843917,247.769986,291.5636102,252.7843917,285.4325601,332.193121,285.6007905,252.9734848,263.5046113,258.7144928,343.8088194,246.9822134,285.6007905,252.7843917,247.769986,233.5203366,306.3054416,276.799508,253.0795334,254.7722477,252.7843917,252.7843917,278.3641161,246.9822134,314.5441464,258.8777533,251.5543435,SINAPI_familias_e_coeficientes_2025_06.xlsx,
2436,34794,MECANICO DE REFRIGERACAO (HORISTA),H,REPRESENTADO,1.0344037,0.9977687,0.7747219,0.8798422,0.9157368,0.9880973,1.0691634,0.8511077,0.9976887,0.9952833,1.0804948,1.0169492,1.0649847,0.9625231,0.9977687,1.019119,0.9977687,1.1110757,0.878256,0.9690062,1,0.8798422,1.0494123,0.9976887,0.768301,1.0012014,1,SINAPI_familias_e_coeficientes_2025_06.xlsx,
2436,40925,MECANICO DE REFRIGERACAO (MENSALISTA),MES,REPRESENTADO,227.5688073,219.5091164,170.4388246,193.5652907,201.4621067,217.3814121,235.2159533,187.2436869,219.4915113,218.9623188,237.708865,223.7288136,234.2966381,211.7550725,219.5091164,224.2061711,219.5091164,244.4366544,193.2163309,213.1813549,220,193.5652907,230.8707124,219.4915113,169.0262103,220.2643172,220,SINAPI_familias_e_coeficientes_2025_06.xlsx,
2436,34761,MONTADOR DE ELETROELETRONICOS (HORISTA),H,REPRESENTADO,0.8469047,0.8469047,0.8469047,0.8469047,0.8469047,0.8469047,0.8469047,0.9432129,0.8469047,0.8469047,0.7885801,0.8469047,0.8469047,0.8469047,0.8469047,0.8608632,0.8469047,0.8469047,0.9432129,0.8469047,0.8469047,0.8469047,0.8469047,0.8469047,0.8469047,0.9879505,0.8469047,SINAPI_familias_e_coeficientes_2025_06.xlsx,
2436,40924,MONTADOR DE ELETROELETRONICOS (MENSALISTA),MES,REPRESENTADO,186.3190276,186.3190276,186.3190276,186.3190276,186.3190276,186.3190276,186.3190276,207.5068362,186.3190276,186.3190276,173.4876167,186.3190276,186.3190276,186.3190276,186.3190276,189.3899018,186.3190276,186.3190276,207.5068362,186.3190276,186.3190276,186.3190276,186.3190276,186.3190276,186.3190276,217.3491189,186.3190276,SINAPI_familias_e_coeficientes_2025_06.xlsx,
2446,2446,"ELETRODUTO/DUTO PEAD FLEXIVEL PAREDE SIMPLES, CORRUGACAO HELICOIDAL, COR PRETA, SEM ROSCA, DE 2"", CRC 680 N, PARA CABEAMENTO SUBTERRANEO (NBR 15715)",M,REPRESENTATIVO,1,1,1,1,1,1,1,1,1,1,1,1,1,1,1,1,1,1,1,1,1,1,1,1,1,1,1,SINAPI_familias_e_coeficientes_2025_06.xlsx,
2446,40400,"ELETRODUTO FLEXIVEL PLANO EM PEAD, COR PRETA E LARANJA, DIAMETRO 25 MM",M,REPRESENTADO,0.2726644,0.2726644,0.2726644,0.2726644,0.2726644,0.2726644,0.2726644,0.2726644,0.2726644,0.2726644,0.2726644,0.2726644,0.2726644,0.2726644,0.2726644,0.2726644,0.2726644,0.2726644,0.2726644,0.2726644,0.2726644,0.2726644,0.2726644,0.2726644,0.2726644,0.2726644,0.2726644,SINAPI_familias_e_coeficientes_2025_06.xlsx,
2446,40401,"ELETRODUTO FLEXIVEL PLANO EM PEAD, COR PRETA E LARANJA, DIAMETRO 32 MM",M,REPRESENTADO,0.4013841,0.4013841,0.4013841,0.4013841,0.4013841,0.4013841,0.4013841,0.4013841,0.4013841,0.4013841,0.4013841,0.4013841,0.4013841,0.4013841,0.4013841,0.4013841,0.4013841,0.4013841,0.4013841,0.4013841,0.4013841,0.4013841,0.4013841,0.4013841,0.4013841,0.4013841,0.4013841,SINAPI_familias_e_coeficientes_2025_06.xlsx,
2446,40402,"ELETRODUTO FLEXIVEL PLANO EM PEAD, COR PRETA E LARANJA, DIAMETRO 40 MM",M,REPRESENTADO,0.5148789,0.5148789,0.5148789,0.5148789,0.5148789,0.5148789,0.5148789,0.5148789,0.5148789,0.5148789,0.5148789,0.5148789,0.5148789,0.5148789,0.5148789,0.5148789,0.5148789,0.5148789,0.5148789,0.5148789,0.5148789,0.5148789,0.5148789,0.5148789,0.5148789,0.5148789,0.5148789,SINAPI_familias_e_coeficientes_2025_06.xlsx,
2446,39246,"ELETRODUTO/DUTO PEAD FLEXIVEL PAREDE SIMPLES, CORRUGACAO HELICOIDAL, COR PRETA, SEM ROSCA, DE 1 1/2"", CRC 680 N, PARA CABEAMENTO SUBTERRANEO (NBR 15715)",M,REPRESENTADO,0.6968858,0.6968858,0.6968858,0.6968858,0.6968858,0.6968858,0.6968858,0.6968858,0.6968858,0.6968858,0.6968858,0.6968858,0.6968858,0.6968858,0.6968858,0.6968858,0.6968858,0.6968858,0.6968858,0.6968858,0.6968858,0.6968858,0.6968858,0.6968858,0.6968858,0.6968858,0.6968858,SINAPI_familias_e_coeficientes_2025_06.xlsx,
2446,39247,"ELETRODUTO/DUTO PEAD FLEXIVEL PAREDE SIMPLES, CORRUGACAO HELICOIDAL, COR PRETA, SEM ROSCA, DE 1 1/4"", CRC 680 N, PARA CABEAMENTO SUBTERRANEO (NBR 15715)",M,REPRESENTADO,0.6076125,0.6076125,0.6076125,0.6076125,0.6076125,0.6076125,0.6076125,0.6076125,0.6076125,0.6076125,0.6076125,0.6076125,0.6076125,0.6076125,0.6076125,0.6076125,0.6076125,0.6076125,0.6076125,0.6076125,0.6076125,0.6076125,0.6076125,0.6076125,0.6076125,0.6076125,0.6076125,SINAPI_familias_e_coeficientes_2025_06.xlsx,
2446,2442,"ELETRODUTO/DUTO PEAD FLEXIVEL PAREDE SIMPLES, CORRUGACAO HELICOIDAL, COR PRETA, SEM ROSCA, DE 3"", CRC 680 N, PARA CABEAMENTO SUBTERRANEO (NBR 15715)",M,REPRESENTADO,1.4013841,1.4013841,1.4013841,1.4013841,1.4013841,1.4013841,1.4013841,1.4013841,1.4013841,1.4013841,1.4013841,1.4013841,1.4013841,1.4013841,1.4013841,1.4013841,1.4013841,1.4013841,1.4013841,1.4013841,1.4013841,1.4013841,1.4013841,1.4013841,1.4013841,1.4013841,1.4013841,SINAPI_familias_e_coeficientes_2025_06.xlsx,
2446,39248,"ELETRODUTO/DUTO PEAD FLEXIVEL PAREDE SIMPLES, CORRUGACAO HELICOIDAL, COR PRETA, SEM ROSCA, DE 4"", CRC 680 N, PARA CABEAMENTO SUBTERRANEO (NBR 15715)",M,REPRESENTADO,1.9529412,1.9529412,1.9529412,1.9529412,1.9529412,1.9529412,1.9529412,1.9529412,1.9529412,1.9529412,1.9529412,1.9529412,1.9529412,1.9529412,1.9529412,1.9529412,1.9529412,1.9529412,1.9529412,1.9529412,1.9529412,1.9529412,1.9529412,1.9529412,1.9529412,1.9529412,1.9529412,SINAPI_familias_e_coeficientes_2025_06.xlsx,
2446,2666,"TAMPAO / TERMINAL / PLUG, D = 1 1/4"", PARA DUTO CORRUGADO PEAD (CABEAMENTO SUBTERRANEO)",UN,REPRESENTADO,1.0096886,1.0096886,1.0096886,1.0096886,1.0096886,1.0096886,1.0096886,1.0096886,1.0096886,1.0096886,1.0096886,1.0096886,1.0096886,1.0096886,1.0096886,1.0096886,1.0096886,1.0096886,1.0096886,1.0096886,1.0096886,1.0096886,1.0096886,1.0096886,1.0096886,1.0096886,1.0096886,SINAPI_familias_e_coeficientes_2025_06.xlsx,
2446,2668,"TAMPAO / TERMINAL / PLUG, D = 2"", PARA DUTO CORRUGADO PEAD (CABEAMENTO SUBTERRANEO)",UN,REPRESENTADO,1.1529412,1.1529412,1.1529412,1.1529412,1.1529412,1.1529412,1.1529412,1.1529412,1.1529412,1.1529412,1.1529412,1.1529412,1.1529412,1.1529412,1.1529412,1.1529412,1.1529412,1.1529412,1.1529412,1.1529412,1.1529412,1.1529412,1.1529412,1.1529412,1.1529412,1.1529412,1.1529412,SINAPI_familias_e_coeficientes_2025_06.xlsx,
2446,2664,"TAMPAO / TERMINAL / PLUG, D = 3"", PARA DUTO CORRUGADO PEAD (CABEAMENTO SUBTERRANEO)",UN,REPRESENTADO,1.700346,1.700346,1.700346,1.700346,1.700346,1.700346,1.700346,1.700346,1.700346,1.700346,1.700346,1.700346,1.700346,1.700346,1.700346,1.700346,1.700346,1.700346,1.700346,1.700346,1.700346,1.700346,1.700346,1.700346,1.700346,1.700346,1.700346,SINAPI_familias_e_coeficientes_2025_06.xlsx,
2446,2662,"TAMPAO / TERMINAL / PLUG, D = 4"", PARA DUTO CORRUGADO PEAD (CABEAMENTO SUBTERRANEO)",UN,REPRESENTADO,2.0858131,2.0858131,2.0858131,2.0858131,2.0858131,2.0858131,2.0858131,2.0858131,2.0858131,2.0858131,2.0858131,2.0858131,2.0858131,2.0858131,2.0858131,2.0858131,2.0858131,2.0858131,2.0858131,2.0858131,2.0858131,2.0858131,2.0858131,2.0858131,2.0858131,2.0858131,2.0858131,SINAPI_familias_e_coeficientes_2025_06.xlsx,
2446,44812,"TUBO CORRUGADO PEAD, PAREDE DUPLA, INTERNA LISA, JEI DN/DI 500 MM (DRENAGEM/ESGOTO)",M,REPRESENTADO,69.7236181,69.7236181,69.7236181,69.7236181,69.7236181,69.7236181,69.7236181,69.7236181,69.7236181,69.7236181,69.7236181,69.7236181,69.7236181,69.7236181,69.7236181,69.7236181,69.7236181,69.7236181,69.7236181,69.7236181,69.7236181,69.7236181,69.7236181,69.7236181,69.7236181,69.7236181,69.7236181,SINAPI_familias_e_coeficientes_2025_06.xlsx,
2446,41785,"TUBO CORRUGADO PEAD, PAREDE DUPLA, INTERNA LISA, JEI, DN/DI *1000* MM, PARA SANEAMENTO (DRENAGEM/ESGOTO)",M,REPRESENTADO,258.3886097,258.3886097,258.3886097,258.3886097,258.3886097,258.3886097,258.3886097,258.3886097,258.3886097,258.3886097,258.3886097,258.3886097,258.3886097,258.3886097,258.3886097,258.3886097,258.3886097,258.3886097,258.3886097,258.3886097,258.3886097,258.3886097,258.3886097,258.3886097,258.3886097,258.3886097,258.3886097,SINAPI_familias_e_coeficientes_2025_06.xlsx,
2446,41781,"TUBO CORRUGADO PEAD, PAREDE DUPLA, INTERNA LISA, JEI, DN/DI *400* MM, PARA SANEAMENTO (DRENAGEM/ESGOTO)",M,REPRESENTADO,46.6566164,46.6566164,46.6566164,46.6566164,46.6566164,46.6566164,46.6566164,46.6566164,46.6566164,46.6566164,46.6566164,46.6566164,46.6566164,46.6566164,46.6566164,46.6566164,46.6566164,46.6566164,46.6566164,46.6566164,46.6566164,46.6566164,46.6566164,46.6566164,46.6566164,46.6566164,46.6566164,SINAPI_familias_e_coeficientes_2025_06.xlsx,
2446,41783,"TUBO CORRUGADO PEAD, PAREDE DUPLA, INTERNA LISA, JEI, DN/DI *800* MM, PARA SANEAMENTO (DRENAGEM/ESGOTO)",M,REPRESENTADO,167.7328308,167.7328308,167.7328308,167.7328308,167.7328308,167.7328308,167.7328308,167.7328308,167.7328308,167.7328308,167.7328308,167.7328308,167.7328308,167.7328308,167.7328308,167.7328308,167.7328308,167.7328308,167.7328308,167.7328308,167.7328308,167.7328308,167.7328308,167.7328308,167.7328308,167.7328308,167.7328308,SINAPI_familias_e_coeficientes_2025_06.xlsx,
2446,41786,"TUBO CORRUGADO PEAD, PAREDE DUPLA, INTERNA LISA, JEI, DN/DI 1200 MM, PARA SANEAMENTO (DRENAGEM/ESGOTO)",M,REPRESENTADO,357.1088777,357.1088777,357.1088777,357.1088777,357.1088777,357.1088777,357.1088777,357.1088777,357.1088777,357.1088777,357.1088777,357.1088777,357.1088777,357.1088777,357.1088777,357.1088777,357.1088777,357.1088777,357.1088777,357.1088777,357.1088777,357.1088777,357.1088777,357.1088777,357.1088777,357.1088777,357.1088777,SINAPI_familias_e_coeficientes_2025_06.xlsx,
2446,41779,"TUBO CORRUGADO PEAD, PAREDE DUPLA, INTERNA LISA, JEI, DN/DI 250 MM, PARA SANEAMENTO (DRENAGEM/ESGOTO)",M,REPRESENTADO,18.3752094,18.3752094,18.3752094,18.3752094,18.3752094,18.3752094,18.3752094,18.3752094,18.3752094,18.3752094,18.3752094,18.3752094,18.3752094,18.3752094,18.3752094,18.3752094,18.3752094,18.3752094,18.3752094,18.3752094,18.3752094,18.3752094,18.3752094,18.3752094,18.3752094,18.3752094,18.3752094,SINAPI_familias_e_coeficientes_2025_06.xlsx,
2446,41780,"TUBO CORRUGADO PEAD, PAREDE DUPLA, INTERNA LISA, JEI, DN/DI 300 MM, PARA SANEAMENTO (DRENAGEM/ESGOTO)",M,REPRESENTADO,28.7881072,28.7881072,28.7881072,28.7881072,28.7881072,28.7881072,28.7881072,28.7881072,28.7881072,28.7881072,28.7881072,28.7881072,28.7881072,28.7881072,28.7881072,28.7881072,28.7881072,28.7881072,28.7881072,28.7881072,28.7881072,28.7881072,28.7881072,28.7881072,28.7881072,28.7881072,28.7881072,SINAPI_familias_e_coeficientes_2025_06.xlsx,
2446,41782,"TUBO CORRUGADO PEAD, PAREDE DUPLA, INTERNA LISA, JEI, DN/DI 600 MM, PARA SANEAMENTO (DRENAGEM/ESGOTO)",M,REPRESENTADO,103.1231156,103.1231156,103.1231156,103.1231156,103.1231156,103.1231156,103.1231156,103.1231156,103.1231156,103.1231156,103.1231156,103.1231156,103.1231156,103.1231156,103.1231156,103.1231156,103.1231156,103.1231156,103.1231156,103.1231156,103.1231156,103.1231156,103.1231156,103.1231156,103.1231156,103.1231156,103.1231156,SINAPI_familias_e_coeficientes_2025_06.xlsx,
2559,2559,"CONDULETE DE ALUMINIO TIPO C, PARA ELETRODUTO ROSCAVEL DE 3/4"", COM TAMPA CEGA",UN,REPRESENTATIVO,1,1,1,1,1,1,1,1,1,1,1,1,1,1,1,1,1,1,1,1,1,1,1,1,1,1,1,SINAPI_familias_e_coeficientes_2025_06.xlsx,
2559,39212,"ARRUELA EM ALUMINIO, COM ROSCA, DE 1 1/2"", PARA ELETRODUTO",UN,REPRESENTADO,0.1382306,0.1382306,0.1382306,0.1382306,0.1382306,0.1382306,0.1382306,0.1382306,0.1382306,0.1382306,0.1382306,0.1382306,0.1382306,0.1382306,0.1382306,0.1382306,0.1382306,0.1382306,0.1382306,0.1382306,0.1382306,0.1382306,0.1382306,0.1382306,0.1382306,0.1382306,0.1382306,SINAPI_familias_e_coeficientes_2025_06.xlsx,
2559,39211,"ARRUELA EM ALUMINIO, COM ROSCA, DE 1 1/4"", PARA ELETRODUTO",UN,REPRESENTADO,0.1240126,0.1240126,0.1240126,0.1240126,0.1240126,0.1240126,0.1240126,0.1240126,0.1240126,0.1240126,0.1240126,0.1240126,0.1240126,0.1240126,0.1240126,0.1240126,0.1240126,0.1240126,0.1240126,0.1240126,0.1240126,0.1240126,0.1240126,0.1240126,0.1240126,0.1240126,0.1240126,SINAPI_familias_e_coeficientes_2025_06.xlsx,
2559,39210,"ARRUELA EM ALUMINIO, COM ROSCA, DE 1"", PARA ELETRODUTO",UN,REPRESENTADO,0.0695103,0.0695103,0.0695103,0.0695103,0.0695103,0.0695103,0.0695103,0.0695103,0.0695103,0.0695103,0.0695103,0.0695103,0.0695103,0.0695103,0.0695103,0.0695103,0.0695103,0.0695103,0.0695103,0.0695103,0.0695103,0.0695103,0.0695103,0.0695103,0.0695103,0.0695103,0.0695103,SINAPI_familias_e_coeficientes_2025_06.xlsx,
2559,39208,"ARRUELA EM ALUMINIO, COM ROSCA, DE 1/2"", PARA ELETRODUTO",UN,REPRESENTADO,0.0379147,0.0379147,0.0379147,0.0379147,0.0379147,0.0379147,0.0379147,0.0379147,0.0379147,0.0379147,0.0379147,0.0379147,0.0379147,0.0379147,0.0379147,0.0379147,0.0379147,0.0379147,0.0379147,0.0379147,0.0379147,0.0379147,0.0379147,0.0379147,0.0379147,0.0379147,0.0379147,SINAPI_familias_e_coeficientes_2025_06.xlsx,
2559,39214,"ARRUELA EM ALUMINIO, COM ROSCA, DE 2 1/2"", PARA ELETRODUTO",UN,REPRESENTADO,0.2559242,0.2559242,0.2559242,0.2559242,0.2559242,0.2559242,0.2559242,0.2559242,0.2559242,0.2559242,0.2559242,0.2559242,0.2559242,0.2559242,0.2559242,0.2559242,0.2559242,0.2559242,0.2559242,0.2559242,0.2559242,0.2559242,0.2559242,0.2559242,0.2559242,0.2559242,0.2559242,SINAPI_familias_e_coeficientes_2025_06.xlsx,
2559,39213,"ARRUELA EM ALUMINIO, COM ROSCA, DE 2"", PARA ELETRODUTO",UN,REPRESENTADO,0.1808847,0.1808847,0.1808847,0.1808847,0.1808847,0.1808847,0.1808847,0.1808847,0.1808847,0.1808847,0.1808847,0.1808847,0.1808847,0.1808847,0.1808847,0.1808847,0.1808847,0.1808847,0.1808847,0.1808847,0.1808847,0.1808847,0.1808847,0.1808847,0.1808847,0.1808847,0.1808847,SINAPI_familias_e_coeficientes_2025_06.xlsx,
2559,39215,"ARRUELA EM ALUMINIO, COM ROSCA, DE 3"", PARA ELETRODUTO",UN,REPRESENTADO,0.4660348,0.4660348,0.4660348,0.4660348,0.4660348,0.4660348,0.4660348,0.4660348,0.4660348,0.4660348,0.4660348,0.4660348,0.4660348,0.4660348,0.4660348,0.4660348,0.4660348,0.4660348,0.4660348,0.4660348,0.4660348,0.4660348,0.4660348,0.4660348,0.4660348,0.4660348,0.4660348,SINAPI_familias_e_coeficientes_2025_06.xlsx,
2559,39209,"ARRUELA EM ALUMINIO, COM ROSCA, DE 3/4"", PARA ELETRODUTO",UN,REPRESENTADO,0.0450237,0.0450237,0.0450237,0.0450237,0.0450237,0.0450237,0.0450237,0.0450237,0.0450237,0.0450237,0.0450237,0.0450237,0.0450237,0.0450237,0.0450237,0.0450237,0.0450237,0.0450237,0.0450237,0.0450237,0.0450237,0.0450237,0.0450237,0.0450237,0.0450237,0.0450237,0.0450237,SINAPI_familias_e_coeficientes_2025_06.xlsx,
2559,39207,"ARRUELA EM ALUMINIO, COM ROSCA, DE 3/8"", PARA ELETRODUTO",UN,REPRESENTADO,0.0695103,0.0695103,0.0695103,0.0695103,0.0695103,0.0695103,0.0695103,0.0695103,0.0695103,0.0695103,0.0695103,0.0695103,0.0695103,0.0695103,0.0695103,0.0695103,0.0695103,0.0695103,0.0695103,0.0695103,0.0695103,0.0695103,0.0695103,0.0695103,0.0695103,0.0695103,0.0695103,SINAPI_familias_e_coeficientes_2025_06.xlsx,
2559,39216,"ARRUELA EM ALUMINIO, COM ROSCA, DE 4"", PARA ELETRODUTO",UN,REPRESENTADO,0.650079,0.650079,0.650079,0.650079,0.650079,0.650079,0.650079,0.650079,0.650079,0.650079,0.650079,0.650079,0.650079,0.650079,0.650079,0.650079,0.650079,0.650079,0.650079,0.650079,0.650079,0.650079,0.650079,0.650079,0.650079,0.650079,0.650079,SINAPI_familias_e_coeficientes_2025_06.xlsx,
2559,39191,"BUCHA DE REDUCAO EM ALUMINIO, COM ROSCA, DE 1 1/2"" X 1 1/4"", PARA ELETRODUTO",UN,REPRESENTADO,1.4518167,1.4518167,1.4518167,1.4518167,1.4518167,1.4518167,1.4518167,1.4518167,1.4518167,1.4518167,1.4518167,1.4518167,1.4518167,1.4518167,1.4518167,1.4518167,1.4518167,1.4518167,1.4518167,1.4518167,1.4518167,1.4518167,1.4518167,1.4518167,1.4518167,1.4518167,1.4518167,SINAPI_familias_e_coeficientes_2025_06.xlsx,
2559,39190,"BUCHA DE REDUCAO EM ALUMINIO, COM ROSCA, DE 1 1/2"" X 1"", PARA ELETRODUTO",UN,REPRESENTADO,1.5165877,1.5165877,1.5165877,1.5165877,1.5165877,1.5165877,1.5165877,1.5165877,1.5165877,1.5165877,1.5165877,1.5165877,1.5165877,1.5165877,1.5165877,1.5165877,1.5165877,1.5165877,1.5165877,1.5165877,1.5165877,1.5165877,1.5165877,1.5165877,1.5165877,1.5165877,1.5165877,SINAPI_familias_e_coeficientes_2025_06.xlsx,
2559,39189,"BUCHA DE REDUCAO EM ALUMINIO, COM ROSCA, DE 1 1/2"" X 3/4"", PARA ELETRODUTO",UN,REPRESENTADO,1.6050553,1.6050553,1.6050553,1.6050553,1.6050553,1.6050553,1.6050553,1.6050553,1.6050553,1.6050553,1.6050553,1.6050553,1.6050553,1.6050553,1.6050553,1.6050553,1.6050553,1.6050553,1.6050553,1.6050553,1.6050553,1.6050553,1.6050553,1.6050553,1.6050553,1.6050553,1.6050553,SINAPI_familias_e_coeficientes_2025_06.xlsx,
2559,39188,"BUCHA DE REDUCAO EM ALUMINIO, COM ROSCA, DE 1 1/4"" X 1"", PARA ELETRODUTO",UN,REPRESENTADO,1.1816746,1.1816746,1.1816746,1.1816746,1.1816746,1.1816746,1.1816746,1.1816746,1.1816746,1.1816746,1.1816746,1.1816746,1.1816746,1.1816746,1.1816746,1.1816746,1.1816746,1.1816746,1.1816746,1.1816746,1.1816746,1.1816746,1.1816746,1.1816746,1.1816746,1.1816746,1.1816746,SINAPI_familias_e_coeficientes_2025_06.xlsx,
2559,39186,"BUCHA DE REDUCAO EM ALUMINIO, COM ROSCA, DE 1 1/4"" X 1/2"", PARA ELETRODUTO",UN,REPRESENTADO,1.436019,1.436019,1.436019,1.436019,1.436019,1.436019,1.436019,1.436019,1.436019,1.436019,1.436019,1.436019,1.436019,1.436019,1.436019,1.436019,1.436019,1.436019,1.436019,1.436019,1.436019,1.436019,1.436019,1.436019,1.436019,1.436019,1.436019,SINAPI_familias_e_coeficientes_2025_06.xlsx,
2559,39187,"BUCHA DE REDUCAO EM ALUMINIO, COM ROSCA, DE 1 1/4"" X 3/4"", PARA ELETRODUTO",UN,REPRESENTADO,1.2385466,1.2385466,1.2385466,1.2385466,1.2385466,1.2385466,1.2385466,1.2385466,1.2385466,1.2385466,1.2385466,1.2385466,1.2385466,1.2385466,1.2385466,1.2385466,1.2385466,1.2385466,1.2385466,1.2385466,1.2385466,1.2385466,1.2385466,1.2385466,1.2385466,1.2385466,1.2385466,SINAPI_familias_e_coeficientes_2025_06.xlsx,
2559,39184,"BUCHA DE REDUCAO EM ALUMINIO, COM ROSCA, DE 1"" X 1/2"", PARA ELETRODUTO",UN,REPRESENTADO,0.4660348,0.4660348,0.4660348,0.4660348,0.4660348,0.4660348,0.4660348,0.4660348,0.4660348,0.4660348,0.4660348,0.4660348,0.4660348,0.4660348,0.4660348,0.4660348,0.4660348,0.4660348,0.4660348,0.4660348,0.4660348,0.4660348,0.4660348,0.4660348,0.4660348,0.4660348,0.4660348,SINAPI_familias_e_coeficientes_2025_06.xlsx,
2559,39185,"BUCHA DE REDUCAO EM ALUMINIO, COM ROSCA, DE 1"" X 3/4"", PARA ELETRODUTO",UN,REPRESENTADO,0.4249605,0.4249605,0.4249605,0.4249605,0.4249605,0.4249605,0.4249605,0.4249605,0.4249605,0.4249605,0.4249605,0.4249605,0.4249605,0.4249605,0.4249605,0.4249605,0.4249605,0.4249605,0.4249605,0.4249605,0.4249605,0.4249605,0.4249605,0.4249605,0.4249605,0.4249605,0.4249605,SINAPI_familias_e_coeficientes_2025_06.xlsx,
2559,39198,"BUCHA DE REDUCAO EM ALUMINIO, COM ROSCA, DE 2 1/2"" X 1 1/2"", PARA ELETRODUTO",UN,REPRESENTADO,4.7622433,4.7622433,4.7622433,4.7622433,4.7622433,4.7622433,4.7622433,4.7622433,4.7622433,4.7622433,4.7622433,4.7622433,4.7622433,4.7622433,4.7622433,4.7622433,4.7622433,4.7622433,4.7622433,4.7622433,4.7622433,4.7622433,4.7622433,4.7622433,4.7622433,4.7622433,4.7622433,SINAPI_familias_e_coeficientes_2025_06.xlsx,
2559,39197,"BUCHA DE REDUCAO EM ALUMINIO, COM ROSCA, DE 2 1/2"" X 1 1/4"", PARA ELETRODUTO",UN,REPRESENTADO,4.9747235,4.9747235,4.9747235,4.9747235,4.9747235,4.9747235,4.9747235,4.9747235,4.9747235,4.9747235,4.9747235,4.9747235,4.9747235,4.9747235,4.9747235,4.9747235,4.9747235,4.9747235,4.9747235,4.9747235,4.9747235,4.9747235,4.9747235,4.9747235,4.9747235,4.9747235,4.9747235,SINAPI_familias_e_coeficientes_2025_06.xlsx,
2559,39196,"BUCHA DE REDUCAO EM ALUMINIO, COM ROSCA, DE 2 1/2"" X 1"", PARA ELETRODUTO",UN,REPRESENTADO,5.1303318,5.1303318,5.1303318,5.1303318,5.1303318,5.1303318,5.1303318,5.1303318,5.1303318,5.1303318,5.1303318,5.1303318,5.1303318,5.1303318,5.1303318,5.1303318,5.1303318,5.1303318,5.1303318,5.1303318,5.1303318,5.1303318,5.1303318,5.1303318,5.1303318,5.1303318,5.1303318,SINAPI_familias_e_coeficientes_2025_06.xlsx,
2559,39199,"BUCHA DE REDUCAO EM ALUMINIO, COM ROSCA, DE 2 1/2"" X 2"", PARA ELETRODUTO",UN,REPRESENTADO,4.5829384,4.5829384,4.5829384,4.5829384,4.5829384,4.5829384,4.5829384,4.5829384,4.5829384,4.5829384,4.5829384,4.5829384,4.5829384,4.5829384,4.5829384,4.5829384,4.5829384,4.5829384,4.5829384,4.5829384,4.5829384,4.5829384,4.5829384,4.5829384,4.5829384,4.5829384,4.5829384,SINAPI_familias_e_coeficientes_2025_06.xlsx,
2559,39195,"BUCHA DE REDUCAO EM ALUMINIO, COM ROSCA, DE 2"" X 1 1/2"", PARA ELETRODUTO",UN,REPRESENTADO,2.6453397,2.6453397,2.6453397,2.6453397,2.6453397,2.6453397,2.6453397,2.6453397,2.6453397,2.6453397,2.6453397,2.6453397,2.6453397,2.6453397,2.6453397,2.6453397,2.6453397,2.6453397,2.6453397,2.6453397,2.6453397,2.6453397,2.6453397,2.6453397,2.6453397,2.6453397,2.6453397,SINAPI_familias_e_coeficientes_2025_06.xlsx,
2559,39194,"BUCHA DE REDUCAO EM ALUMINIO, COM ROSCA, DE 2"" X 1 1/4"", PARA ELETRODUTO",UN,REPRESENTADO,2.8309637,2.8309637,2.8309637,2.8309637,2.8309637,2.8309637,2.8309637,2.8309637,2.8309637,2.8309637,2.8309637,2.8309637,2.8309637,2.8309637,2.8309637,2.8309637,2.8309637,2.8309637,2.8309637,2.8309637,2.8309637,2.8309637,2.8309637,2.8309637,2.8309637,2.8309637,2.8309637,SINAPI_familias_e_coeficientes_2025_06.xlsx,
2559,39193,"BUCHA DE REDUCAO EM ALUMINIO, COM ROSCA, DE 2"" X 1"", PARA ELETRODUTO",UN,REPRESENTADO,3.1026856,3.1026856,3.1026856,3.1026856,3.1026856,3.1026856,3.1026856,3.1026856,3.1026856,3.1026856,3.1026856,3.1026856,3.1026856,3.1026856,3.1026856,3.1026856,3.1026856,3.1026856,3.1026856,3.1026856,3.1026856,3.1026856,3.1026856,3.1026856,3.1026856,3.1026856,3.1026856,SINAPI_familias_e_coeficientes_2025_06.xlsx,
2559,39192,"BUCHA DE REDUCAO EM ALUMINIO, COM ROSCA, DE 2"" X 3/4"", PARA ELETRODUTO",UN,REPRESENTADO,3.2274882,3.2274882,3.2274882,3.2274882,3.2274882,3.2274882,3.2274882,3.2274882,3.2274882,3.2274882,3.2274882,3.2274882,3.2274882,3.2274882,3.2274882,3.2274882,3.2274882,3.2274882,3.2274882,3.2274882,3.2274882,3.2274882,3.2274882,3.2274882,3.2274882,3.2274882,3.2274882,SINAPI_familias_e_coeficientes_2025_06.xlsx,
2559,39201,"BUCHA DE REDUCAO EM ALUMINIO, COM ROSCA, DE 3"" X 1 1/2"", PARA ELETRODUTO",UN,REPRESENTADO,5.6935229,5.6935229,5.6935229,5.6935229,5.6935229,5.6935229,5.6935229,5.6935229,5.6935229,5.6935229,5.6935229,5.6935229,5.6935229,5.6935229,5.6935229,5.6935229,5.6935229,5.6935229,5.6935229,5.6935229,5.6935229,5.6935229,5.6935229,5.6935229,5.6935229,5.6935229,5.6935229,SINAPI_familias_e_coeficientes_2025_06.xlsx,
2559,39200,"BUCHA DE REDUCAO EM ALUMINIO, COM ROSCA, DE 3"" X 1 1/4"", PARA ELETRODUTO",UN,REPRESENTADO,5.7393365,5.7393365,5.7393365,5.7393365,5.7393365,5.7393365,5.7393365,5.7393365,5.7393365,5.7393365,5.7393365,5.7393365,5.7393365,5.7393365,5.7393365,5.7393365,5.7393365,5.7393365,5.7393365,5.7393365,5.7393365,5.7393365,5.7393365,5.7393365,5.7393365,5.7393365,5.7393365,SINAPI_familias_e_coeficientes_2025_06.xlsx,
2559,39203,"BUCHA DE REDUCAO EM ALUMINIO, COM ROSCA, DE 3"" X 2 1/2"", PARA ELETRODUTO",UN,REPRESENTADO,4.6342812,4.6342812,4.6342812,4.6342812,4.6342812,4.6342812,4.6342812,4.6342812,4.6342812,4.6342812,4.6342812,4.6342812,4.6342812,4.6342812,4.6342812,4.6342812,4.6342812,4.6342812,4.6342812,4.6342812,4.6342812,4.6342812,4.6342812,4.6342812,4.6342812,4.6342812,4.6342812,SINAPI_familias_e_coeficientes_2025_06.xlsx,
2559,39202,"BUCHA DE REDUCAO EM ALUMINIO, COM ROSCA, DE 3"" X 2"", PARA ELETRODUTO",UN,REPRESENTADO,5.4439179,5.4439179,5.4439179,5.4439179,5.4439179,5.4439179,5.4439179,5.4439179,5.4439179,5.4439179,5.4439179,5.4439179,5.4439179,5.4439179,5.4439179,5.4439179,5.4439179,5.4439179,5.4439179,5.4439179,5.4439179,5.4439179,5.4439179,5.4439179,5.4439179,5.4439179,5.4439179,SINAPI_familias_e_coeficientes_2025_06.xlsx,
2559,39920,"BUCHA DE REDUCAO EM ALUMINIO, COM ROSCA, DE 3/4"" X 1/2"", PARA ELETRODUTO",UN,REPRESENTADO,0.3909953,0.3909953,0.3909953,0.3909953,0.3909953,0.3909953,0.3909953,0.3909953,0.3909953,0.3909953,0.3909953,0.3909953,0.3909953,0.3909953,0.3909953,0.3909953,0.3909953,0.3909953,0.3909953,0.3909953,0.3909953,0.3909953,0.3909953,0.3909953,0.3909953,0.3909953,0.3909953,SINAPI_familias_e_coeficientes_2025_06.xlsx,
2559,39205,"BUCHA DE REDUCAO EM ALUMINIO, COM ROSCA, DE 4"" X 2 1/2"", PARA ELETRODUTO",UN,REPRESENTADO,9.0821485,9.0821485,9.0821485,9.0821485,9.0821485,9.0821485,9.0821485,9.0821485,9.0821485,9.0821485,9.0821485,9.0821485,9.0821485,9.0821485,9.0821485,9.0821485,9.0821485,9.0821485,9.0821485,9.0821485,9.0821485,9.0821485,9.0821485,9.0821485,9.0821485,9.0821485,9.0821485,SINAPI_familias_e_coeficientes_2025_06.xlsx,
2559,39204,"BUCHA DE REDUCAO EM ALUMINIO, COM ROSCA, DE 4"" X 2"", PARA ELETRODUTO",UN,REPRESENTADO,9.3017378,9.3017378,9.3017378,9.3017378,9.3017378,9.3017378,9.3017378,9.3017378,9.3017378,9.3017378,9.3017378,9.3017378,9.3017378,9.3017378,9.3017378,9.3017378,9.3017378,9.3017378,9.3017378,9.3017378,9.3017378,9.3017378,9.3017378,9.3017378,9.3017378,9.3017378,9.3017378,SINAPI_familias_e_coeficientes_2025_06.xlsx,
2559,39206,"BUCHA DE REDUCAO EM ALUMINIO, COM ROSCA, DE 4"" X 3"", PARA ELETRODUTO",UN,REPRESENTADO,8.8246445,8.8246445,8.8246445,8.8246445,8.8246445,8.8246445,8.8246445,8.8246445,8.8246445,8.8246445,8.8246445,8.8246445,8.8246445,8.8246445,8.8246445,8.8246445,8.8246445,8.8246445,8.8246445,8.8246445,8.8246445,8.8246445,8.8246445,8.8246445,8.8246445,8.8246445,8.8246445,SINAPI_familias_e_coeficientes_2025_06.xlsx,
2559,39178,"BUCHA EM ALUMINIO, COM ROSCA, DE 1 1/2"", PARA ELETRODUTO",UN,REPRESENTADO,0.157188,0.157188,0.157188,0.157188,0.157188,0.157188,0.157188,0.157188,0.157188,0.157188,0.157188,0.157188,0.157188,0.157188,0.157188,0.157188,0.157188,0.157188,0.157188,0.157188,0.157188,0.157188,0.157188,0.157188,0.157188,0.157188,0.157188,SINAPI_familias_e_coeficientes_2025_06.xlsx,
2559,39177,"BUCHA EM ALUMINIO, COM ROSCA, DE 1 1/4"", PARA ELETRODUTO",UN,REPRESENTADO,0.1421801,0.1421801,0.1421801,0.1421801,0.1421801,0.1421801,0.1421801,0.1421801,0.1421801,0.1421801,0.1421801,0.1421801,0.1421801,0.1421801,0.1421801,0.1421801,0.1421801,0.1421801,0.1421801,0.1421801,0.1421801,0.1421801,0.1421801,0.1421801,0.1421801,0.1421801,0.1421801,SINAPI_familias_e_coeficientes_2025_06.xlsx,
2559,39176,"BUCHA EM ALUMINIO, COM ROSCA, DE 1"", PARA ELETRODUTO",UN,REPRESENTADO,0.093207,0.093207,0.093207,0.093207,0.093207,0.093207,0.093207,0.093207,0.093207,0.093207,0.093207,0.093207,0.093207,0.093207,0.093207,0.093207,0.093207,0.093207,0.093207,0.093207,0.093207,0.093207,0.093207,0.093207,0.093207,0.093207,0.093207,SINAPI_familias_e_coeficientes_2025_06.xlsx,
2559,39174,"BUCHA EM ALUMINIO, COM ROSCA, DE 1/2"", PARA ELETRODUTO",UN,REPRESENTADO,0.07109,0.07109,0.07109,0.07109,0.07109,0.07109,0.07109,0.07109,0.07109,0.07109,0.07109,0.07109,0.07109,0.07109,0.07109,0.07109,0.07109,0.07109,0.07109,0.07109,0.07109,0.07109,0.07109,0.07109,0.07109,0.07109,0.07109,SINAPI_familias_e_coeficientes_2025_06.xlsx,
2559,39180,"BUCHA EM ALUMINIO, COM ROSCA, DE 2 1/2"", PARA ELETRODUTO",UN,REPRESENTADO,0.4265403,0.4265403,0.4265403,0.4265403,0.4265403,0.4265403,0.4265403,0.4265403,0.4265403,0.4265403,0.4265403,0.4265403,0.4265403,0.4265403,0.4265403,0.4265403,0.4265403,0.4265403,0.4265403,0.4265403,0.4265403,0.4265403,0.4265403,0.4265403,0.4265403,0.4265403,0.4265403,SINAPI_familias_e_coeficientes_2025_06.xlsx,
2559,39179,"BUCHA EM ALUMINIO, COM ROSCA, DE 2"", PARA ELETRODUTO",UN,REPRESENTADO,0.3775671,0.3775671,0.3775671,0.3775671,0.3775671,0.3775671,0.3775671,0.3775671,0.3775671,0.3775671,0.3775671,0.3775671,0.3775671,0.3775671,0.3775671,0.3775671,0.3775671,0.3775671,0.3775671,0.3775671,0.3775671,0.3775671,0.3775671,0.3775671,0.3775671,0.3775671,0.3775671,SINAPI_familias_e_coeficientes_2025_06.xlsx,
2559,39181,"BUCHA EM ALUMINIO, COM ROSCA, DE 3"", PARA ELETRODUTO",UN,REPRESENTADO,0.5718799,0.5718799,0.5718799,0.5718799,0.5718799,0.5718799,0.5718799,0.5718799,0.5718799,0.5718799,0.5718799,0.5718799,0.5718799,0.5718799,0.5718799,0.5718799,0.5718799,0.5718799,0.5718799,0.5718799,0.5718799,0.5718799,0.5718799,0.5718799,0.5718799,0.5718799,0.5718799,SINAPI_familias_e_coeficientes_2025_06.xlsx,
2559,39175,"BUCHA EM ALUMINIO, COM ROSCA, DE 3/4"", PARA ELETRODUTO",UN,REPRESENTADO,0.0868878,0.0868878,0.0868878,0.0868878,0.0868878,0.0868878,0.0868878,0.0868878,0.0868878,0.0868878,0.0868878,0.0868878,0.0868878,0.0868878,0.0868878,0.0868878,0.0868878,0.0868878,0.0868878,0.0868878,0.0868878,0.0868878,0.0868878,0.0868878,0.0868878,0.0868878,0.0868878,SINAPI_familias_e_coeficientes_2025_06.xlsx,
2559,39217,"BUCHA EM ALUMINIO, COM ROSCA, DE 3/8"", PARA ELETRODUTO",UN,REPRESENTADO,0.0671406,0.0671406,0.0671406,0.0671406,0.0671406,0.0671406,0.0671406,0.0671406,0.0671406,0.0671406,0.0671406,0.0671406,0.0671406,0.0671406,0.0671406,0.0671406,0.0671406,0.0671406,0.0671406,0.0671406,0.0671406,0.0671406,0.0671406,0.0671406,0.0671406,0.0671406,0.0671406,SINAPI_familias_e_coeficientes_2025_06.xlsx,
2559,39182,"BUCHA EM ALUMINIO, COM ROSCA, DE 4"", PARA ELETRODUTO",UN,REPRESENTADO,0.8041074,0.8041074,0.8041074,0.8041074,0.8041074,0.8041074,0.8041074,0.8041074,0.8041074,0.8041074,0.8041074,0.8041074,0.8041074,0.8041074,0.8041074,0.8041074,0.8041074,0.8041074,0.8041074,0.8041074,0.8041074,0.8041074,0.8041074,0.8041074,0.8041074,0.8041074,0.8041074,SINAPI_familias_e_coeficientes_2025_06.xlsx,
2559,1049,"CABECOTE PARA ENTRADA DE LINHA DE ALIMENTACAO PARA ELETRODUTO, EM LIGA DE ALUMINIO COM ACABAMENTO ANTI CORROSIVO, COM FIXACAO POR ENCAIXE LISO DE 360 GRAUS, DE 1 1/2""",UN,REPRESENTADO,0.6729858,0.6729858,0.6729858,0.6729858,0.6729858,0.6729858,0.6729858,0.6729858,0.6729858,0.6729858,0.6729858,0.6729858,0.6729858,0.6729858,0.6729858,0.6729858,0.6729858,0.6729858,0.6729858,0.6729858,0.6729858,0.6729858,0.6729858,0.6729858,0.6729858,0.6729858,0.6729858,SINAPI_familias_e_coeficientes_2025_06.xlsx,
2559,1099,"CABECOTE PARA ENTRADA DE LINHA DE ALIMENTACAO PARA ELETRODUTO, EM LIGA DE ALUMINIO COM ACABAMENTO ANTI CORROSIVO, COM FIXACAO POR ENCAIXE LISO DE 360 GRAUS, DE 1 1/4""",UN,REPRESENTADO,0.5150079,0.5150079,0.5150079,0.5150079,0.5150079,0.5150079,0.5150079,0.5150079,0.5150079,0.5150079,0.5150079,0.5150079,0.5150079,0.5150079,0.5150079,0.5150079,0.5150079,0.5150079,0.5150079,0.5150079,0.5150079,0.5150079,0.5150079,0.5150079,0.5150079,0.5150079,0.5150079,SINAPI_familias_e_coeficientes_2025_06.xlsx,
2559,1050,"CABECOTE PARA ENTRADA DE LINHA DE ALIMENTACAO PARA ELETRODUTO, EM LIGA DE ALUMINIO COM ACABAMENTO ANTI CORROSIVO, COM FIXACAO POR ENCAIXE LISO DE 360 GRAUS, DE 1""",UN,REPRESENTADO,0.3522907,0.3522907,0.3522907,0.3522907,0.3522907,0.3522907,0.3522907,0.3522907,0.3522907,0.3522907,0.3522907,0.3522907,0.3522907,0.3522907,0.3522907,0.3522907,0.3522907,0.3522907,0.3522907,0.3522907,0.3522907,0.3522907,0.3522907,0.3522907,0.3522907,0.3522907,0.3522907,SINAPI_familias_e_coeficientes_2025_06.xlsx,
2559,39678,"CABECOTE PARA ENTRADA DE LINHA DE ALIMENTACAO PARA ELETRODUTO, EM LIGA DE ALUMINIO COM ACABAMENTO ANTI CORROSIVO, COM FIXACAO POR ENCAIXE LISO DE 360 GRAUS, DE 1/2""",UN,REPRESENTADO,0.2077409,0.2077409,0.2077409,0.2077409,0.2077409,0.2077409,0.2077409,0.2077409,0.2077409,0.2077409,0.2077409,0.2077409,0.2077409,0.2077409,0.2077409,0.2077409,0.2077409,0.2077409,0.2077409,0.2077409,0.2077409,0.2077409,0.2077409,0.2077409,0.2077409,0.2077409,0.2077409,SINAPI_familias_e_coeficientes_2025_06.xlsx,
2559,1101,"CABECOTE PARA ENTRADA DE LINHA DE ALIMENTACAO PARA ELETRODUTO, EM LIGA DE ALUMINIO COM ACABAMENTO ANTI CORROSIVO, COM FIXACAO POR ENCAIXE LISO DE 360 GRAUS, DE 2 1/2""",UN,REPRESENTADO,2.2195893,2.2195893,2.2195893,2.2195893,2.2195893,2.2195893,2.2195893,2.2195893,2.2195893,2.2195893,2.2195893,2.2195893,2.2195893,2.2195893,2.2195893,2.2195893,2.2195893,2.2195893,2.2195893,2.2195893,2.2195893,2.2195893,2.2195893,2.2195893,2.2195893,2.2195893,2.2195893,SINAPI_familias_e_coeficientes_2025_06.xlsx,
2559,1100,"CABECOTE PARA ENTRADA DE LINHA DE ALIMENTACAO PARA ELETRODUTO, EM LIGA DE ALUMINIO COM ACABAMENTO ANTI CORROSIVO, COM FIXACAO POR ENCAIXE LISO DE 360 GRAUS, DE 2""",UN,REPRESENTADO,1.1453397,1.1453397,1.1453397,1.1453397,1.1453397,1.1453397,1.1453397,1.1453397,1.1453397,1.1453397,1.1453397,1.1453397,1.1453397,1.1453397,1.1453397,1.1453397,1.1453397,1.1453397,1.1453397,1.1453397,1.1453397,1.1453397,1.1453397,1.1453397,1.1453397,1.1453397,1.1453397,SINAPI_familias_e_coeficientes_2025_06.xlsx,
2559,39679,"CABECOTE PARA ENTRADA DE LINHA DE ALIMENTACAO PARA ELETRODUTO, EM LIGA DE ALUMINIO COM ACABAMENTO ANTI CORROSIVO, COM FIXACAO POR ENCAIXE LISO DE 360 GRAUS, DE 3 1/2""",UN,REPRESENTADO,4.4233807,4.4233807,4.4233807,4.4233807,4.4233807,4.4233807,4.4233807,4.4233807,4.4233807,4.4233807,4.4233807,4.4233807,4.4233807,4.4233807,4.4233807,4.4233807,4.4233807,4.4233807,4.4233807,4.4233807,4.4233807,4.4233807,4.4233807,4.4233807,4.4233807,4.4233807,4.4233807,SINAPI_familias_e_coeficientes_2025_06.xlsx,
2559,1102,"CABECOTE PARA ENTRADA DE LINHA DE ALIMENTACAO PARA ELETRODUTO, EM LIGA DE ALUMINIO COM ACABAMENTO ANTI CORROSIVO, COM FIXACAO POR ENCAIXE LISO DE 360 GRAUS, DE 3""",UN,REPRESENTADO,3.3096367,3.3096367,3.3096367,3.3096367,3.3096367,3.3096367,3.3096367,3.3096367,3.3096367,3.3096367,3.3096367,3.3096367,3.3096367,3.3096367,3.3096367,3.3096367,3.3096367,3.3096367,3.3096367,3.3096367,3.3096367,3.3096367,3.3096367,3.3096367,3.3096367,3.3096367,3.3096367,SINAPI_familias_e_coeficientes_2025_06.xlsx,
2559,1098,"CABECOTE PARA ENTRADA DE LINHA DE ALIMENTACAO PARA ELETRODUTO, EM LIGA DE ALUMINIO COM ACABAMENTO ANTI CORROSIVO, COM FIXACAO POR ENCAIXE LISO DE 360 GRAUS, DE 3/4""",UN,REPRESENTADO,0.2748815,0.2748815,0.2748815,0.2748815,0.2748815,0.2748815,0.2748815,0.2748815,0.2748815,0.2748815,0.2748815,0.2748815,0.2748815,0.2748815,0.2748815,0.2748815,0.2748815,0.2748815,0.2748815,0.2748815,0.2748815,0.2748815,0.2748815,0.2748815,0.2748815,0.2748815,0.2748815,SINAPI_familias_e_coeficientes_2025_06.xlsx,
2559,1051,"CABECOTE PARA ENTRADA DE LINHA DE ALIMENTACAO PARA ELETRODUTO, EM LIGA DE ALUMINIO COM ACABAMENTO ANTI CORROSIVO, COM FIXACAO POR ENCAIXE LISO DE 360 GRAUS, DE 4""",UN,REPRESENTADO,4.8104265,4.8104265,4.8104265,4.8104265,4.8104265,4.8104265,4.8104265,4.8104265,4.8104265,4.8104265,4.8104265,4.8104265,4.8104265,4.8104265,4.8104265,4.8104265,4.8104265,4.8104265,4.8104265,4.8104265,4.8104265,4.8104265,4.8104265,4.8104265,4.8104265,4.8104265,4.8104265,SINAPI_familias_e_coeficientes_2025_06.xlsx,
2559,14054,"CONDULETE DE ALUMINIO TIPO B, PARA ELETRODUTO ROSCAVEL DE 1"", COM TAMPA CEGA",UN,REPRESENTADO,1.2085674,1.2085674,1.2085674,1.2085674,1.2085674,1.2085674,1.2085674,1.2085674,1.2085674,1.2085674,1.2085674,1.2085674,1.2085674,1.2085674,1.2085674,1.2085674,1.2085674,1.2085674,1.2085674,1.2085674,1.2085674,1.2085674,1.2085674,1.2085674,1.2085674,1.2085674,1.2085674,SINAPI_familias_e_coeficientes_2025_06.xlsx,
2559,14052,"CONDULETE DE ALUMINIO TIPO B, PARA ELETRODUTO ROSCAVEL DE 1/2"", COM TAMPA CEGA",UN,REPRESENTADO,0.9297752,0.9297752,0.9297752,0.9297752,0.9297752,0.9297752,0.9297752,0.9297752,0.9297752,0.9297752,0.9297752,0.9297752,0.9297752,0.9297752,0.9297752,0.9297752,0.9297752,0.9297752,0.9297752,0.9297752,0.9297752,0.9297752,0.9297752,0.9297752,0.9297752,0.9297752,0.9297752,SINAPI_familias_e_coeficientes_2025_06.xlsx,
2559,14053,"CONDULETE DE ALUMINIO TIPO B, PARA ELETRODUTO ROSCAVEL DE 3/4"", COM TAMPA CEGA",UN,REPRESENTADO,0.9438202,0.9438202,0.9438202,0.9438202,0.9438202,0.9438202,0.9438202,0.9438202,0.9438202,0.9438202,0.9438202,0.9438202,0.9438202,0.9438202,0.9438202,0.9438202,0.9438202,0.9438202,0.9438202,0.9438202,0.9438202,0.9438202,0.9438202,0.9438202,0.9438202,0.9438202,0.9438202,SINAPI_familias_e_coeficientes_2025_06.xlsx,
2559,2560,"CONDULETE DE ALUMINIO TIPO C, PARA ELETRODUTO ROSCAVEL DE 1"", COM TAMPA CEGA",UN,REPRESENTADO,1.2507022,1.2507022,1.2507022,1.2507022,1.2507022,1.2507022,1.2507022,1.2507022,1.2507022,1.2507022,1.2507022,1.2507022,1.2507022,1.2507022,1.2507022,1.2507022,1.2507022,1.2507022,1.2507022,1.2507022,1.2507022,1.2507022,1.2507022,1.2507022,1.2507022,1.2507022,1.2507022,SINAPI_familias_e_coeficientes_2025_06.xlsx,
2559,2558,"CONDULETE DE ALUMINIO TIPO C, PARA ELETRODUTO ROSCAVEL DE 1/2"", COM TAMPA CEGA",UN,REPRESENTADO,0.7106741,0.7106741,0.7106741,0.7106741,0.7106741,0.7106741,0.7106741,0.7106741,0.7106741,0.7106741,0.7106741,0.7106741,0.7106741,0.7106741,0.7106741,0.7106741,0.7106741,0.7106741,0.7106741,0.7106741,0.7106741,0.7106741,0.7106741,0.7106741,0.7106741,0.7106741,0.7106741,SINAPI_familias_e_coeficientes_2025_06.xlsx,
2559,2592,"CONDULETE DE ALUMINIO TIPO C, PARA ELETRODUTO ROSCAVEL DE 4"", COM TAMPA CEGA",UN,REPRESENTADO,16.5779494,16.5779494,16.5779494,16.5779494,16.5779494,16.5779494,16.5779494,16.5779494,16.5779494,16.5779494,16.5779494,16.5779494,16.5779494,16.5779494,16.5779494,16.5779494,16.5779494,16.5779494,16.5779494,16.5779494,16.5779494,16.5779494,16.5779494,16.5779494,16.5779494,16.5779494,16.5779494,SINAPI_familias_e_coeficientes_2025_06.xlsx,
2559,2589,"CONDULETE DE ALUMINIO TIPO E, PARA ELETRODUTO ROSCAVEL DE 1 1/2"", COM TAMPA CEGA",UN,REPRESENTADO,2.2176966,2.2176966,2.2176966,2.2176966,2.2176966,2.2176966,2.2176966,2.2176966,2.2176966,2.2176966,2.2176966,2.2176966,2.2176966,2.2176966,2.2176966,2.2176966,2.2176966,2.2176966,2.2176966,2.2176966,2.2176966,2.2176966,2.2176966,2.2176966,2.2176966,2.2176966,2.2176966,SINAPI_familias_e_coeficientes_2025_06.xlsx,
2559,2566,"CONDULETE DE ALUMINIO TIPO E, PARA ELETRODUTO ROSCAVEL DE 1 1/4"", COM TAMPA CEGA",UN,REPRESENTADO,1.6685393,1.6685393,1.6685393,1.6685393,1.6685393,1.6685393,1.6685393,1.6685393,1.6685393,1.6685393,1.6685393,1.6685393,1.6685393,1.6685393,1.6685393,1.6685393,1.6685393,1.6685393,1.6685393,1.6685393,1.6685393,1.6685393,1.6685393,1.6685393,1.6685393,1.6685393,1.6685393,SINAPI_familias_e_coeficientes_2025_06.xlsx,
2559,2590,"CONDULETE DE ALUMINIO TIPO E, PARA ELETRODUTO ROSCAVEL DE 1"", COM TAMPA CEGA",UN,REPRESENTADO,1.360955,1.360955,1.360955,1.360955,1.360955,1.360955,1.360955,1.360955,1.360955,1.360955,1.360955,1.360955,1.360955,1.360955,1.360955,1.360955,1.360955,1.360955,1.360955,1.360955,1.360955,1.360955,1.360955,1.360955,1.360955,1.360955,1.360955,SINAPI_familias_e_coeficientes_2025_06.xlsx,
2559,2591,"CONDULETE DE ALUMINIO TIPO E, PARA ELETRODUTO ROSCAVEL DE 1/2"", COM TAMPA CEGA",UN,REPRESENTADO,0.8089887,0.8089887,0.8089887,0.8089887,0.8089887,0.8089887,0.8089887,0.8089887,0.8089887,0.8089887,0.8089887,0.8089887,0.8089887,0.8089887,0.8089887,0.8089887,0.8089887,0.8089887,0.8089887,0.8089887,0.8089887,0.8089887,0.8089887,0.8089887,0.8089887,0.8089887,0.8089887,SINAPI_familias_e_coeficientes_2025_06.xlsx,
2559,2567,"CONDULETE DE ALUMINIO TIPO E, PARA ELETRODUTO ROSCAVEL DE 2"", COM TAMPA CEGA",UN,REPRESENTADO,3.2528089,3.2528089,3.2528089,3.2528089,3.2528089,3.2528089,3.2528089,3.2528089,3.2528089,3.2528089,3.2528089,3.2528089,3.2528089,3.2528089,3.2528089,3.2528089,3.2528089,3.2528089,3.2528089,3.2528089,3.2528089,3.2528089,3.2528089,3.2528089,3.2528089,3.2528089,3.2528089,SINAPI_familias_e_coeficientes_2025_06.xlsx,
2559,2568,"CONDULETE DE ALUMINIO TIPO E, PARA ELETRODUTO ROSCAVEL DE 3"", COM TAMPA CEGA",UN,REPRESENTADO,9.0323033,9.0323033,9.0323033,9.0323033,9.0323033,9.0323033,9.0323033,9.0323033,9.0323033,9.0323033,9.0323033,9.0323033,9.0323033,9.0323033,9.0323033,9.0323033,9.0323033,9.0323033,9.0323033,9.0323033,9.0323033,9.0323033,9.0323033,9.0323033,9.0323033,9.0323033,9.0323033,SINAPI_familias_e_coeficientes_2025_06.xlsx,
2559,2565,"CONDULETE DE ALUMINIO TIPO E, PARA ELETRODUTO ROSCAVEL DE 3/4"", COM TAMPA CEGA",UN,REPRESENTADO,0.8103932,0.8103932,0.8103932,0.8103932,0.8103932,0.8103932,0.8103932,0.8103932,0.8103932,0.8103932,0.8103932,0.8103932,0.8103932,0.8103932,0.8103932,0.8103932,0.8103932,0.8103932,0.8103932,0.8103932,0.8103932,0.8103932,0.8103932,0.8103932,0.8103932,0.8103932,0.8103932,SINAPI_familias_e_coeficientes_2025_06.xlsx,
2559,2594,"CONDULETE DE ALUMINIO TIPO E, PARA ELETRODUTO ROSCAVEL DE 4"", COM TAMPA CEGA",UN,REPRESENTADO,15.0470505,15.0470505,15.0470505,15.0470505,15.0470505,15.0470505,15.0470505,15.0470505,15.0470505,15.0470505,15.0470505,15.0470505,15.0470505,15.0470505,15.0470505,15.0470505,15.0470505,15.0470505,15.0470505,15.0470505,15.0470505,15.0470505,15.0470505,15.0470505,15.0470505,15.0470505,15.0470505,SINAPI_familias_e_coeficientes_2025_06.xlsx,
2559,2587,"CONDULETE DE ALUMINIO TIPO LR, PARA ELETRODUTO ROSCAVEL DE 1 1/2"", COM TAMPA CEGA",UN,REPRESENTADO,2.5646067,2.5646067,2.5646067,2.5646067,2.5646067,2.5646067,2.5646067,2.5646067,2.5646067,2.5646067,2.5646067,2.5646067,2.5646067,2.5646067,2.5646067,2.5646067,2.5646067,2.5646067,2.5646067,2.5646067,2.5646067,2.5646067,2.5646067,2.5646067,2.5646067,2.5646067,2.5646067,SINAPI_familias_e_coeficientes_2025_06.xlsx,
2559,2588,"CONDULETE DE ALUMINIO TIPO LR, PARA ELETRODUTO ROSCAVEL DE 1 1/4"", COM TAMPA CEGA",UN,REPRESENTADO,2.0372191,2.0372191,2.0372191,2.0372191,2.0372191,2.0372191,2.0372191,2.0372191,2.0372191,2.0372191,2.0372191,2.0372191,2.0372191,2.0372191,2.0372191,2.0372191,2.0372191,2.0372191,2.0372191,2.0372191,2.0372191,2.0372191,2.0372191,2.0372191,2.0372191,2.0372191,2.0372191,SINAPI_familias_e_coeficientes_2025_06.xlsx,
2559,2570,"CONDULETE DE ALUMINIO TIPO LR, PARA ELETRODUTO ROSCAVEL DE 1"", COM TAMPA CEGA",UN,REPRESENTADO,1.3160112,1.3160112,1.3160112,1.3160112,1.3160112,1.3160112,1.3160112,1.3160112,1.3160112,1.3160112,1.3160112,1.3160112,1.3160112,1.3160112,1.3160112,1.3160112,1.3160112,1.3160112,1.3160112,1.3160112,1.3160112,1.3160112,1.3160112,1.3160112,1.3160112,1.3160112,1.3160112,SINAPI_familias_e_coeficientes_2025_06.xlsx,
2559,2569,"CONDULETE DE ALUMINIO TIPO LR, PARA ELETRODUTO ROSCAVEL DE 1/2"", COM TAMPA CEGA",UN,REPRESENTADO,0.7851123,0.7851123,0.7851123,0.7851123,0.7851123,0.7851123,0.7851123,0.7851123,0.7851123,0.7851123,0.7851123,0.7851123,0.7851123,0.7851123,0.7851123,0.7851123,0.7851123,0.7851123,0.7851123,0.7851123,0.7851123,0.7851123,0.7851123,0.7851123,0.7851123,0.7851123,0.7851123,SINAPI_familias_e_coeficientes_2025_06.xlsx,
2559,2571,"CONDULETE DE ALUMINIO TIPO LR, PARA ELETRODUTO ROSCAVEL DE 2"", COM TAMPA CEGA",UN,REPRESENTADO,3.9058988,3.9058988,3.9058988,3.9058988,3.9058988,3.9058988,3.9058988,3.9058988,3.9058988,3.9058988,3.9058988,3.9058988,3.9058988,3.9058988,3.9058988,3.9058988,3.9058988,3.9058988,3.9058988,3.9058988,3.9058988,3.9058988,3.9058988,3.9058988,3.9058988,3.9058988,3.9058988,SINAPI_familias_e_coeficientes_2025_06.xlsx,
2559,2572,"CONDULETE DE ALUMINIO TIPO LR, PARA ELETRODUTO ROSCAVEL DE 3"", COM TAMPA CEGA",UN,REPRESENTADO,11.5505617,11.5505617,11.5505617,11.5505617,11.5505617,11.5505617,11.5505617,11.5505617,11.5505617,11.5505617,11.5505617,11.5505617,11.5505617,11.5505617,11.5505617,11.5505617,11.5505617,11.5505617,11.5505617,11.5505617,11.5505617,11.5505617,11.5505617,11.5505617,11.5505617,11.5505617,11.5505617,SINAPI_familias_e_coeficientes_2025_06.xlsx,
2559,2593,"CONDULETE DE ALUMINIO TIPO LR, PARA ELETRODUTO ROSCAVEL DE 3/4"", COM TAMPA CEGA",UN,REPRESENTADO,0.8370786,0.8370786,0.8370786,0.8370786,0.8370786,0.8370786,0.8370786,0.8370786,0.8370786,0.8370786,0.8370786,0.8370786,0.8370786,0.8370786,0.8370786,0.8370786,0.8370786,0.8370786,0.8370786,0.8370786,0.8370786,0.8370786,0.8370786,0.8370786,0.8370786,0.8370786,0.8370786,SINAPI_familias_e_coeficientes_2025_06.xlsx,
2559,2595,"CONDULETE DE ALUMINIO TIPO LR, PARA ELETRODUTO ROSCAVEL DE 4"", COM TAMPA CEGA",UN,REPRESENTADO,18.0210674,18.0210674,18.0210674,18.0210674,18.0210674,18.0210674,18.0210674,18.0210674,18.0210674,18.0210674,18.0210674,18.0210674,18.0210674,18.0210674,18.0210674,18.0210674,18.0210674,18.0210674,18.0210674,18.0210674,18.0210674,18.0210674,18.0210674,18.0210674,18.0210674,18.0210674,18.0210674,SINAPI_familias_e_coeficientes_2025_06.xlsx,
2559,2576,"CONDULETE DE ALUMINIO TIPO T, PARA ELETRODUTO ROSCAVEL DE 1 1/2"", COM TAMPA CEGA",UN,REPRESENTADO,3.0723314,3.0723314,3.0723314,3.0723314,3.0723314,3.0723314,3.0723314,3.0723314,3.0723314,3.0723314,3.0723314,3.0723314,3.0723314,3.0723314,3.0723314,3.0723314,3.0723314,3.0723314,3.0723314,3.0723314,3.0723314,3.0723314,3.0723314,3.0723314,3.0723314,3.0723314,3.0723314,SINAPI_familias_e_coeficientes_2025_06.xlsx,
2559,2575,"CONDULETE DE ALUMINIO TIPO T, PARA ELETRODUTO ROSCAVEL DE 1 1/4"", COM TAMPA CEGA",UN,REPRESENTADO,2.309691,2.309691,2.309691,2.309691,2.309691,2.309691,2.309691,2.309691,2.309691,2.309691,2.309691,2.309691,2.309691,2.309691,2.309691,2.309691,2.309691,2.309691,2.309691,2.309691,2.309691,2.309691,2.309691,2.309691,2.309691,2.309691,2.309691,SINAPI_familias_e_coeficientes_2025_06.xlsx,
2559,2586,"CONDULETE DE ALUMINIO TIPO T, PARA ELETRODUTO ROSCAVEL DE 1"", COM TAMPA CEGA",UN,REPRESENTADO,1.5547752,1.5547752,1.5547752,1.5547752,1.5547752,1.5547752,1.5547752,1.5547752,1.5547752,1.5547752,1.5547752,1.5547752,1.5547752,1.5547752,1.5547752,1.5547752,1.5547752,1.5547752,1.5547752,1.5547752,1.5547752,1.5547752,1.5547752,1.5547752,1.5547752,1.5547752,1.5547752,SINAPI_familias_e_coeficientes_2025_06.xlsx,
2559,2573,"CONDULETE DE ALUMINIO TIPO T, PARA ELETRODUTO ROSCAVEL DE 1/2"", COM TAMPA CEGA",UN,REPRESENTADO,0.9592696,0.9592696,0.9592696,0.9592696,0.9592696,0.9592696,0.9592696,0.9592696,0.9592696,0.9592696,0.9592696,0.9592696,0.9592696,0.9592696,0.9592696,0.9592696,0.9592696,0.9592696,0.9592696,0.9592696,0.9592696,0.9592696,0.9592696,0.9592696,0.9592696,0.9592696,0.9592696,SINAPI_familias_e_coeficientes_2025_06.xlsx,
2559,2577,"CONDULETE DE ALUMINIO TIPO T, PARA ELETRODUTO ROSCAVEL DE 2"", COM TAMPA CEGA",UN,REPRESENTADO,4.1629213,4.1629213,4.1629213,4.1629213,4.1629213,4.1629213,4.1629213,4.1629213,4.1629213,4.1629213,4.1629213,4.1629213,4.1629213,4.1629213,4.1629213,4.1629213,4.1629213,4.1629213,4.1629213,4.1629213,4.1629213,4.1629213,4.1629213,4.1629213,4.1629213,4.1629213,4.1629213,SINAPI_familias_e_coeficientes_2025_06.xlsx,
2559,2578,"CONDULETE DE ALUMINIO TIPO T, PARA ELETRODUTO ROSCAVEL DE 3"", COM TAMPA CEGA",UN,REPRESENTADO,12.9964887,12.9964887,12.9964887,12.9964887,12.9964887,12.9964887,12.9964887,12.9964887,12.9964887,12.9964887,12.9964887,12.9964887,12.9964887,12.9964887,12.9964887,12.9964887,12.9964887,12.9964887,12.9964887,12.9964887,12.9964887,12.9964887,12.9964887,12.9964887,12.9964887,12.9964887,12.9964887,SINAPI_familias_e_coeficientes_2025_06.xlsx,
2559,2574,"CONDULETE DE ALUMINIO TIPO T, PARA ELETRODUTO ROSCAVEL DE 3/4"", COM TAMPA CEGA",UN,REPRESENTADO,0.9655898,0.9655898,0.9655898,0.9655898,0.9655898,0.9655898,0.9655898,0.9655898,0.9655898,0.9655898,0.9655898,0.9655898,0.9655898,0.9655898,0.9655898,0.9655898,0.9655898,0.9655898,0.9655898,0.9655898,0.9655898,0.9655898,0.9655898,0.9655898,0.9655898,0.9655898,0.9655898,SINAPI_familias_e_coeficientes_2025_06.xlsx,
2559,2585,"CONDULETE DE ALUMINIO TIPO T, PARA ELETRODUTO ROSCAVEL DE 4"", COM TAMPA CEGA",UN,REPRESENTADO,17.8342696,17.8342696,17.8342696,17.8342696,17.8342696,17.8342696,17.8342696,17.8342696,17.8342696,17.8342696,17.8342696,17.8342696,17.8342696,17.8342696,17.8342696,17.8342696,17.8342696,17.8342696,17.8342696,17.8342696,17.8342696,17.8342696,17.8342696,17.8342696,17.8342696,17.8342696,17.8342696,SINAPI_familias_e_coeficientes_2025_06.xlsx,
2559,12008,"CONDULETE DE ALUMINIO TIPO TB, PARA ELETRODUTO ROSCAVEL DE 3"", COM TAMPA CEGA",UN,REPRESENTADO,9.5688202,9.5688202,9.5688202,9.5688202,9.5688202,9.5688202,9.5688202,9.5688202,9.5688202,9.5688202,9.5688202,9.5688202,9.5688202,9.5688202,9.5688202,9.5688202,9.5688202,9.5688202,9.5688202,9.5688202,9.5688202,9.5688202,9.5688202,9.5688202,9.5688202,9.5688202,9.5688202,SINAPI_familias_e_coeficientes_2025_06.xlsx,
2559,2582,"CONDULETE DE ALUMINIO TIPO X, PARA ELETRODUTO ROSCAVEL DE 1 1/2"", COM TAMPA CEGA",UN,REPRESENTADO,2.8497191,2.8497191,2.8497191,2.8497191,2.8497191,2.8497191,2.8497191,2.8497191,2.8497191,2.8497191,2.8497191,2.8497191,2.8497191,2.8497191,2.8497191,2.8497191,2.8497191,2.8497191,2.8497191,2.8497191,2.8497191,2.8497191,2.8497191,2.8497191,2.8497191,2.8497191,2.8497191,SINAPI_familias_e_coeficientes_2025_06.xlsx,
2559,2597,"CONDULETE DE ALUMINIO TIPO X, PARA ELETRODUTO ROSCAVEL DE 1 1/4"", COM TAMPA CEGA",UN,REPRESENTADO,2.4424157,2.4424157,2.4424157,2.4424157,2.4424157,2.4424157,2.4424157,2.4424157,2.4424157,2.4424157,2.4424157,2.4424157,2.4424157,2.4424157,2.4424157,2.4424157,2.4424157,2.4424157,2.4424157,2.4424157,2.4424157,2.4424157,2.4424157,2.4424157,2.4424157,2.4424157,2.4424157,SINAPI_familias_e_coeficientes_2025_06.xlsx,
2559,2581,"CONDULETE DE ALUMINIO TIPO X, PARA ELETRODUTO ROSCAVEL DE 1"", COM TAMPA CEGA",UN,REPRESENTADO,1.4880617,1.4880617,1.4880617,1.4880617,1.4880617,1.4880617,1.4880617,1.4880617,1.4880617,1.4880617,1.4880617,1.4880617,1.4880617,1.4880617,1.4880617,1.4880617,1.4880617,1.4880617,1.4880617,1.4880617,1.4880617,1.4880617,1.4880617,1.4880617,1.4880617,1.4880617,1.4880617,SINAPI_familias_e_coeficientes_2025_06.xlsx,
2559,2579,"CONDULETE DE ALUMINIO TIPO X, PARA ELETRODUTO ROSCAVEL DE 1/2"", COM TAMPA CEGA",UN,REPRESENTADO,1.1629213,1.1629213,1.1629213,1.1629213,1.1629213,1.1629213,1.1629213,1.1629213,1.1629213,1.1629213,1.1629213,1.1629213,1.1629213,1.1629213,1.1629213,1.1629213,1.1629213,1.1629213,1.1629213,1.1629213,1.1629213,1.1629213,1.1629213,1.1629213,1.1629213,1.1629213,1.1629213,SINAPI_familias_e_coeficientes_2025_06.xlsx,
2559,2596,"CONDULETE DE ALUMINIO TIPO X, PARA ELETRODUTO ROSCAVEL DE 2"", COM TAMPA CEGA",UN,REPRESENTADO,4.4002808,4.4002808,4.4002808,4.4002808,4.4002808,4.4002808,4.4002808,4.4002808,4.4002808,4.4002808,4.4002808,4.4002808,4.4002808,4.4002808,4.4002808,4.4002808,4.4002808,4.4002808,4.4002808,4.4002808,4.4002808,4.4002808,4.4002808,4.4002808,4.4002808,4.4002808,4.4002808,SINAPI_familias_e_coeficientes_2025_06.xlsx,
2559,2583,"CONDULETE DE ALUMINIO TIPO X, PARA ELETRODUTO ROSCAVEL DE 3"", COM TAMPA CEGA",UN,REPRESENTADO,10.7022471,10.7022471,10.7022471,10.7022471,10.7022471,10.7022471,10.7022471,10.7022471,10.7022471,10.7022471,10.7022471,10.7022471,10.7022471,10.7022471,10.7022471,10.7022471,10.7022471,10.7022471,10.7022471,10.7022471,10.7022471,10.7022471,10.7022471,10.7022471,10.7022471,10.7022471,10.7022471,SINAPI_familias_e_coeficientes_2025_06.xlsx,
2559,2580,"CONDULETE DE ALUMINIO TIPO X, PARA ELETRODUTO ROSCAVEL DE 3/4"", COM TAMPA CEGA",UN,REPRESENTADO,1.2745786,1.2745786,1.2745786,1.2745786,1.2745786,1.2745786,1.2745786,1.2745786,1.2745786,1.2745786,1.2745786,1.2745786,1.2745786,1.2745786,1.2745786,1.2745786,1.2745786,1.2745786,1.2745786,1.2745786,1.2745786,1.2745786,1.2745786,1.2745786,1.2745786,1.2745786,1.2745786,SINAPI_familias_e_coeficientes_2025_06.xlsx,
2559,2584,"CONDULETE DE ALUMINIO TIPO X, PARA ELETRODUTO ROSCAVEL DE 4"", COM TAMPA CEGA",UN,REPRESENTADO,17.8160112,17.8160112,17.8160112,17.8160112,17.8160112,17.8160112,17.8160112,17.8160112,17.8160112,17.8160112,17.8160112,17.8160112,17.8160112,17.8160112,17.8160112,17.8160112,17.8160112,17.8160112,17.8160112,17.8160112,17.8160112,17.8160112,17.8160112,17.8160112,17.8160112,17.8160112,17.8160112,SINAPI_familias_e_coeficientes_2025_06.xlsx,
2559,2517,"CONECTOR CURVO 90 GRAUS DE ALUMINIO, BITOLA 1 1/2"", PARA ADAPTAR ENTRADA DE ELETRODUTO METALICO FLEXIVEL EM QUADROS",UN,REPRESENTADO,1.7752808,1.7752808,1.7752808,1.7752808,1.7752808,1.7752808,1.7752808,1.7752808,1.7752808,1.7752808,1.7752808,1.7752808,1.7752808,1.7752808,1.7752808,1.7752808,1.7752808,1.7752808,1.7752808,1.7752808,1.7752808,1.7752808,1.7752808,1.7752808,1.7752808,1.7752808,1.7752808,SINAPI_familias_e_coeficientes_2025_06.xlsx,
2559,2522,"CONECTOR CURVO 90 GRAUS DE ALUMINIO, BITOLA 1 1/4"", PARA ADAPTAR ENTRADA DE ELETRODUTO METALICO FLEXIVEL EM QUADROS",UN,REPRESENTADO,1.1474719,1.1474719,1.1474719,1.1474719,1.1474719,1.1474719,1.1474719,1.1474719,1.1474719,1.1474719,1.1474719,1.1474719,1.1474719,1.1474719,1.1474719,1.1474719,1.1474719,1.1474719,1.1474719,1.1474719,1.1474719,1.1474719,1.1474719,1.1474719,1.1474719,1.1474719,1.1474719,SINAPI_familias_e_coeficientes_2025_06.xlsx,
2559,2516,"CONECTOR CURVO 90 GRAUS DE ALUMINIO, BITOLA 1"", PARA ADAPTAR ENTRADA DE ELETRODUTO METALICO FLEXIVEL EM QUADROS",UN,REPRESENTADO,0.9213483,0.9213483,0.9213483,0.9213483,0.9213483,0.9213483,0.9213483,0.9213483,0.9213483,0.9213483,0.9213483,0.9213483,0.9213483,0.9213483,0.9213483,0.9213483,0.9213483,0.9213483,0.9213483,0.9213483,0.9213483,0.9213483,0.9213483,0.9213483,0.9213483,0.9213483,0.9213483,SINAPI_familias_e_coeficientes_2025_06.xlsx,
2559,2548,"CONECTOR CURVO 90 GRAUS DE ALUMINIO, BITOLA 1/2"", PARA ADAPTAR ENTRADA DE ELETRODUTO METALICO FLEXIVEL EM QUADROS",UN,REPRESENTADO,0.7057584,0.7057584,0.7057584,0.7057584,0.7057584,0.7057584,0.7057584,0.7057584,0.7057584,0.7057584,0.7057584,0.7057584,0.7057584,0.7057584,0.7057584,0.7057584,0.7057584,0.7057584,0.7057584,0.7057584,0.7057584,0.7057584,0.7057584,0.7057584,0.7057584,0.7057584,0.7057584,SINAPI_familias_e_coeficientes_2025_06.xlsx,
2559,2518,"CONECTOR CURVO 90 GRAUS DE ALUMINIO, BITOLA 2 1/2"", PARA ADAPTAR ENTRADA DE ELETRODUTO METALICO FLEXIVEL EM QUADROS",UN,REPRESENTADO,8.4494382,8.4494382,8.4494382,8.4494382,8.4494382,8.4494382,8.4494382,8.4494382,8.4494382,8.4494382,8.4494382,8.4494382,8.4494382,8.4494382,8.4494382,8.4494382,8.4494382,8.4494382,8.4494382,8.4494382,8.4494382,8.4494382,8.4494382,8.4494382,8.4494382,8.4494382,8.4494382,SINAPI_familias_e_coeficientes_2025_06.xlsx,
2559,2521,"CONECTOR CURVO 90 GRAUS DE ALUMINIO, BITOLA 2"", PARA ADAPTAR ENTRADA DE ELETRODUTO METALICO FLEXIVEL EM QUADROS",UN,REPRESENTADO,3.5969101,3.5969101,3.5969101,3.5969101,3.5969101,3.5969101,3.5969101,3.5969101,3.5969101,3.5969101,3.5969101,3.5969101,3.5969101,3.5969101,3.5969101,3.5969101,3.5969101,3.5969101,3.5969101,3.5969101,3.5969101,3.5969101,3.5969101,3.5969101,3.5969101,3.5969101,3.5969101,SINAPI_familias_e_coeficientes_2025_06.xlsx,
2559,2519,"CONECTOR CURVO 90 GRAUS DE ALUMINIO, BITOLA 3"", PARA ADAPTAR ENTRADA DE ELETRODUTO METALICO FLEXIVEL EM QUADROS",UN,REPRESENTADO,10.1882022,10.1882022,10.1882022,10.1882022,10.1882022,10.1882022,10.1882022,10.1882022,10.1882022,10.1882022,10.1882022,10.1882022,10.1882022,10.1882022,10.1882022,10.1882022,10.1882022,10.1882022,10.1882022,10.1882022,10.1882022,10.1882022,10.1882022,10.1882022,10.1882022,10.1882022,10.1882022,SINAPI_familias_e_coeficientes_2025_06.xlsx,
2559,2515,"CONECTOR CURVO 90 GRAUS DE ALUMINIO, BITOLA 3/4"", PARA ADAPTAR ENTRADA DE ELETRODUTO METALICO FLEXIVEL EM QUADROS",UN,REPRESENTADO,0.7668539,0.7668539,0.7668539,0.7668539,0.7668539,0.7668539,0.7668539,0.7668539,0.7668539,0.7668539,0.7668539,0.7668539,0.7668539,0.7668539,0.7668539,0.7668539,0.7668539,0.7668539,0.7668539,0.7668539,0.7668539,0.7668539,0.7668539,0.7668539,0.7668539,0.7668539,0.7668539,SINAPI_familias_e_coeficientes_2025_06.xlsx,
2559,2520,"CONECTOR CURVO 90 GRAUS DE ALUMINIO, BITOLA 4"", PARA ADAPTAR ENTRADA DE ELETRODUTO METALICO FLEXIVEL EM QUADROS",UN,REPRESENTADO,18.7514044,18.7514044,18.7514044,18.7514044,18.7514044,18.7514044,18.7514044,18.7514044,18.7514044,18.7514044,18.7514044,18.7514044,18.7514044,18.7514044,18.7514044,18.7514044,18.7514044,18.7514044,18.7514044,18.7514044,18.7514044,18.7514044,18.7514044,18.7514044,18.7514044,18.7514044,18.7514044,SINAPI_familias_e_coeficientes_2025_06.xlsx,
2559,2527,"CONECTOR RETO DE ALUMINIO PARA ELETRODUTO DE 1 1/2"", PARA ADAPTAR ENTRADA DE ELETRODUTO METALICO FLEXIVEL EM QUADROS",UN,REPRESENTADO,0.6355337,0.6355337,0.6355337,0.6355337,0.6355337,0.6355337,0.6355337,0.6355337,0.6355337,0.6355337,0.6355337,0.6355337,0.6355337,0.6355337,0.6355337,0.6355337,0.6355337,0.6355337,0.6355337,0.6355337,0.6355337,0.6355337,0.6355337,0.6355337,0.6355337,0.6355337,0.6355337,SINAPI_familias_e_coeficientes_2025_06.xlsx,
2559,2526,"CONECTOR RETO DE ALUMINIO PARA ELETRODUTO DE 1 1/4"", PARA ADAPTAR ENTRADA DE ELETRODUTO METALICO FLEXIVEL EM QUADROS",UN,REPRESENTADO,0.4073033,0.4073033,0.4073033,0.4073033,0.4073033,0.4073033,0.4073033,0.4073033,0.4073033,0.4073033,0.4073033,0.4073033,0.4073033,0.4073033,0.4073033,0.4073033,0.4073033,0.4073033,0.4073033,0.4073033,0.4073033,0.4073033,0.4073033,0.4073033,0.4073033,0.4073033,0.4073033,SINAPI_familias_e_coeficientes_2025_06.xlsx,
2559,2483,"CONECTOR RETO DE ALUMINIO PARA ELETRODUTO DE 1"", PARA ADAPTAR ENTRADA DE ELETRODUTO METALICO FLEXIVEL EM QUADROS",UN,REPRESENTADO,0.290028,0.290028,0.290028,0.290028,0.290028,0.290028,0.290028,0.290028,0.290028,0.290028,0.290028,0.290028,0.290028,0.290028,0.290028,0.290028,0.290028,0.290028,0.290028,0.290028,0.290028,0.290028,0.290028,0.290028,0.290028,0.290028,0.290028,SINAPI_familias_e_coeficientes_2025_06.xlsx,
2559,2487,"CONECTOR RETO DE ALUMINIO PARA ELETRODUTO DE 1/2"", PARA ADAPTAR ENTRADA DE ELETRODUTO METALICO FLEXIVEL EM QUADROS",UN,REPRESENTADO,0.1390449,0.1390449,0.1390449,0.1390449,0.1390449,0.1390449,0.1390449,0.1390449,0.1390449,0.1390449,0.1390449,0.1390449,0.1390449,0.1390449,0.1390449,0.1390449,0.1390449,0.1390449,0.1390449,0.1390449,0.1390449,0.1390449,0.1390449,0.1390449,0.1390449,0.1390449,0.1390449,SINAPI_familias_e_coeficientes_2025_06.xlsx,
2559,2528,"CONECTOR RETO DE ALUMINIO PARA ELETRODUTO DE 2 1/2"", PARA ADAPTAR ENTRADA DE ELETRODUTO METALICO FLEXIVEL EM QUADROS",UN,REPRESENTADO,1.5990168,1.5990168,1.5990168,1.5990168,1.5990168,1.5990168,1.5990168,1.5990168,1.5990168,1.5990168,1.5990168,1.5990168,1.5990168,1.5990168,1.5990168,1.5990168,1.5990168,1.5990168,1.5990168,1.5990168,1.5990168,1.5990168,1.5990168,1.5990168,1.5990168,1.5990168,1.5990168,SINAPI_familias_e_coeficientes_2025_06.xlsx,
2559,2489,"CONECTOR RETO DE ALUMINIO PARA ELETRODUTO DE 2"", PARA ADAPTAR ENTRADA DE ELETRODUTO METALICO FLEXIVEL EM QUADROS",UN,REPRESENTADO,0.7043539,0.7043539,0.7043539,0.7043539,0.7043539,0.7043539,0.7043539,0.7043539,0.7043539,0.7043539,0.7043539,0.7043539,0.7043539,0.7043539,0.7043539,0.7043539,0.7043539,0.7043539,0.7043539,0.7043539,0.7043539,0.7043539,0.7043539,0.7043539,0.7043539,0.7043539,0.7043539,SINAPI_familias_e_coeficientes_2025_06.xlsx,
2559,2484,"CONECTOR RETO DE ALUMINIO PARA ELETRODUTO DE 3"", PARA ADAPTAR ENTRADA DE ELETRODUTO METALICO FLEXIVEL EM QUADROS",UN,REPRESENTADO,2.3223314,2.3223314,2.3223314,2.3223314,2.3223314,2.3223314,2.3223314,2.3223314,2.3223314,2.3223314,2.3223314,2.3223314,2.3223314,2.3223314,2.3223314,2.3223314,2.3223314,2.3223314,2.3223314,2.3223314,2.3223314,2.3223314,2.3223314,2.3223314,2.3223314,2.3223314,2.3223314,SINAPI_familias_e_coeficientes_2025_06.xlsx,
2559,2488,"CONECTOR RETO DE ALUMINIO PARA ELETRODUTO DE 3/4"", PARA ADAPTAR ENTRADA DE ELETRODUTO METALICO FLEXIVEL EM QUADROS",UN,REPRESENTADO,0.1629213,0.1629213,0.1629213,0.1629213,0.1629213,0.1629213,0.1629213,0.1629213,0.1629213,0.1629213,0.1629213,0.1629213,0.1629213,0.1629213,0.1629213,0.1629213,0.1629213,0.1629213,0.1629213,0.1629213,0.1629213,0.1629213,0.1629213,0.1629213,0.1629213,0.1629213,0.1629213,SINAPI_familias_e_coeficientes_2025_06.xlsx,
2559,2485,"CONECTOR RETO DE ALUMINIO PARA ELETRODUTO DE 4"", PARA ADAPTAR ENTRADA DE ELETRODUTO METALICO FLEXIVEL EM QUADROS",UN,REPRESENTADO,3.6397471,3.6397471,3.6397471,3.6397471,3.6397471,3.6397471,3.6397471,3.6397471,3.6397471,3.6397471,3.6397471,3.6397471,3.6397471,3.6397471,3.6397471,3.6397471,3.6397471,3.6397471,3.6397471,3.6397471,3.6397471,3.6397471,3.6397471,3.6397471,3.6397471,3.6397471,3.6397471,SINAPI_familias_e_coeficientes_2025_06.xlsx,
2673,2673,"ELETRODUTO DE PVC RIGIDO ROSCAVEL DE 1/2"", SEM LUVA",M,REPRESENTATIVO,1,1,1,1,1,1,1,1,1,1,1,1,1,1,1,1,1,1,1,1,1,1,1,1,1,1,1,SINAPI_familias_e_coeficientes_2025_06.xlsx,
2673,2680,"ELETRODUTO DE PVC RIGIDO ROSCAVEL DE 1 1/2"", SEM LUVA",M,REPRESENTADO,2.8483051,2.8483051,2.8483051,2.8483051,2.8483051,2.8483051,2.8483051,2.8483051,2.8483051,2.8483051,2.8483051,2.8483051,2.8483051,2.8483051,2.8483051,2.8483051,2.8483051,2.8483051,2.8483051,2.8483051,2.8483051,2.8483051,2.8483051,2.8483051,2.8483051,2.8483051,2.8483051,SINAPI_familias_e_coeficientes_2025_06.xlsx,
2673,2684,"ELETRODUTO DE PVC RIGIDO ROSCAVEL DE 1 1/4"", SEM LUVA",M,REPRESENTADO,2.5915254,2.5915254,2.5915254,2.5915254,2.5915254,2.5915254,2.5915254,2.5915254,2.5915254,2.5915254,2.5915254,2.5915254,2.5915254,2.5915254,2.5915254,2.5915254,2.5915254,2.5915254,2.5915254,2.5915254,2.5915254,2.5915254,2.5915254,2.5915254,2.5915254,2.5915254,2.5915254,SINAPI_familias_e_coeficientes_2025_06.xlsx,
2673,2685,"ELETRODUTO DE PVC RIGIDO ROSCAVEL DE 1"", SEM LUVA",M,REPRESENTADO,1.9466102,1.9466102,1.9466102,1.9466102,1.9466102,1.9466102,1.9466102,1.9466102,1.9466102,1.9466102,1.9466102,1.9466102,1.9466102,1.9466102,1.9466102,1.9466102,1.9466102,1.9466102,1.9466102,1.9466102,1.9466102,1.9466102,1.9466102,1.9466102,1.9466102,1.9466102,1.9466102,SINAPI_familias_e_coeficientes_2025_06.xlsx,
2673,2682,"ELETRODUTO DE PVC RIGIDO ROSCAVEL DE 2 1/2"", SEM LUVA",M,REPRESENTADO,6.7898305,6.7898305,6.7898305,6.7898305,6.7898305,6.7898305,6.7898305,6.7898305,6.7898305,6.7898305,6.7898305,6.7898305,6.7898305,6.7898305,6.7898305,6.7898305,6.7898305,6.7898305,6.7898305,6.7898305,6.7898305,6.7898305,6.7898305,6.7898305,6.7898305,6.7898305,6.7898305,SINAPI_familias_e_coeficientes_2025_06.xlsx,
2673,2681,"ELETRODUTO DE PVC RIGIDO ROSCAVEL DE 2"", SEM LUVA",M,REPRESENTADO,4.6542373,4.6542373,4.6542373,4.6542373,4.6542373,4.6542373,4.6542373,4.6542373,4.6542373,4.6542373,4.6542373,4.6542373,4.6542373,4.6542373,4.6542373,4.6542373,4.6542373,4.6542373,4.6542373,4.6542373,4.6542373,4.6542373,4.6542373,4.6542373,4.6542373,4.6542373,4.6542373,SINAPI_familias_e_coeficientes_2025_06.xlsx,
2673,2686,"ELETRODUTO DE PVC RIGIDO ROSCAVEL DE 3"", SEM LUVA",M,REPRESENTADO,8.5144068,8.5144068,8.5144068,8.5144068,8.5144068,8.5144068,8.5144068,8.5144068,8.5144068,8.5144068,8.5144068,8.5144068,8.5144068,8.5144068,8.5144068,8.5144068,8.5144068,8.5144068,8.5144068,8.5144068,8.5144068,8.5144068,8.5144068,8.5144068,8.5144068,8.5144068,8.5144068,SINAPI_familias_e_coeficientes_2025_06.xlsx,
2673,2674,"ELETRODUTO DE PVC RIGIDO ROSCAVEL DE 3/4"", SEM LUVA",M,REPRESENTADO,1.2457627,1.2457627,1.2457627,1.2457627,1.2457627,1.2457627,1.2457627,1.2457627,1.2457627,1.2457627,1.2457627,1.2457627,1.2457627,1.2457627,1.2457627,1.2457627,1.2457627,1.2457627,1.2457627,1.2457627,1.2457627,1.2457627,1.2457627,1.2457627,1.2457627,1.2457627,1.2457627,SINAPI_familias_e_coeficientes_2025_06.xlsx,
2673,2683,"ELETRODUTO DE PVC RIGIDO ROSCAVEL DE 4"", SEM LUVA",M,REPRESENTADO,13.4161017,13.4161017,13.4161017,13.4161017,13.4161017,13.4161017,13.4161017,13.4161017,13.4161017,13.4161017,13.4161017,13.4161017,13.4161017,13.4161017,13.4161017,13.4161017,13.4161017,13.4161017,13.4161017,13.4161017,13.4161017,13.4161017,13.4161017,13.4161017,13.4161017,13.4161017,13.4161017,SINAPI_familias_e_coeficientes_2025_06.xlsx,
2673,2676,"ELETRODUTO DE PVC RIGIDO SOLDAVEL, CLASSE B, DE 20 MM",M,REPRESENTADO,0.5822034,0.5822034,0.5822034,0.5822034,0.5822034,0.5822034,0.5822034,0.5822034,0.5822034,0.5822034,0.5822034,0.5822034,0.5822034,0.5822034,0.5822034,0.5822034,0.5822034,0.5822034,0.5822034,0.5822034,0.5822034,0.5822034,0.5822034,0.5822034,0.5822034,0.5822034,0.5822034,SINAPI_familias_e_coeficientes_2025_06.xlsx,
2673,2678,"ELETRODUTO DE PVC RIGIDO SOLDAVEL, CLASSE B, DE 25 MM",M,REPRESENTADO,0.7288136,0.7288136,0.7288136,0.7288136,0.7288136,0.7288136,0.7288136,0.7288136,0.7288136,0.7288136,0.7288136,0.7288136,0.7288136,0.7288136,0.7288136,0.7288136,0.7288136,0.7288136,0.7288136,0.7288136,0.7288136,0.7288136,0.7288136,0.7288136,0.7288136,0.7288136,0.7288136,SINAPI_familias_e_coeficientes_2025_06.xlsx,
2673,2679,"ELETRODUTO DE PVC RIGIDO SOLDAVEL, CLASSE B, DE 32 MM",M,REPRESENTADO,1.1237288,1.1237288,1.1237288,1.1237288,1.1237288,1.1237288,1.1237288,1.1237288,1.1237288,1.1237288,1.1237288,1.1237288,1.1237288,1.1237288,1.1237288,1.1237288,1.1237288,1.1237288,1.1237288,1.1237288,1.1237288,1.1237288,1.1237288,1.1237288,1.1237288,1.1237288,1.1237288,SINAPI_familias_e_coeficientes_2025_06.xlsx,
2673,12070,"ELETRODUTO DE PVC RIGIDO SOLDAVEL, CLASSE B, DE 40 MM",M,REPRESENTADO,1.5635593,1.5635593,1.5635593,1.5635593,1.5635593,1.5635593,1.5635593,1.5635593,1.5635593,1.5635593,1.5635593,1.5635593,1.5635593,1.5635593,1.5635593,1.5635593,1.5635593,1.5635593,1.5635593,1.5635593,1.5635593,1.5635593,1.5635593,1.5635593,1.5635593,1.5635593,1.5635593,SINAPI_familias_e_coeficientes_2025_06.xlsx,
2673,2675,"ELETRODUTO DE PVC RIGIDO SOLDAVEL, CLASSE B, DE 50 MM",M,REPRESENTADO,2.0322034,2.0322034,2.0322034,2.0322034,2.0322034,2.0322034,2.0322034,2.0322034,2.0322034,2.0322034,2.0322034,2.0322034,2.0322034,2.0322034,2.0322034,2.0322034,2.0322034,2.0322034,2.0322034,2.0322034,2.0322034,2.0322034,2.0322034,2.0322034,2.0322034,2.0322034,2.0322034,SINAPI_familias_e_coeficientes_2025_06.xlsx,
2673,12067,"ELETRODUTO DE PVC RIGIDO SOLDAVEL, CLASSE B, DE 60 MM",M,REPRESENTADO,2.7567797,2.7567797,2.7567797,2.7567797,2.7567797,2.7567797,2.7567797,2.7567797,2.7567797,2.7567797,2.7567797,2.7567797,2.7567797,2.7567797,2.7567797,2.7567797,2.7567797,2.7567797,2.7567797,2.7567797,2.7567797,2.7567797,2.7567797,2.7567797,2.7567797,2.7567797,2.7567797,SINAPI_familias_e_coeficientes_2025_06.xlsx,
2673,2687,"ELETRODUTO PVC FLEXIVEL CORRUGADO, COR AMARELA, DE 16 MM",M,REPRESENTADO,0.5084797,0.5084797,0.5084797,0.5084797,0.5084797,0.5084797,0.5084797,0.5084797,0.5084797,0.5084797,0.5084797,0.5084797,0.5084797,0.5084797,0.5084797,0.5084797,0.5084797,0.5084797,0.5084797,0.5084797,0.5084797,0.5084797,0.5084797,0.5084797,0.5084797,0.5084797,0.5084797,SINAPI_familias_e_coeficientes_2025_06.xlsx,
2673,2689,"ELETRODUTO PVC FLEXIVEL CORRUGADO, COR AMARELA, DE 20 MM",M,REPRESENTADO,0.6050908,0.6050908,0.6050908,0.6050908,0.6050908,0.6050908,0.6050908,0.6050908,0.6050908,0.6050908,0.6050908,0.6050908,0.6050908,0.6050908,0.6050908,0.6050908,0.6050908,0.6050908,0.6050908,0.6050908,0.6050908,0.6050908,0.6050908,0.6050908,0.6050908,0.6050908,0.6050908,SINAPI_familias_e_coeficientes_2025_06.xlsx,
2673,2688,"ELETRODUTO PVC FLEXIVEL CORRUGADO, COR AMARELA, DE 25 MM",M,REPRESENTADO,0.6554303,0.6554303,0.6554303,0.6554303,0.6554303,0.6554303,0.6554303,0.6554303,0.6554303,0.6554303,0.6554303,0.6554303,0.6554303,0.6554303,0.6554303,0.6554303,0.6554303,0.6554303,0.6554303,0.6554303,0.6554303,0.6554303,0.6554303,0.6554303,0.6554303,0.6554303,0.6554303,SINAPI_familias_e_coeficientes_2025_06.xlsx,
2673,2690,"ELETRODUTO PVC FLEXIVEL CORRUGADO, COR AMARELA, DE 32 MM",M,REPRESENTADO,1.1211977,1.1211977,1.1211977,1.1211977,1.1211977,1.1211977,1.1211977,1.1211977,1.1211977,1.1211977,1.1211977,1.1211977,1.1211977,1.1211977,1.1211977,1.1211977,1.1211977,1.1211977,1.1211977,1.1211977,1.1211977,1.1211977,1.1211977,1.1211977,1.1211977,1.1211977,1.1211977,SINAPI_familias_e_coeficientes_2025_06.xlsx,
2673,39243,"ELETRODUTO PVC FLEXIVEL CORRUGADO, REFORCADO, COR LARANJA, DE 20 MM, PARA LAJES E PISOS",M,REPRESENTADO,0.739126,0.739126,0.739126,0.739126,0.739126,0.739126,0.739126,0.739126,0.739126,0.739126,0.739126,0.739126,0.739126,0.739126,0.739126,0.739126,0.739126,0.739126,0.739126,0.739126,0.739126,0.739126,0.739126,0.739126,0.739126,0.739126,0.739126,SINAPI_familias_e_coeficientes_2025_06.xlsx,
2673,39244,"ELETRODUTO PVC FLEXIVEL CORRUGADO, REFORCADO, COR LARANJA, DE 25 MM, PARA LAJES E PISOS",M,REPRESENTADO,0.9986541,0.9986541,0.9986541,0.9986541,0.9986541,0.9986541,0.9986541,0.9986541,0.9986541,0.9986541,0.9986541,0.9986541,0.9986541,0.9986541,0.9986541,0.9986541,0.9986541,0.9986541,0.9986541,0.9986541,0.9986541,0.9986541,0.9986541,0.9986541,0.9986541,0.9986541,0.9986541,SINAPI_familias_e_coeficientes_2025_06.xlsx,
2673,39245,"ELETRODUTO PVC FLEXIVEL CORRUGADO, REFORCADO, COR LARANJA, DE 32 MM, PARA LAJES E PISOS",M,REPRESENTADO,1.9210362,1.9210362,1.9210362,1.9210362,1.9210362,1.9210362,1.9210362,1.9210362,1.9210362,1.9210362,1.9210362,1.9210362,1.9210362,1.9210362,1.9210362,1.9210362,1.9210362,1.9210362,1.9210362,1.9210362,1.9210362,1.9210362,1.9210362,1.9210362,1.9210362,1.9210362,1.9210362,SINAPI_familias_e_coeficientes_2025_06.xlsx,
2673,39255,"ELETRODUTO/CONDULETE DE PVC RIGIDO, LISO, COR CINZA, DE 1"", PARA INSTALACOES APARENTES (NBR 5410)",M,REPRESENTADO,5.3152542,5.3152542,5.3152542,5.3152542,5.3152542,5.3152542,5.3152542,5.3152542,5.3152542,5.3152542,5.3152542,5.3152542,5.3152542,5.3152542,5.3152542,5.3152542,5.3152542,5.3152542,5.3152542,5.3152542,5.3152542,5.3152542,5.3152542,5.3152542,5.3152542,5.3152542,5.3152542,SINAPI_familias_e_coeficientes_2025_06.xlsx,
2673,39254,"ELETRODUTO/CONDULETE DE PVC RIGIDO, LISO, COR CINZA, DE 1/2"", PARA INSTALACOES APARENTES (NBR 5410)",M,REPRESENTADO,2.8728814,2.8728814,2.8728814,2.8728814,2.8728814,2.8728814,2.8728814,2.8728814,2.8728814,2.8728814,2.8728814,2.8728814,2.8728814,2.8728814,2.8728814,2.8728814,2.8728814,2.8728814,2.8728814,2.8728814,2.8728814,2.8728814,2.8728814,2.8728814,2.8728814,2.8728814,2.8728814,SINAPI_familias_e_coeficientes_2025_06.xlsx,
2673,39253,"ELETRODUTO/CONDULETE DE PVC RIGIDO, LISO, COR CINZA, DE 3/4"", PARA INSTALACOES APARENTES (NBR 5410)",M,REPRESENTADO,3.6610169,3.6610169,3.6610169,3.6610169,3.6610169,3.6610169,3.6610169,3.6610169,3.6610169,3.6610169,3.6610169,3.6610169,3.6610169,3.6610169,3.6610169,3.6610169,3.6610169,3.6610169,3.6610169,3.6610169,3.6610169,3.6610169,3.6610169,3.6610169,3.6610169,3.6610169,3.6610169,SINAPI_familias_e_coeficientes_2025_06.xlsx,
2696,2696,ENCANADOR OU BOMBEIRO HIDRAULICO (HORISTA),H,REPRESENTATIVO,1,1,1,1,1,1,1,1,1,1,1,1,1,1,1,1,1,1,1,1,1,1,1,1,1,1,1,SINAPI_familias_e_coeficientes_2025_06.xlsx,
2696,40928,ENCANADOR OU BOMBEIRO HIDRAULICO (MENSALISTA),MES,REPRESENTADO,220,220,220,220,220,220,220,220,220,220,220,220,220,220,220,220,220,220,220,220,220,220,220,220,220,220,220,SINAPI_familias_e_coeficientes_2025_06.xlsx,
2706,2706,ENGENHEIRO CIVIL DE OBRA JUNIOR (HORISTA),H,REPRESENTATIVO,1,1,1,1,1,1,1,1,1,1,1,1,1,1,1,1,1,1,1,1,1,1,1,1,1,1,1,SINAPI_familias_e_coeficientes_2025_06.xlsx,
2706,33939,ARQUITETO JUNIOR (HORISTA),H,REPRESENTADO,0.9815182,0.9815182,0.9815182,0.9815182,0.9815182,0.9815182,0.9955535,0.8977609,0.9815182,0.9815182,0.9687906,0.9815182,0.9815182,0.9815182,0.9815182,0.9815182,0.9815182,0.9815182,0.9444444,0.9815182,0.9815182,0.9815182,0.9815182,0.9815182,0.9815182,0.9687906,0.9815182,SINAPI_familias_e_coeficientes_2025_06.xlsx,
2706,40815,ARQUITETO JUNIOR (MENSALISTA),MES,REPRESENTADO,215.9339934,215.9339934,215.9339934,215.9339934,215.9339934,215.9339934,219.0217646,197.5073933,215.9339934,215.9339934,213.1339402,215.9339934,215.9339934,215.9339934,215.9339934,215.9339934,215.9339934,215.9339934,207.7777778,215.9339934,215.9339934,215.9339934,215.9339934,215.9339934,215.9339934,213.1339402,215.9339934,SINAPI_familias_e_coeficientes_2025_06.xlsx,
2706,33952,ARQUITETO PLENO (HORISTA),H,REPRESENTADO,1.039824,1.039824,1.039824,1.039824,1.039824,1.039824,1.039824,1.0221066,1.039824,1.039824,1.0221066,1.039824,1.039824,1.039824,1.039824,1.039824,1.039824,1.039824,1.0221066,1.039824,1.039824,1.039824,1.039824,1.039824,1.039824,1.0221066,1.039824,SINAPI_familias_e_coeficientes_2025_06.xlsx,
2706,40816,ARQUITETO PLENO (MENSALISTA),MES,REPRESENTADO,228.7612761,228.7612761,228.7612761,228.7612761,228.7612761,228.7612761,228.7612761,224.863459,228.7612761,228.7612761,224.863459,228.7612761,228.7612761,228.7612761,228.7612761,228.7612761,228.7612761,228.7612761,224.863459,228.7612761,228.7612761,228.7612761,228.7612761,228.7612761,228.7612761,224.863459,228.7612761,SINAPI_familias_e_coeficientes_2025_06.xlsx,
2706,33953,ARQUITETO SENIOR (HORISTA),H,REPRESENTADO,1.089769,1.089769,1.089769,1.089769,1.089769,1.089769,1.089769,1.0543997,1.089769,1.089769,1.0543997,1.089769,1.089769,1.089769,1.089769,1.089769,1.089769,1.089769,1.0302222,1.089769,1.089769,1.089769,1.089769,1.089769,1.089769,1.092711,1.089769,SINAPI_familias_e_coeficientes_2025_06.xlsx,
2706,40817,ARQUITETO SENIOR (MENSALISTA),MES,REPRESENTADO,239.7491749,239.7491749,239.7491749,239.7491749,239.7491749,239.7491749,239.7491749,231.9679237,239.7491749,239.7491749,231.9679237,239.7491749,239.7491749,239.7491749,239.7491749,239.7491749,239.7491749,239.7491749,226.6488889,239.7491749,239.7491749,239.7491749,239.7491749,239.7491749,239.7491749,240.3964194,239.7491749,SINAPI_familias_e_coeficientes_2025_06.xlsx,
2706,532,AUXILIAR TECNICO / ASSISTENTE DE ENGENHARIA (HORISTA),H,REPRESENTADO,0.1548238,0.2433443,0.2408889,0.2138824,0.352,0.2358335,0.2759186,0.3629066,0.2431111,0.2432007,0.2952381,0.2042707,0.2205255,0.2187019,0.2120357,0.2302026,0.1924842,0.3539182,0.2846667,0.2624444,0.1394197,0.2197778,0.2691318,0.2629428,0.2138824,0.2907076,0.202,SINAPI_familias_e_coeficientes_2025_06.xlsx,
2706,40931,AUXILIAR TECNICO / ASSISTENTE DE ENGENHARIA (MENSALISTA),MES,REPRESENTADO,34.0612363,53.5357536,52.9955556,47.0541176,77.44,51.8833764,60.7020828,79.8394592,53.4844444,53.5041582,64.952381,44.9395649,48.5156075,48.1144114,46.6478608,50.6445672,42.3465152,77.8620102,62.6266667,57.7377778,30.6723284,48.3511111,59.2089867,57.8474114,47.0541176,63.9556692,44.44,SINAPI_familias_e_coeficientes_2025_06.xlsx,
2706,40811,ENGENHEIRO CIVIL DE OBRA JUNIOR (MENSALISTA),MES,REPRESENTADO,220,220,220,220,220,220,220,220,220,220,220,220,220,220,220,220,220,220,220,220,220,220,220,220,220,220,220,SINAPI_familias_e_coeficientes_2025_06.xlsx,
2706,2707,ENGENHEIRO CIVIL DE OBRA PLENO (HORISTA),H,REPRESENTADO,1.049725,1.049725,1.049725,1.049725,1.0351111,1.0879379,1.1834777,1.0743557,1.0557778,1.002,1.0344603,1.0557778,1.0557778,1.049725,1.049725,1.049725,1.002,1.1156303,1.1131111,1.2197778,1.049725,1.049725,1.0540604,1.1284444,1.049725,1.0172634,1.049725,SINAPI_familias_e_coeficientes_2025_06.xlsx,
2706,40813,ENGENHEIRO CIVIL DE OBRA PLENO (MENSALISTA),MES,REPRESENTADO,230.9394939,230.9394939,230.9394939,230.9394939,227.7244444,239.3463438,260.3650831,236.3582594,232.2711111,220.44,227.5812744,232.2711111,232.2711111,230.9394939,230.9394939,230.9394939,220.44,245.4386712,244.8844444,268.3511111,230.9394939,230.9394939,231.8932834,248.2577778,230.9394939,223.797954,230.9394939,SINAPI_familias_e_coeficientes_2025_06.xlsx,
2706,2708,ENGENHEIRO CIVIL DE OBRA SENIOR (HORISTA),H,REPRESENTADO,1.2532453,1.2532453,1.0782222,1.2532453,1.1442222,1.2699271,1.6651065,1.2562315,1.2591111,1.3528883,1.2941049,1.2591111,1.2591111,1.2532453,1.2532453,1.2532453,1.1797778,1.2323254,1.242,1.3077778,1.2532453,1.2532453,1.1600749,1.1441871,1.2532453,1.4249787,1.2532453,SINAPI_familias_e_coeficientes_2025_06.xlsx,
2706,40814,ENGENHEIRO CIVIL DE OBRA SENIOR (MENSALISTA),MES,REPRESENTADO,275.7139714,275.7139714,237.2088889,275.7139714,251.7288889,279.3839643,366.3234262,276.3709337,277.0044444,297.6354237,284.7030776,277.0044444,277.0044444,275.7139714,275.7139714,275.7139714,259.5511111,271.1115843,273.24,287.7111111,275.7139714,275.7139714,255.2164755,251.7211626,275.7139714,313.4953112,275.7139714,SINAPI_familias_e_coeficientes_2025_06.xlsx,
2711,2711,"CARRINHO DE MAO, EM ACO, COM CAPACIDADE DE *45 A 65* L / *100* KG, PNEU COM CAMARA",UN,REPRESENTATIVO,1,1,1,1,1,1,1,1,1,1,1,1,1,1,1,1,1,1,1,1,1,1,1,1,1,1,1,SINAPI_familias_e_coeficientes_2025_06.xlsx,
2711,45250,"ALICATE BICO LONGO (MEIA CANA) 6"", COM ISOLAMENTO ATE 1000 V",UN,REPRESENTADO,0.1707582,0.1707582,0.1707582,0.1707582,0.1707582,0.1707582,0.1707582,0.1707582,0.1707582,0.1707582,0.1707582,0.1707582,0.1707582,0.1707582,0.1707582,0.1707582,0.1707582,0.1707582,0.1707582,0.1707582,0.1707582,0.1707582,0.1707582,0.1707582,0.1707582,0.1707582,0.1707582,SINAPI_familias_e_coeficientes_2025_06.xlsx,
2711,38470,"ALICATE DE CORTE DIAGONAL 6"" COM ISOLAMENTO",UN,REPRESENTADO,0.1748086,0.1748086,0.1748086,0.1748086,0.1748086,0.1748086,0.1748086,0.1748086,0.1748086,0.1748086,0.1748086,0.1748086,0.1748086,0.1748086,0.1748086,0.1748086,0.1748086,0.1748086,0.1748086,0.1748086,0.1748086,0.1748086,0.1748086,0.1748086,0.1748086,0.1748086,0.1748086,SINAPI_familias_e_coeficientes_2025_06.xlsx,
2711,38547,"ALICATE DE CRIMPAR RJ11, RJ12 E RJ45, COM CATRACA",UN,REPRESENTADO,1.1603606,1.1603606,1.1603606,1.1603606,1.1603606,1.1603606,1.1603606,1.1603606,1.1603606,1.1603606,1.1603606,1.1603606,1.1603606,1.1603606,1.1603606,1.1603606,1.1603606,1.1603606,1.1603606,1.1603606,1.1603606,1.1603606,1.1603606,1.1603606,1.1603606,1.1603606,1.1603606,SINAPI_familias_e_coeficientes_2025_06.xlsx,
2711,38469,"ALICATE DE PRESSAO PARA SOLDA DE CHAPA 18""",UN,REPRESENTADO,1.1079526,1.1079526,1.1079526,1.1079526,1.1079526,1.1079526,1.1079526,1.1079526,1.1079526,1.1079526,1.1079526,1.1079526,1.1079526,1.1079526,1.1079526,1.1079526,1.1079526,1.1079526,1.1079526,1.1079526,1.1079526,1.1079526,1.1079526,1.1079526,1.1079526,1.1079526,1.1079526,SINAPI_familias_e_coeficientes_2025_06.xlsx,
2711,45197,"ALICATE DESENCAPADOR AUTOMATICO 8""",UN,REPRESENTADO,0.8836256,0.8836256,0.8836256,0.8836256,0.8836256,0.8836256,0.8836256,0.8836256,0.8836256,0.8836256,0.8836256,0.8836256,0.8836256,0.8836256,0.8836256,0.8836256,0.8836256,0.8836256,0.8836256,0.8836256,0.8836256,0.8836256,0.8836256,0.8836256,0.8836256,0.8836256,0.8836256,SINAPI_familias_e_coeficientes_2025_06.xlsx,
2711,38471,"ALICATE PARA ANEIS DE PISTAO, CAPACIDADE *50* A 100 MM",UN,REPRESENTADO,1.1849839,1.1849839,1.1849839,1.1849839,1.1849839,1.1849839,1.1849839,1.1849839,1.1849839,1.1849839,1.1849839,1.1849839,1.1849839,1.1849839,1.1849839,1.1849839,1.1849839,1.1849839,1.1849839,1.1849839,1.1849839,1.1849839,1.1849839,1.1849839,1.1849839,1.1849839,1.1849839,SINAPI_familias_e_coeficientes_2025_06.xlsx,
2711,45206,"ALICATE PROFISSIONAL 8"", UNIVERSAL, COM ISOLAMENTO ATE 1000 V",UN,REPRESENTADO,0.2341319,0.2341319,0.2341319,0.2341319,0.2341319,0.2341319,0.2341319,0.2341319,0.2341319,0.2341319,0.2341319,0.2341319,0.2341319,0.2341319,0.2341319,0.2341319,0.2341319,0.2341319,0.2341319,0.2341319,0.2341319,0.2341319,0.2341319,0.2341319,0.2341319,0.2341319,0.2341319,SINAPI_familias_e_coeficientes_2025_06.xlsx,
2711,45245,"ARCO DE SERRA REGULAVEL PARA LAMINAS DE 8"" A 12""",UN,REPRESENTADO,0.1877501,0.1877501,0.1877501,0.1877501,0.1877501,0.1877501,0.1877501,0.1877501,0.1877501,0.1877501,0.1877501,0.1877501,0.1877501,0.1877501,0.1877501,0.1877501,0.1877501,0.1877501,0.1877501,0.1877501,0.1877501,0.1877501,0.1877501,0.1877501,0.1877501,0.1877501,0.1877501,SINAPI_familias_e_coeficientes_2025_06.xlsx,
2711,45195,"BALANCIM INDIVIDUAL, TIPO CADEIRA SUSPENSA SOBE E DESCE",UN,REPRESENTADO,22.2727587,22.2727587,22.2727587,22.2727587,22.2727587,22.2727587,22.2727587,22.2727587,22.2727587,22.2727587,22.2727587,22.2727587,22.2727587,22.2727587,22.2727587,22.2727587,22.2727587,22.2727587,22.2727587,22.2727587,22.2727587,22.2727587,22.2727587,22.2727587,22.2727587,22.2727587,22.2727587,SINAPI_familias_e_coeficientes_2025_06.xlsx,
2711,38399,BOLSA DE LONA PARA FERRAMENTAS *50 X 35 X 25* CM,UN,REPRESENTADO,0.8688565,0.8688565,0.8688565,0.8688565,0.8688565,0.8688565,0.8688565,0.8688565,0.8688565,0.8688565,0.8688565,0.8688565,0.8688565,0.8688565,0.8688565,0.8688565,0.8688565,0.8688565,0.8688565,0.8688565,0.8688565,0.8688565,0.8688565,0.8688565,0.8688565,0.8688565,0.8688565,SINAPI_familias_e_coeficientes_2025_06.xlsx,
2711,45235,"CARRINHO PLATAFORMA EM MADEIRA COM ESTRUTURA EM ACO, 1500 X 800 MM, COM CAPACIDADE DE 600 KG, 4 RODAS/PNEUS/CAMARAS",UN,REPRESENTADO,6.442776,6.442776,6.442776,6.442776,6.442776,6.442776,6.442776,6.442776,6.442776,6.442776,6.442776,6.442776,6.442776,6.442776,6.442776,6.442776,6.442776,6.442776,6.442776,6.442776,6.442776,6.442776,6.442776,6.442776,6.442776,6.442776,6.442776,SINAPI_familias_e_coeficientes_2025_06.xlsx,
2711,45194,"CAVALETE DE FERRO DOBRAVEL, ALTURA 80 CM",UN,REPRESENTADO,0.9380094,0.9380094,0.9380094,0.9380094,0.9380094,0.9380094,0.9380094,0.9380094,0.9380094,0.9380094,0.9380094,0.9380094,0.9380094,0.9380094,0.9380094,0.9380094,0.9380094,0.9380094,0.9380094,0.9380094,0.9380094,0.9380094,0.9380094,0.9380094,0.9380094,0.9380094,0.9380094,SINAPI_familias_e_coeficientes_2025_06.xlsx,
2711,45248,"CHAVE AJUSTAVEL (INGLESA) 10""",UN,REPRESENTADO,0.3156335,0.3156335,0.3156335,0.3156335,0.3156335,0.3156335,0.3156335,0.3156335,0.3156335,0.3156335,0.3156335,0.3156335,0.3156335,0.3156335,0.3156335,0.3156335,0.3156335,0.3156335,0.3156335,0.3156335,0.3156335,0.3156335,0.3156335,0.3156335,0.3156335,0.3156335,0.3156335,SINAPI_familias_e_coeficientes_2025_06.xlsx,
2711,45243,"CHAVE AJUSTAVEL (INGLESA) 15""",UN,REPRESENTADO,1.0205977,1.0205977,1.0205977,1.0205977,1.0205977,1.0205977,1.0205977,1.0205977,1.0205977,1.0205977,1.0205977,1.0205977,1.0205977,1.0205977,1.0205977,1.0205977,1.0205977,1.0205977,1.0205977,1.0205977,1.0205977,1.0205977,1.0205977,1.0205977,1.0205977,1.0205977,1.0205977,SINAPI_familias_e_coeficientes_2025_06.xlsx,
2711,45252,"CHAVE AJUSTAVEL (INGLESA) 6""",UN,REPRESENTADO,0.1790319,0.1790319,0.1790319,0.1790319,0.1790319,0.1790319,0.1790319,0.1790319,0.1790319,0.1790319,0.1790319,0.1790319,0.1790319,0.1790319,0.1790319,0.1790319,0.1790319,0.1790319,0.1790319,0.1790319,0.1790319,0.1790319,0.1790319,0.1790319,0.1790319,0.1790319,0.1790319,SINAPI_familias_e_coeficientes_2025_06.xlsx,
2711,45246,"CHAVE DE GRIFO DE 24""",UN,REPRESENTADO,0.8295382,0.8295382,0.8295382,0.8295382,0.8295382,0.8295382,0.8295382,0.8295382,0.8295382,0.8295382,0.8295382,0.8295382,0.8295382,0.8295382,0.8295382,0.8295382,0.8295382,0.8295382,0.8295382,0.8295382,0.8295382,0.8295382,0.8295382,0.8295382,0.8295382,0.8295382,0.8295382,SINAPI_familias_e_coeficientes_2025_06.xlsx,
2711,45247,CHAVE FIXA 19 X 22 MM,UN,REPRESENTADO,0.120326,0.120326,0.120326,0.120326,0.120326,0.120326,0.120326,0.120326,0.120326,0.120326,0.120326,0.120326,0.120326,0.120326,0.120326,0.120326,0.120326,0.120326,0.120326,0.120326,0.120326,0.120326,0.120326,0.120326,0.120326,0.120326,0.120326,SINAPI_familias_e_coeficientes_2025_06.xlsx,
2711,45237,"COLHER DE PEDREIRO 9"", EM ACO, COM CANTOS REDONDOS E CABO DE MADEIRA OU PLASTICO",UN,REPRESENTADO,0.0960237,0.0960237,0.0960237,0.0960237,0.0960237,0.0960237,0.0960237,0.0960237,0.0960237,0.0960237,0.0960237,0.0960237,0.0960237,0.0960237,0.0960237,0.0960237,0.0960237,0.0960237,0.0960237,0.0960237,0.0960237,0.0960237,0.0960237,0.0960237,0.0960237,0.0960237,0.0960237,SINAPI_familias_e_coeficientes_2025_06.xlsx,
2711,45244,CORTA-TUBOS COM CAPACIDADE DE 6 A 42 MM,UN,REPRESENTADO,0.4738948,0.4738948,0.4738948,0.4738948,0.4738948,0.4738948,0.4738948,0.4738948,0.4738948,0.4738948,0.4738948,0.4738948,0.4738948,0.4738948,0.4738948,0.4738948,0.4738948,0.4738948,0.4738948,0.4738948,0.4738948,0.4738948,0.4738948,0.4738948,0.4738948,0.4738948,0.4738948,SINAPI_familias_e_coeficientes_2025_06.xlsx,
2711,38369,"DESEMPENADEIRA DE ACO DENTADA 12 X *25* CM, DENTES 8 X 8 MM, CABO FECHADO DE MADEIRA",UN,REPRESENTADO,0.0933564,0.0933564,0.0933564,0.0933564,0.0933564,0.0933564,0.0933564,0.0933564,0.0933564,0.0933564,0.0933564,0.0933564,0.0933564,0.0933564,0.0933564,0.0933564,0.0933564,0.0933564,0.0933564,0.0933564,0.0933564,0.0933564,0.0933564,0.0933564,0.0933564,0.0933564,0.0933564,SINAPI_familias_e_coeficientes_2025_06.xlsx,
2711,38370,DESEMPENADEIRA DE ACO LISA 12 X *25* CM COM CABO FECHADO DE MADEIRA,UN,REPRESENTADO,0.0629785,0.0629785,0.0629785,0.0629785,0.0629785,0.0629785,0.0629785,0.0629785,0.0629785,0.0629785,0.0629785,0.0629785,0.0629785,0.0629785,0.0629785,0.0629785,0.0629785,0.0629785,0.0629785,0.0629785,0.0629785,0.0629785,0.0629785,0.0629785,0.0629785,0.0629785,0.0629785,SINAPI_familias_e_coeficientes_2025_06.xlsx,
2711,44532,"DISCO DE BORRACHA PARA LIXADEIRA RIGIDO 7"" COM ARRUELA CENTRAL",UN,REPRESENTADO,0.095752,0.095752,0.095752,0.095752,0.095752,0.095752,0.095752,0.095752,0.095752,0.095752,0.095752,0.095752,0.095752,0.095752,0.095752,0.095752,0.095752,0.095752,0.095752,0.095752,0.095752,0.095752,0.095752,0.095752,0.095752,0.095752,0.095752,SINAPI_familias_e_coeficientes_2025_06.xlsx,
2711,44531,"DISCO DE CORTE DIAMANTADO SEGMENTADO DIAMETRO DE 180 MM PARA ESMERILHADEIRA 7""",UN,REPRESENTADO,0.3282045,0.3282045,0.3282045,0.3282045,0.3282045,0.3282045,0.3282045,0.3282045,0.3282045,0.3282045,0.3282045,0.3282045,0.3282045,0.3282045,0.3282045,0.3282045,0.3282045,0.3282045,0.3282045,0.3282045,0.3282045,0.3282045,0.3282045,0.3282045,0.3282045,0.3282045,0.3282045,SINAPI_familias_e_coeficientes_2025_06.xlsx,
2711,13887,"DISCO DE CORTE DIAMANTADO SEGMENTADO PARA CONCRETO/ASFALTO, DIAMETRO DE *350* MM, FURO DE 25,40 MM",UN,REPRESENTADO,1.429711,1.429711,1.429711,1.429711,1.429711,1.429711,1.429711,1.429711,1.429711,1.429711,1.429711,1.429711,1.429711,1.429711,1.429711,1.429711,1.429711,1.429711,1.429711,1.429711,1.429711,1.429711,1.429711,1.429711,1.429711,1.429711,1.429711,SINAPI_familias_e_coeficientes_2025_06.xlsx,
2711,38140,"DISCO DE CORTE DIAMANTADO SEGMENTADO, DIAMETRO DE *110* MM, FURO DE 20 MM",UN,REPRESENTADO,0.1171153,0.1171153,0.1171153,0.1171153,0.1171153,0.1171153,0.1171153,0.1171153,0.1171153,0.1171153,0.1171153,0.1171153,0.1171153,0.1171153,0.1171153,0.1171153,0.1171153,0.1171153,0.1171153,0.1171153,0.1171153,0.1171153,0.1171153,0.1171153,0.1171153,0.1171153,0.1171153,SINAPI_familias_e_coeficientes_2025_06.xlsx,
2711,44495,"DISCO DE CORTE PARA METAL COM DUAS TELAS 12 X 1/8 X 3/4"" (300 X 3,2 X 19,05 MM)",UN,REPRESENTADO,0.123833,0.123833,0.123833,0.123833,0.123833,0.123833,0.123833,0.123833,0.123833,0.123833,0.123833,0.123833,0.123833,0.123833,0.123833,0.123833,0.123833,0.123833,0.123833,0.123833,0.123833,0.123833,0.123833,0.123833,0.123833,0.123833,0.123833,SINAPI_familias_e_coeficientes_2025_06.xlsx,
2711,44533,"DISCO DE DESBASTE PARA METAL FERROSO EM GERAL, COM TRES TELAS, 9 X 1/4 X 7/8"" (228,6 X 6,4 X 22,2 MM)",UN,REPRESENTADO,0.125636,0.125636,0.125636,0.125636,0.125636,0.125636,0.125636,0.125636,0.125636,0.125636,0.125636,0.125636,0.125636,0.125636,0.125636,0.125636,0.125636,0.125636,0.125636,0.125636,0.125636,0.125636,0.125636,0.125636,0.125636,0.125636,0.125636,SINAPI_familias_e_coeficientes_2025_06.xlsx,
2711,44534,"DISCO DE LIXA PARA METAL, DIAMETRO = 180 MM, GRAO 120",UN,REPRESENTADO,0.0246481,0.0246481,0.0246481,0.0246481,0.0246481,0.0246481,0.0246481,0.0246481,0.0246481,0.0246481,0.0246481,0.0246481,0.0246481,0.0246481,0.0246481,0.0246481,0.0246481,0.0246481,0.0246481,0.0246481,0.0246481,0.0246481,0.0246481,0.0246481,0.0246481,0.0246481,0.0246481,SINAPI_familias_e_coeficientes_2025_06.xlsx,
2711,38403,"ENXADA ESTREITA, EM ACO, *25 X 23* CM, COM CABO DE MADEIRA DE *150* CM",UN,REPRESENTADO,0.3210669,0.3210669,0.3210669,0.3210669,0.3210669,0.3210669,0.3210669,0.3210669,0.3210669,0.3210669,0.3210669,0.3210669,0.3210669,0.3210669,0.3210669,0.3210669,0.3210669,0.3210669,0.3210669,0.3210669,0.3210669,0.3210669,0.3210669,0.3210669,0.3210669,0.3210669,0.3210669,SINAPI_familias_e_coeficientes_2025_06.xlsx,
2711,38476,"ESCADA DUPLA DE ABRIR EM ALUMINIO, COM SAPATAS DE BORRACHA, *2,30* X *0,57* M (ALTURA UTIL X LARGURA MINIMA), MODELO PINTOR, 8 DEGRAUS, CAPACIDADE *100* KG",UN,REPRESENTADO,1.2287231,1.2287231,1.2287231,1.2287231,1.2287231,1.2287231,1.2287231,1.2287231,1.2287231,1.2287231,1.2287231,1.2287231,1.2287231,1.2287231,1.2287231,1.2287231,1.2287231,1.2287231,1.2287231,1.2287231,1.2287231,1.2287231,1.2287231,1.2287231,1.2287231,1.2287231,1.2287231,SINAPI_familias_e_coeficientes_2025_06.xlsx,
2711,38477,"ESCADA EXTENSIVEL EM ALUMINIO, COM SAPATAS DE BORRACHA, ALTURA FECHADA 3,60 M, ALTURA ESTENDIDA DE 6,0 A 6,30 M, LARGURA MINIMA DE 35 CM, CACIDADE *120* KG",UN,REPRESENTADO,3.258039,3.258039,3.258039,3.258039,3.258039,3.258039,3.258039,3.258039,3.258039,3.258039,3.258039,3.258039,3.258039,3.258039,3.258039,3.258039,3.258039,3.258039,3.258039,3.258039,3.258039,3.258039,3.258039,3.258039,3.258039,3.258039,3.258039,SINAPI_familias_e_coeficientes_2025_06.xlsx,
2711,44538,"ESCOVA CIRCULAR EM ACO LATONADO, 6 X 1"" (DIAMETRO X ESPESSURA), FURO DE 1 1/4"", FIO ONDULADO *0,30* MM",UN,REPRESENTADO,0.2703384,0.2703384,0.2703384,0.2703384,0.2703384,0.2703384,0.2703384,0.2703384,0.2703384,0.2703384,0.2703384,0.2703384,0.2703384,0.2703384,0.2703384,0.2703384,0.2703384,0.2703384,0.2703384,0.2703384,0.2703384,0.2703384,0.2703384,0.2703384,0.2703384,0.2703384,0.2703384,SINAPI_familias_e_coeficientes_2025_06.xlsx,
2711,12,"ESCOVA DE ACO, COM CABO, *4 X 15* FILEIRAS DE CERDAS",UN,REPRESENTADO,0.0340825,0.0340825,0.0340825,0.0340825,0.0340825,0.0340825,0.0340825,0.0340825,0.0340825,0.0340825,0.0340825,0.0340825,0.0340825,0.0340825,0.0340825,0.0340825,0.0340825,0.0340825,0.0340825,0.0340825,0.0340825,0.0340825,0.0340825,0.0340825,0.0340825,0.0340825,0.0340825,SINAPI_familias_e_coeficientes_2025_06.xlsx,
2711,38367,ESPATULA EM ACO INOX COM CABO DE MADEIRA E LARGURA DE *8* CM,UN,REPRESENTADO,0.0608545,0.0608545,0.0608545,0.0608545,0.0608545,0.0608545,0.0608545,0.0608545,0.0608545,0.0608545,0.0608545,0.0608545,0.0608545,0.0608545,0.0608545,0.0608545,0.0608545,0.0608545,0.0608545,0.0608545,0.0608545,0.0608545,0.0608545,0.0608545,0.0608545,0.0608545,0.0608545,SINAPI_familias_e_coeficientes_2025_06.xlsx,
2711,38380,"ESQUADRO DE ACO 12"" (300 MM), CABO DE ALUMINIO",UN,REPRESENTADO,0.1012349,0.1012349,0.1012349,0.1012349,0.1012349,0.1012349,0.1012349,0.1012349,0.1012349,0.1012349,0.1012349,0.1012349,0.1012349,0.1012349,0.1012349,0.1012349,0.1012349,0.1012349,0.1012349,0.1012349,0.1012349,0.1012349,0.1012349,0.1012349,0.1012349,0.1012349,0.1012349,SINAPI_familias_e_coeficientes_2025_06.xlsx,
2711,38384,"ESTILETE DE METAL, LAMINA 18 MM",UN,REPRESENTADO,0.0729069,0.0729069,0.0729069,0.0729069,0.0729069,0.0729069,0.0729069,0.0729069,0.0729069,0.0729069,0.0729069,0.0729069,0.0729069,0.0729069,0.0729069,0.0729069,0.0729069,0.0729069,0.0729069,0.0729069,0.0729069,0.0729069,0.0729069,0.0729069,0.0729069,0.0729069,0.0729069,SINAPI_familias_e_coeficientes_2025_06.xlsx,
2711,45256,"FORMAO CHANFRADO 1"", CABO DE MADEIRA",UN,REPRESENTADO,0.1268708,0.1268708,0.1268708,0.1268708,0.1268708,0.1268708,0.1268708,0.1268708,0.1268708,0.1268708,0.1268708,0.1268708,0.1268708,0.1268708,0.1268708,0.1268708,0.1268708,0.1268708,0.1268708,0.1268708,0.1268708,0.1268708,0.1268708,0.1268708,0.1268708,0.1268708,0.1268708,SINAPI_familias_e_coeficientes_2025_06.xlsx,
2711,45242,"GRAMPO DE APERTO RAPIDO 18""",UN,REPRESENTADO,0.2958755,0.2958755,0.2958755,0.2958755,0.2958755,0.2958755,0.2958755,0.2958755,0.2958755,0.2958755,0.2958755,0.2958755,0.2958755,0.2958755,0.2958755,0.2958755,0.2958755,0.2958755,0.2958755,0.2958755,0.2958755,0.2958755,0.2958755,0.2958755,0.2958755,0.2958755,0.2958755,SINAPI_familias_e_coeficientes_2025_06.xlsx,
2711,45198,"JOGO DE CHAVES ALLEN LONGAS HEXAGONAIS DE 1,5 MM A 10 MM - 9 PECAS",UN,REPRESENTADO,0.2418375,0.2418375,0.2418375,0.2418375,0.2418375,0.2418375,0.2418375,0.2418375,0.2418375,0.2418375,0.2418375,0.2418375,0.2418375,0.2418375,0.2418375,0.2418375,0.2418375,0.2418375,0.2418375,0.2418375,0.2418375,0.2418375,0.2418375,0.2418375,0.2418375,0.2418375,0.2418375,SINAPI_familias_e_coeficientes_2025_06.xlsx,
2711,45196,"JOGO DE CHAVES DE FENDA E PHILLIPS ISOLADAS, 1000 V - *6* PECAS",UN,REPRESENTADO,0.4986169,0.4986169,0.4986169,0.4986169,0.4986169,0.4986169,0.4986169,0.4986169,0.4986169,0.4986169,0.4986169,0.4986169,0.4986169,0.4986169,0.4986169,0.4986169,0.4986169,0.4986169,0.4986169,0.4986169,0.4986169,0.4986169,0.4986169,0.4986169,0.4986169,0.4986169,0.4986169,SINAPI_familias_e_coeficientes_2025_06.xlsx,
2711,45207,"JOGO SERRA COPO COM 6 SERRAS, DIAMETRO VARIANDO DE 15 MM A 60 MM",UN,REPRESENTADO,1.5926896,1.5926896,1.5926896,1.5926896,1.5926896,1.5926896,1.5926896,1.5926896,1.5926896,1.5926896,1.5926896,1.5926896,1.5926896,1.5926896,1.5926896,1.5926896,1.5926896,1.5926896,1.5926896,1.5926896,1.5926896,1.5926896,1.5926896,1.5926896,1.5926896,1.5926896,1.5926896,SINAPI_familias_e_coeficientes_2025_06.xlsx,
2711,38394,"KIT ACESSORIOS PARA COMPRESSOR DE AR, 5 PECAS (PISTOLAS PINTURA, LIMPEZA E PULVERIZACAO, CALIBRADOR E MANGUEIRA)",UN,REPRESENTADO,0.9372438,0.9372438,0.9372438,0.9372438,0.9372438,0.9372438,0.9372438,0.9372438,0.9372438,0.9372438,0.9372438,0.9372438,0.9372438,0.9372438,0.9372438,0.9372438,0.9372438,0.9372438,0.9372438,0.9372438,0.9372438,0.9372438,0.9372438,0.9372438,0.9372438,0.9372438,0.9372438,SINAPI_familias_e_coeficientes_2025_06.xlsx,
2711,45254,"LIMA QUADRADA BASTARDA 8"", COM CABO",UN,REPRESENTADO,0.1501605,0.1501605,0.1501605,0.1501605,0.1501605,0.1501605,0.1501605,0.1501605,0.1501605,0.1501605,0.1501605,0.1501605,0.1501605,0.1501605,0.1501605,0.1501605,0.1501605,0.1501605,0.1501605,0.1501605,0.1501605,0.1501605,0.1501605,0.1501605,0.1501605,0.1501605,0.1501605,SINAPI_familias_e_coeficientes_2025_06.xlsx,
2711,45253,"LIMA REDONDA BASTARDA 8"", COM CABO",UN,REPRESENTADO,0.194616,0.194616,0.194616,0.194616,0.194616,0.194616,0.194616,0.194616,0.194616,0.194616,0.194616,0.194616,0.194616,0.194616,0.194616,0.194616,0.194616,0.194616,0.194616,0.194616,0.194616,0.194616,0.194616,0.194616,0.194616,0.194616,0.194616,SINAPI_familias_e_coeficientes_2025_06.xlsx,
2711,45240,"MARRETA DE ACO, OITAVADA, 500 G, COM CABO DE MADEIRA",UN,REPRESENTADO,0.149716,0.149716,0.149716,0.149716,0.149716,0.149716,0.149716,0.149716,0.149716,0.149716,0.149716,0.149716,0.149716,0.149716,0.149716,0.149716,0.149716,0.149716,0.149716,0.149716,0.149716,0.149716,0.149716,0.149716,0.149716,0.149716,0.149716,SINAPI_familias_e_coeficientes_2025_06.xlsx,
2711,45228,"MARTELO DE BORRACHA PRETO 450 G, CABO DE MADEIRA *60* MM DE DIAMETRO",UN,REPRESENTADO,0.1279328,0.1279328,0.1279328,0.1279328,0.1279328,0.1279328,0.1279328,0.1279328,0.1279328,0.1279328,0.1279328,0.1279328,0.1279328,0.1279328,0.1279328,0.1279328,0.1279328,0.1279328,0.1279328,0.1279328,0.1279328,0.1279328,0.1279328,0.1279328,0.1279328,0.1279328,0.1279328,SINAPI_familias_e_coeficientes_2025_06.xlsx,
2711,45241,"MARTELO DE PEDREIRO, 1 CORTE, EM ACO, *500* G, COMPRIMENTO TOTAL DE *28* CM, COM CABO DE MADEIRA",UN,REPRESENTADO,0.1840948,0.1840948,0.1840948,0.1840948,0.1840948,0.1840948,0.1840948,0.1840948,0.1840948,0.1840948,0.1840948,0.1840948,0.1840948,0.1840948,0.1840948,0.1840948,0.1840948,0.1840948,0.1840948,0.1840948,0.1840948,0.1840948,0.1840948,0.1840948,0.1840948,0.1840948,0.1840948,SINAPI_familias_e_coeficientes_2025_06.xlsx,
2711,38385,"MISTURADOR MANUAL DE TINTAS PARA FURADEIRA, HASTE METALICA *60* CM, COM HELICE (MEXEDOR DE TINTA)",UN,REPRESENTADO,0.1744628,0.1744628,0.1744628,0.1744628,0.1744628,0.1744628,0.1744628,0.1744628,0.1744628,0.1744628,0.1744628,0.1744628,0.1744628,0.1744628,0.1744628,0.1744628,0.1744628,0.1744628,0.1744628,0.1744628,0.1744628,0.1744628,0.1744628,0.1744628,0.1744628,0.1744628,0.1744628,SINAPI_familias_e_coeficientes_2025_06.xlsx,
2711,45201,"NIVEL DE ALUMINIO 350 MM (14""), COM 3 BOLHAS",UN,REPRESENTADO,0.2831563,0.2831563,0.2831563,0.2831563,0.2831563,0.2831563,0.2831563,0.2831563,0.2831563,0.2831563,0.2831563,0.2831563,0.2831563,0.2831563,0.2831563,0.2831563,0.2831563,0.2831563,0.2831563,0.2831563,0.2831563,0.2831563,0.2831563,0.2831563,0.2831563,0.2831563,0.2831563,SINAPI_familias_e_coeficientes_2025_06.xlsx,
2711,45234,PA QUADRADA COM CABO DE MADEIRA EM Y DE 71 CM,UN,REPRESENTADO,0.1925908,0.1925908,0.1925908,0.1925908,0.1925908,0.1925908,0.1925908,0.1925908,0.1925908,0.1925908,0.1925908,0.1925908,0.1925908,0.1925908,0.1925908,0.1925908,0.1925908,0.1925908,0.1925908,0.1925908,0.1925908,0.1925908,0.1925908,0.1925908,0.1925908,0.1925908,0.1925908,SINAPI_familias_e_coeficientes_2025_06.xlsx,
2711,45238,"PONTEIRO DE ACO, LISO, REDONDO, 3/4"" X 10""",UN,REPRESENTADO,0.1143492,0.1143492,0.1143492,0.1143492,0.1143492,0.1143492,0.1143492,0.1143492,0.1143492,0.1143492,0.1143492,0.1143492,0.1143492,0.1143492,0.1143492,0.1143492,0.1143492,0.1143492,0.1143492,0.1143492,0.1143492,0.1143492,0.1143492,0.1143492,0.1143492,0.1143492,0.1143492,SINAPI_familias_e_coeficientes_2025_06.xlsx,
2711,44496,"PONTEIRO PARA MARTELO ROMPEDOR, DIAMETRO = *28* MM, COMPRIMENTO = *520* MM, ENCAIXE SEXTAVADO",UN,REPRESENTADO,0.7818227,0.7818227,0.7818227,0.7818227,0.7818227,0.7818227,0.7818227,0.7818227,0.7818227,0.7818227,0.7818227,0.7818227,0.7818227,0.7818227,0.7818227,0.7818227,0.7818227,0.7818227,0.7818227,0.7818227,0.7818227,0.7818227,0.7818227,0.7818227,0.7818227,0.7818227,0.7818227,SINAPI_familias_e_coeficientes_2025_06.xlsx,
2711,38377,"PRUMO DE CENTRO EM ACO *400* G, COM CORDAO EM NYLON E CALCO GUIA EM ACO OU MADEIRA",UN,REPRESENTADO,0.1392937,0.1392937,0.1392937,0.1392937,0.1392937,0.1392937,0.1392937,0.1392937,0.1392937,0.1392937,0.1392937,0.1392937,0.1392937,0.1392937,0.1392937,0.1392937,0.1392937,0.1392937,0.1392937,0.1392937,0.1392937,0.1392937,0.1392937,0.1392937,0.1392937,0.1392937,0.1392937,SINAPI_familias_e_coeficientes_2025_06.xlsx,
2711,38376,"PRUMO DE PAREDE EM ACO 700 A 750 G, COM CORDAO EM NYLON E TACO",UN,REPRESENTADO,0.1611015,0.1611015,0.1611015,0.1611015,0.1611015,0.1611015,0.1611015,0.1611015,0.1611015,0.1611015,0.1611015,0.1611015,0.1611015,0.1611015,0.1611015,0.1611015,0.1611015,0.1611015,0.1611015,0.1611015,0.1611015,0.1611015,0.1611015,0.1611015,0.1611015,0.1611015,0.1611015,SINAPI_familias_e_coeficientes_2025_06.xlsx,
2711,44530,"REBOLO ABRASIVO RETO DE USO GERAL GRAO 36, DE 6 X 1"" (DIAMETRO X ESPESSURA)",UN,REPRESENTADO,0.3021981,0.3021981,0.3021981,0.3021981,0.3021981,0.3021981,0.3021981,0.3021981,0.3021981,0.3021981,0.3021981,0.3021981,0.3021981,0.3021981,0.3021981,0.3021981,0.3021981,0.3021981,0.3021981,0.3021981,0.3021981,0.3021981,0.3021981,0.3021981,0.3021981,0.3021981,0.3021981,SINAPI_familias_e_coeficientes_2025_06.xlsx,
2711,2710,"REBOLO ABRASIVO RETO DE USO GERAL GRAO 36, DE 6 X 3/4"" (DIAMETRO X ESPESSURA)",UN,REPRESENTADO,0.2608051,0.2608051,0.2608051,0.2608051,0.2608051,0.2608051,0.2608051,0.2608051,0.2608051,0.2608051,0.2608051,0.2608051,0.2608051,0.2608051,0.2608051,0.2608051,0.2608051,0.2608051,0.2608051,0.2608051,0.2608051,0.2608051,0.2608051,0.2608051,0.2608051,0.2608051,0.2608051,SINAPI_familias_e_coeficientes_2025_06.xlsx,
2711,45394,"REGUA DE ALUMINIO PARA PEDREIRO 2 M X *25,5* MM",UN,REPRESENTADO,0.1773277,0.1773277,0.1773277,0.1773277,0.1773277,0.1773277,0.1773277,0.1773277,0.1773277,0.1773277,0.1773277,0.1773277,0.1773277,0.1773277,0.1773277,0.1773277,0.1773277,0.1773277,0.1773277,0.1773277,0.1773277,0.1773277,0.1773277,0.1773277,0.1773277,0.1773277,0.1773277,SINAPI_familias_e_coeficientes_2025_06.xlsx,
2711,45213,RISCADOR DE FORMICA COM COMPRIMENTO *16* CM E ALTURA *5* CM,UN,REPRESENTADO,0.1632255,0.1632255,0.1632255,0.1632255,0.1632255,0.1632255,0.1632255,0.1632255,0.1632255,0.1632255,0.1632255,0.1632255,0.1632255,0.1632255,0.1632255,0.1632255,0.1632255,0.1632255,0.1632255,0.1632255,0.1632255,0.1632255,0.1632255,0.1632255,0.1632255,0.1632255,0.1632255,SINAPI_familias_e_coeficientes_2025_06.xlsx,
2711,38396,"SELADOR HORIZONTAL PARA FITA DE ACO 1"" (25 MM)",UN,REPRESENTADO,4.0009385,4.0009385,4.0009385,4.0009385,4.0009385,4.0009385,4.0009385,4.0009385,4.0009385,4.0009385,4.0009385,4.0009385,4.0009385,4.0009385,4.0009385,4.0009385,4.0009385,4.0009385,4.0009385,4.0009385,4.0009385,4.0009385,4.0009385,4.0009385,4.0009385,4.0009385,4.0009385,SINAPI_familias_e_coeficientes_2025_06.xlsx,
2711,45255,"SERROTE PROFISSIONAL EM ACO TEMPERADO 20"", CABO DE MADEIRA",UN,REPRESENTADO,0.1859224,0.1859224,0.1859224,0.1859224,0.1859224,0.1859224,0.1859224,0.1859224,0.1859224,0.1859224,0.1859224,0.1859224,0.1859224,0.1859224,0.1859224,0.1859224,0.1859224,0.1859224,0.1859224,0.1859224,0.1859224,0.1859224,0.1859224,0.1859224,0.1859224,0.1859224,0.1859224,SINAPI_familias_e_coeficientes_2025_06.xlsx,
2711,45239,"TALHADEIRA CHATA, DE ACO, 10""",UN,REPRESENTADO,0.1215609,0.1215609,0.1215609,0.1215609,0.1215609,0.1215609,0.1215609,0.1215609,0.1215609,0.1215609,0.1215609,0.1215609,0.1215609,0.1215609,0.1215609,0.1215609,0.1215609,0.1215609,0.1215609,0.1215609,0.1215609,0.1215609,0.1215609,0.1215609,0.1215609,0.1215609,0.1215609,SINAPI_familias_e_coeficientes_2025_06.xlsx,
2711,38465,TALHADEIRA COM PUNHO DE PROTECAO *20 X 250* MM,UN,REPRESENTADO,0.335836,0.335836,0.335836,0.335836,0.335836,0.335836,0.335836,0.335836,0.335836,0.335836,0.335836,0.335836,0.335836,0.335836,0.335836,0.335836,0.335836,0.335836,0.335836,0.335836,0.335836,0.335836,0.335836,0.335836,0.335836,0.335836,0.335836,SINAPI_familias_e_coeficientes_2025_06.xlsx,
2711,45249,TORNO/MORSA DE BANCADA NUMERO 4,UN,REPRESENTADO,0.7968387,0.7968387,0.7968387,0.7968387,0.7968387,0.7968387,0.7968387,0.7968387,0.7968387,0.7968387,0.7968387,0.7968387,0.7968387,0.7968387,0.7968387,0.7968387,0.7968387,0.7968387,0.7968387,0.7968387,0.7968387,0.7968387,0.7968387,0.7968387,0.7968387,0.7968387,0.7968387,SINAPI_familias_e_coeficientes_2025_06.xlsx,
2711,45200,TRENA COM FITA DE ACO DE 10 M X 25 MM (COMPRIMENTO X LARGURA),UN,REPRESENTADO,0.1276365,0.1276365,0.1276365,0.1276365,0.1276365,0.1276365,0.1276365,0.1276365,0.1276365,0.1276365,0.1276365,0.1276365,0.1276365,0.1276365,0.1276365,0.1276365,0.1276365,0.1276365,0.1276365,0.1276365,0.1276365,0.1276365,0.1276365,0.1276365,0.1276365,0.1276365,0.1276365,SINAPI_familias_e_coeficientes_2025_06.xlsx,
2759,2759,ESPOLETA SIMPLES N 8.,UN,REPRESENTATIVO,1,1,1,1,1,1,1,1,1,1,1,1,1,1,1,1,1,1,1,1,1,1,1,1,1,1,1,SINAPI_familias_e_coeficientes_2025_06.xlsx,
2759,37600,"ACESSORIO DE LIGACAO NAO ELETRICO PARA CARGAS EXPLOSIVAS, TUBO DE 6 M",UN,REPRESENTADO,10.8333333,10.8333333,10.8333333,10.8333333,10.8333333,10.8333333,10.8333333,10.8333333,10.8333333,10.8333333,10.8333333,10.8333333,10.8333333,10.8333333,10.8333333,10.8333333,10.8333333,10.8333333,10.8333333,10.8333333,10.8333333,10.8333333,10.8333333,10.8333333,10.8333333,10.8333333,10.8333333,SINAPI_familias_e_coeficientes_2025_06.xlsx,
2759,37599,"ACESSORIO INICIADOR NAO ELETRICO, TUBO DE 6 M, TEMPO DE RETARDO DE *160* MS",UN,REPRESENTADO,10.0833333,10.0833333,10.0833333,10.0833333,10.0833333,10.0833333,10.0833333,10.0833333,10.0833333,10.0833333,10.0833333,10.0833333,10.0833333,10.0833333,10.0833333,10.0833333,10.0833333,10.0833333,10.0833333,10.0833333,10.0833333,10.0833333,10.0833333,10.0833333,10.0833333,10.0833333,10.0833333,SINAPI_familias_e_coeficientes_2025_06.xlsx,
2759,37598,"CONJUNTO MONTADO ESTOPIM COM ESPOLETA COMUM NUMERO 8, COM CABECA ACENDEDORA, 1,5 M",UN,REPRESENTADO,3.9375,3.9375,3.9375,3.9375,3.9375,3.9375,3.9375,3.9375,3.9375,3.9375,3.9375,3.9375,3.9375,3.9375,3.9375,3.9375,3.9375,3.9375,3.9375,3.9375,3.9375,3.9375,3.9375,3.9375,3.9375,3.9375,3.9375,SINAPI_familias_e_coeficientes_2025_06.xlsx,
2759,37601,"CORDEL DETONANTE, NP 05 G/M",M,REPRESENTADO,0.875,0.875,0.875,0.875,0.875,0.875,0.875,0.875,0.875,0.875,0.875,0.875,0.875,0.875,0.875,0.875,0.875,0.875,0.875,0.875,0.875,0.875,0.875,0.875,0.875,0.875,0.875,SINAPI_familias_e_coeficientes_2025_06.xlsx,
2759,1634,"CORDEL DETONANTE, NP 10 G/M",M,REPRESENTADO,0.9041666,0.9041666,0.9041666,0.9041666,0.9041666,0.9041666,0.9041666,0.9041666,0.9041666,0.9041666,0.9041666,0.9041666,0.9041666,0.9041666,0.9041666,0.9041666,0.9041666,0.9041666,0.9041666,0.9041666,0.9041666,0.9041666,0.9041666,0.9041666,0.9041666,0.9041666,0.9041666,SINAPI_familias_e_coeficientes_2025_06.xlsx,
2759,2762,ESTOPIM SIMPLES,M,REPRESENTADO,1.25,1.25,1.25,1.25,1.25,1.25,1.25,1.25,1.25,1.25,1.25,1.25,1.25,1.25,1.25,1.25,1.25,1.25,1.25,1.25,1.25,1.25,1.25,1.25,1.25,1.25,1.25,SINAPI_familias_e_coeficientes_2025_06.xlsx,
2759,10518,RETARDO PARA CORDEL DETONANTE,UN,REPRESENTADO,12.0833333,12.0833333,12.0833333,12.0833333,12.0833333,12.0833333,12.0833333,12.0833333,12.0833333,12.0833333,12.0833333,12.0833333,12.0833333,12.0833333,12.0833333,12.0833333,12.0833333,12.0833333,12.0833333,12.0833333,12.0833333,12.0833333,12.0833333,12.0833333,12.0833333,12.0833333,12.0833333,SINAPI_familias_e_coeficientes_2025_06.xlsx,
3080,3080,"FECHADURA ESPELHO PARA PORTA EXTERNA, EM ACO INOX (MAQUINA, TESTA E CONTRA-TESTA) E EM ZAMAC (MACANETA, LINGUETA E TRINCOS) COM ACABAMENTO CROMADO, MAQUINA DE 40 MM, INCLUINDO CHAVE TIPO CILINDRO",CJ,REPRESENTATIVO,1,1,1,1,1,1,1,1,1,1,1,1,1,1,1,1,1,1,1,1,1,1,1,1,1,1,1,SINAPI_familias_e_coeficientes_2025_06.xlsx,
3080,39621,"BARRA ANTIPANICO DUPLA, CEGA EM LADO OPOSTO, COR CINZA",PAR,REPRESENTADO,17.371599,17.371599,17.371599,17.371599,17.371599,17.371599,17.371599,17.371599,17.371599,17.371599,17.371599,17.371599,17.371599,17.371599,17.371599,17.371599,17.371599,17.371599,17.371599,17.371599,17.371599,17.371599,17.371599,17.371599,17.371599,17.371599,17.371599,SINAPI_familias_e_coeficientes_2025_06.xlsx,
3080,39624,"BARRA ANTIPANICO DUPLA, PARA PORTA DE VIDRO, COR CINZA",PAR,REPRESENTADO,19.1627685,19.1627685,19.1627685,19.1627685,19.1627685,19.1627685,19.1627685,19.1627685,19.1627685,19.1627685,19.1627685,19.1627685,19.1627685,19.1627685,19.1627685,19.1627685,19.1627685,19.1627685,19.1627685,19.1627685,19.1627685,19.1627685,19.1627685,19.1627685,19.1627685,19.1627685,19.1627685,SINAPI_familias_e_coeficientes_2025_06.xlsx,
3080,39615,"BARRA ANTIPANICO SIMPLES, CEGA EM LADO OPOSTO, COR CINZA",UN,REPRESENTADO,7.7435561,7.7435561,7.7435561,7.7435561,7.7435561,7.7435561,7.7435561,7.7435561,7.7435561,7.7435561,7.7435561,7.7435561,7.7435561,7.7435561,7.7435561,7.7435561,7.7435561,7.7435561,7.7435561,7.7435561,7.7435561,7.7435561,7.7435561,7.7435561,7.7435561,7.7435561,7.7435561,SINAPI_familias_e_coeficientes_2025_06.xlsx,
3080,39620,"BARRA ANTIPANICO SIMPLES, COM FECHADURA LADO OPOSTO, COR CINZA",UN,REPRESENTADO,11.8264916,11.8264916,11.8264916,11.8264916,11.8264916,11.8264916,11.8264916,11.8264916,11.8264916,11.8264916,11.8264916,11.8264916,11.8264916,11.8264916,11.8264916,11.8264916,11.8264916,11.8264916,11.8264916,11.8264916,11.8264916,11.8264916,11.8264916,11.8264916,11.8264916,11.8264916,11.8264916,SINAPI_familias_e_coeficientes_2025_06.xlsx,
3080,39623,"BARRA ANTIPANICO SIMPLES, PARA PORTA DE VIDRO, COR CINZA",UN,REPRESENTADO,12.6671838,12.6671838,12.6671838,12.6671838,12.6671838,12.6671838,12.6671838,12.6671838,12.6671838,12.6671838,12.6671838,12.6671838,12.6671838,12.6671838,12.6671838,12.6671838,12.6671838,12.6671838,12.6671838,12.6671838,12.6671838,12.6671838,12.6671838,12.6671838,12.6671838,12.6671838,12.6671838,SINAPI_familias_e_coeficientes_2025_06.xlsx,
3080,3104,"CONJ. DE FERRAGENS PARA PORTA DE VIDRO TEMPERADO, EM ZAMAC CROMADO, CONTEMPLANDO DOBRADICA INF., DOBRADICA SUP., PIVO PARA DOBRADICA INF., PIVO PARA DOBRADICA SUP., FECHADURA CENTRAL EM ZAMC. CROMADO, CONTRA FECHADURA DE PRESSAO",CJ,REPRESENTADO,2.3048926,2.3048926,2.3048926,2.3048926,2.3048926,2.3048926,2.3048926,2.3048926,2.3048926,2.3048926,2.3048926,2.3048926,2.3048926,2.3048926,2.3048926,2.3048926,2.3048926,2.3048926,2.3048926,2.3048926,2.3048926,2.3048926,2.3048926,2.3048926,2.3048926,2.3048926,2.3048926,SINAPI_familias_e_coeficientes_2025_06.xlsx,
3080,11480,"FECHADURA AUXILIAR DE SEGURANCA PARA PORTA EXTERNA, EM ACO INOX, BROCA DE 45 A 55 MM, LINGUETA COM 3 AVANCOS, INCLUINDO 2 CHAVES TIPO CILINDRO",CJ,REPRESENTADO,1.849642,1.849642,1.849642,1.849642,1.849642,1.849642,1.849642,1.849642,1.849642,1.849642,1.849642,1.849642,1.849642,1.849642,1.849642,1.849642,1.849642,1.849642,1.849642,1.849642,1.849642,1.849642,1.849642,1.849642,1.849642,1.849642,1.849642,SINAPI_familias_e_coeficientes_2025_06.xlsx,
3080,43612,"FECHADURA BICO DE PAPAGAIO PARA PORTA DE CORRER EXTERNA, EM ACO INOX COM ACABAMENTO CROMADO, MAQUINA COM 45 MM, INCLUINDO CHAVE TIPO CILINDRO",CJ,REPRESENTADO,1.4558473,1.4558473,1.4558473,1.4558473,1.4558473,1.4558473,1.4558473,1.4558473,1.4558473,1.4558473,1.4558473,1.4558473,1.4558473,1.4558473,1.4558473,1.4558473,1.4558473,1.4558473,1.4558473,1.4558473,1.4558473,1.4558473,1.4558473,1.4558473,1.4558473,1.4558473,1.4558473,SINAPI_familias_e_coeficientes_2025_06.xlsx,
3080,43613,"FECHADURA BICO DE PAPAGAIO PARA PORTA DE CORRER INTERNA, EM ACO INOX COM ACABAMENTO CROMADO, MAQUINA COM 45 MM, INCLUINDO CHAVE TIPO BIPARTIDA",CJ,REPRESENTADO,1.2052506,1.2052506,1.2052506,1.2052506,1.2052506,1.2052506,1.2052506,1.2052506,1.2052506,1.2052506,1.2052506,1.2052506,1.2052506,1.2052506,1.2052506,1.2052506,1.2052506,1.2052506,1.2052506,1.2052506,1.2052506,1.2052506,1.2052506,1.2052506,1.2052506,1.2052506,1.2052506,SINAPI_familias_e_coeficientes_2025_06.xlsx,
3080,11469,"FECHADURA DE EMBUTIR PARA GAVETA E MOVEIS DE MADEIRA, EM ACO INOX COM ACABAMENTO CROMADO, COM ABAS LATERAIS, CILINDRO COM 22 MM DE DIAMETRO, INCLUINDO CHAVE COM PERFIL METALICO E CAPA ESCAMOTEAVEL",UN,REPRESENTADO,0.197494,0.197494,0.197494,0.197494,0.197494,0.197494,0.197494,0.197494,0.197494,0.197494,0.197494,0.197494,0.197494,0.197494,0.197494,0.197494,0.197494,0.197494,0.197494,0.197494,0.197494,0.197494,0.197494,0.197494,0.197494,0.197494,0.197494,SINAPI_familias_e_coeficientes_2025_06.xlsx,
3080,11468,"FECHADURA DE SOBREPOR PARA GAVETAS E ARMARIOS, EM ACO INOX COM ACABAMENTO CROMADO, COM CILINDRO DE APROX 20 MM",UN,REPRESENTADO,0.1976134,0.1976134,0.1976134,0.1976134,0.1976134,0.1976134,0.1976134,0.1976134,0.1976134,0.1976134,0.1976134,0.1976134,0.1976134,0.1976134,0.1976134,0.1976134,0.1976134,0.1976134,0.1976134,0.1976134,0.1976134,0.1976134,0.1976134,0.1976134,0.1976134,0.1976134,0.1976134,SINAPI_familias_e_coeficientes_2025_06.xlsx,
3080,11484,"FECHADURA DE SOBREPOR PARA PORTAO, EM ACO INOX COM ACABAMENTO CROMADO, CAIXA DE 100 MM, INCLUINDO CHAVE TIPO CILINDRO",UN,REPRESENTADO,0.8677804,0.8677804,0.8677804,0.8677804,0.8677804,0.8677804,0.8677804,0.8677804,0.8677804,0.8677804,0.8677804,0.8677804,0.8677804,0.8677804,0.8677804,0.8677804,0.8677804,0.8677804,0.8677804,0.8677804,0.8677804,0.8677804,0.8677804,0.8677804,0.8677804,0.8677804,0.8677804,SINAPI_familias_e_coeficientes_2025_06.xlsx,
3080,38155,"FECHADURA DE SOBREPOR PARA PORTAO, EM ACO INOX COM ACABAMENTO CROMADO, CAIXA DE 100 MM, INCLUINDO CHAVE TIPO TETRA",UN,REPRESENTADO,1.3472554,1.3472554,1.3472554,1.3472554,1.3472554,1.3472554,1.3472554,1.3472554,1.3472554,1.3472554,1.3472554,1.3472554,1.3472554,1.3472554,1.3472554,1.3472554,1.3472554,1.3472554,1.3472554,1.3472554,1.3472554,1.3472554,1.3472554,1.3472554,1.3472554,1.3472554,1.3472554,SINAPI_familias_e_coeficientes_2025_06.xlsx,
3080,11467,"FECHADURA DE SOBREPOR TIPO CAIXAO, EM FERRO COM ACABAMENTO RESINADO, SEM MACANETA, SEM CILINDRO, INCLUINDO CHAVE TIPO SIMPLES",UN,REPRESENTADO,0.3078759,0.3078759,0.3078759,0.3078759,0.3078759,0.3078759,0.3078759,0.3078759,0.3078759,0.3078759,0.3078759,0.3078759,0.3078759,0.3078759,0.3078759,0.3078759,0.3078759,0.3078759,0.3078759,0.3078759,0.3078759,0.3078759,0.3078759,0.3078759,0.3078759,0.3078759,0.3078759,SINAPI_familias_e_coeficientes_2025_06.xlsx,
3080,38153,"FECHADURA ESPELHO PARA PORTA DE BANHEIRO, EM ACO INOX (MAQUINA, TESTA E CONTRA-TESTA) E EM ZAMAC (MACANETA, LINGUETA E TRINCOS) COM ACABAMENTO CROMADO, MAQUINA DE 40 MM, INCLUINDO CHAVE TIPO TRANQUETA",CJ,REPRESENTADO,0.7863962,0.7863962,0.7863962,0.7863962,0.7863962,0.7863962,0.7863962,0.7863962,0.7863962,0.7863962,0.7863962,0.7863962,0.7863962,0.7863962,0.7863962,0.7863962,0.7863962,0.7863962,0.7863962,0.7863962,0.7863962,0.7863962,0.7863962,0.7863962,0.7863962,0.7863962,0.7863962,SINAPI_familias_e_coeficientes_2025_06.xlsx,
3080,43607,"FECHADURA ESPELHO PARA PORTA DE BANHEIRO, EM ACO INOX (MAQUINA, TESTA E CONTRA-TESTA) E EM ZAMAC (MACANETA, LINGUETA E TRINCOS) COM ACABAMENTO CROMADO, MAQUINA DE 55 MM, INCLUINDO CHAVE TIPO TRANQUETA (CONJUNTO DE FECHADURAS)",CJ,REPRESENTADO,1.4873508,1.4873508,1.4873508,1.4873508,1.4873508,1.4873508,1.4873508,1.4873508,1.4873508,1.4873508,1.4873508,1.4873508,1.4873508,1.4873508,1.4873508,1.4873508,1.4873508,1.4873508,1.4873508,1.4873508,1.4873508,1.4873508,1.4873508,1.4873508,1.4873508,1.4873508,1.4873508,SINAPI_familias_e_coeficientes_2025_06.xlsx,
3080,3081,"FECHADURA ESPELHO PARA PORTA EXTERNA, EM ACO INOX (MAQUINA, TESTA E CONTRA-TESTA) E EM ZAMAC (MACANETA, LINGUETA E TRINCOS) COM ACABAMENTO CROMADO, MAQUINA DE 55 MM, INCLUINDO CHAVE TIPO CILINDRO",CJ,REPRESENTADO,1.9785203,1.9785203,1.9785203,1.9785203,1.9785203,1.9785203,1.9785203,1.9785203,1.9785203,1.9785203,1.9785203,1.9785203,1.9785203,1.9785203,1.9785203,1.9785203,1.9785203,1.9785203,1.9785203,1.9785203,1.9785203,1.9785203,1.9785203,1.9785203,1.9785203,1.9785203,1.9785203,SINAPI_familias_e_coeficientes_2025_06.xlsx,
3080,3090,"FECHADURA ESPELHO PARA PORTA INTERNA, EM ACO INOX (MAQUINA, TESTA E CONTRA-TESTA) E EM ZAMAC (MACANETA, LINGUETA E TRINCOS) COM ACABAMENTO CROMADO, MAQUINA DE 40 MM, INCLUINDO CHAVE TIPO INTERNA",CJ,REPRESENTADO,0.8926014,0.8926014,0.8926014,0.8926014,0.8926014,0.8926014,0.8926014,0.8926014,0.8926014,0.8926014,0.8926014,0.8926014,0.8926014,0.8926014,0.8926014,0.8926014,0.8926014,0.8926014,0.8926014,0.8926014,0.8926014,0.8926014,0.8926014,0.8926014,0.8926014,0.8926014,0.8926014,SINAPI_familias_e_coeficientes_2025_06.xlsx,
3080,43611,"FECHADURA ESPELHO PARA PORTA INTERNA, EM ACO INOX (MAQUINA, TESTA E CONTRA-TESTA) E EM ZAMAC (MACANETA, LINGUETA E TRINCOS) COM ACABAMENTO CROMADO, MAQUINA DE 55 MM, INCLUINDO CHAVE TIPO INTERNA",CJ,REPRESENTADO,1.4811456,1.4811456,1.4811456,1.4811456,1.4811456,1.4811456,1.4811456,1.4811456,1.4811456,1.4811456,1.4811456,1.4811456,1.4811456,1.4811456,1.4811456,1.4811456,1.4811456,1.4811456,1.4811456,1.4811456,1.4811456,1.4811456,1.4811456,1.4811456,1.4811456,1.4811456,1.4811456,SINAPI_familias_e_coeficientes_2025_06.xlsx,
3080,3103,"FECHADURA PARA PORTA PIVOTANTE DE VIDRO TEMPERADO, EM ACO INOX COM ACABAMENTO CROMADO, RECORTE PADRAO SANTA MARINA, COM CILINDRO EM LATAO, INCLUINDO CHAVE TIPO CILINDRO",UN,REPRESENTADO,0.7400955,0.7400955,0.7400955,0.7400955,0.7400955,0.7400955,0.7400955,0.7400955,0.7400955,0.7400955,0.7400955,0.7400955,0.7400955,0.7400955,0.7400955,0.7400955,0.7400955,0.7400955,0.7400955,0.7400955,0.7400955,0.7400955,0.7400955,0.7400955,0.7400955,0.7400955,0.7400955,SINAPI_familias_e_coeficientes_2025_06.xlsx,
3080,3097,"FECHADURA ROSETA REDONDA PARA PORTA DE BANHEIRO, EM ACO INOX (MAQUINA, TESTA E CONTRA-TESTA) E EM ZAMAC (MACANETA, LINGUETA E TRINCOS) COM ACABAMENTO CROMADO, MAQUINA DE 40 MM, INCLUINDO CHAVE TIPO TRANQUETA",CJ,REPRESENTADO,1.1196897,1.1196897,1.1196897,1.1196897,1.1196897,1.1196897,1.1196897,1.1196897,1.1196897,1.1196897,1.1196897,1.1196897,1.1196897,1.1196897,1.1196897,1.1196897,1.1196897,1.1196897,1.1196897,1.1196897,1.1196897,1.1196897,1.1196897,1.1196897,1.1196897,1.1196897,1.1196897,SINAPI_familias_e_coeficientes_2025_06.xlsx,
3080,3099,"FECHADURA ROSETA REDONDA PARA PORTA DE BANHEIRO, EM ACO INOX (MAQUINA, TESTA E CONTRA-TESTA) E EM ZAMAC (MACANETA, LINGUETA E TRINCOS) COM ACABAMENTO CROMADO, MAQUINA DE 55 MM, INCLUINDO CHAVE TIPO TRANQUETA",CJ,REPRESENTADO,1.7928401,1.7928401,1.7928401,1.7928401,1.7928401,1.7928401,1.7928401,1.7928401,1.7928401,1.7928401,1.7928401,1.7928401,1.7928401,1.7928401,1.7928401,1.7928401,1.7928401,1.7928401,1.7928401,1.7928401,1.7928401,1.7928401,1.7928401,1.7928401,1.7928401,1.7928401,1.7928401,SINAPI_familias_e_coeficientes_2025_06.xlsx,
3080,38151,"FECHADURA ROSETA REDONDA PARA PORTA EXTERNA, EM ACO INOX (MAQUINA, TESTA E CONTRA-TESTA) E EM ZAMAC (MACANETA, LINGUETA E TRINCOS) COM ACABAMENTO CROMADO, MAQUINA DE 40 MM, INCLUINDO CHAVE TIPO CILINDRO",CJ,REPRESENTADO,1.2997613,1.2997613,1.2997613,1.2997613,1.2997613,1.2997613,1.2997613,1.2997613,1.2997613,1.2997613,1.2997613,1.2997613,1.2997613,1.2997613,1.2997613,1.2997613,1.2997613,1.2997613,1.2997613,1.2997613,1.2997613,1.2997613,1.2997613,1.2997613,1.2997613,1.2997613,1.2997613,SINAPI_familias_e_coeficientes_2025_06.xlsx,
3080,38152,"FECHADURA ROSETA REDONDA PARA PORTA EXTERNA, EM ACO INOX (MAQUINA, TESTA E CONTRA-TESTA) E EM ZAMAC (MACANETA, LINGUETA E TRINCOS) COM ACABAMENTO CROMADO, MAQUINA DE 55 MM, INCLUINDO CHAVE TIPO CILINDRO",CJ,REPRESENTADO,2.0966587,2.0966587,2.0966587,2.0966587,2.0966587,2.0966587,2.0966587,2.0966587,2.0966587,2.0966587,2.0966587,2.0966587,2.0966587,2.0966587,2.0966587,2.0966587,2.0966587,2.0966587,2.0966587,2.0966587,2.0966587,2.0966587,2.0966587,2.0966587,2.0966587,2.0966587,2.0966587,SINAPI_familias_e_coeficientes_2025_06.xlsx,
3080,43610,"FECHADURA ROSETA REDONDA PARA PORTA INTERNA, EM ACO INOX (MAQUINA, TESTA E CONTRA-TESTA) E EM ZAMAC (MACANETA, LINGUETA E TRINCOS) COM ACABAMENTO CROMADO, MAQUINA DE 40 MM, INCLUINDO CHAVE TIPO INTERNA (CONJUNTO DE FECHADURAS)",CJ,REPRESENTADO,1.1109785,1.1109785,1.1109785,1.1109785,1.1109785,1.1109785,1.1109785,1.1109785,1.1109785,1.1109785,1.1109785,1.1109785,1.1109785,1.1109785,1.1109785,1.1109785,1.1109785,1.1109785,1.1109785,1.1109785,1.1109785,1.1109785,1.1109785,1.1109785,1.1109785,1.1109785,1.1109785,SINAPI_familias_e_coeficientes_2025_06.xlsx,
3080,3093,"FECHADURA ROSETA REDONDA PARA PORTA INTERNA, EM ACO INOX (MAQUINA, TESTA E CONTRA-TESTA) E EM ZAMAC (MACANETA, LINGUETA E TRINCOS) COM ACABAMENTO CROMADO, MAQUINA DE 55 MM, INCLUINDO CHAVE TIPO INTERNA",CJ,REPRESENTADO,1.7928401,1.7928401,1.7928401,1.7928401,1.7928401,1.7928401,1.7928401,1.7928401,1.7928401,1.7928401,1.7928401,1.7928401,1.7928401,1.7928401,1.7928401,1.7928401,1.7928401,1.7928401,1.7928401,1.7928401,1.7928401,1.7928401,1.7928401,1.7928401,1.7928401,1.7928401,1.7928401,SINAPI_familias_e_coeficientes_2025_06.xlsx,
3080,11519,"MACANETA ALAVANCA RETA OCA, EM ZAMAC COM ACABAMENTO CROMADO, COMPRIMENTO APROX DE 15 CM",PAR,REPRESENTADO,0.7484487,0.7484487,0.7484487,0.7484487,0.7484487,0.7484487,0.7484487,0.7484487,0.7484487,0.7484487,0.7484487,0.7484487,0.7484487,0.7484487,0.7484487,0.7484487,0.7484487,0.7484487,0.7484487,0.7484487,0.7484487,0.7484487,0.7484487,0.7484487,0.7484487,0.7484487,0.7484487,SINAPI_familias_e_coeficientes_2025_06.xlsx,
3080,11520,"MACANETA ALAVANCA, RETA SIMPLES / OCA, CROMADA, COMPRIMENTO DE 10 A 16 CM, ACABAMENTO PADRAO POPULAR - SOMENTE MACANETAS",PAR,REPRESENTADO,0.3460621,0.3460621,0.3460621,0.3460621,0.3460621,0.3460621,0.3460621,0.3460621,0.3460621,0.3460621,0.3460621,0.3460621,0.3460621,0.3460621,0.3460621,0.3460621,0.3460621,0.3460621,0.3460621,0.3460621,0.3460621,0.3460621,0.3460621,0.3460621,0.3460621,0.3460621,0.3460621,SINAPI_familias_e_coeficientes_2025_06.xlsx,
3080,11518,"MACANETA BOLA, EM ZAMAC COM ACABAMENTO CROMADO, DIAMETRO DE APROX 2 1/2""",PAR,REPRESENTADO,1.2581146,1.2581146,1.2581146,1.2581146,1.2581146,1.2581146,1.2581146,1.2581146,1.2581146,1.2581146,1.2581146,1.2581146,1.2581146,1.2581146,1.2581146,1.2581146,1.2581146,1.2581146,1.2581146,1.2581146,1.2581146,1.2581146,1.2581146,1.2581146,1.2581146,1.2581146,1.2581146,SINAPI_familias_e_coeficientes_2025_06.xlsx,
3080,11479,"MAQUINA DE 40 MM PARA FECHADURA DE EMBUTIR EXTERNA, EM ACO INOX",UN,REPRESENTADO,0.525537,0.525537,0.525537,0.525537,0.525537,0.525537,0.525537,0.525537,0.525537,0.525537,0.525537,0.525537,0.525537,0.525537,0.525537,0.525537,0.525537,0.525537,0.525537,0.525537,0.525537,0.525537,0.525537,0.525537,0.525537,0.525537,0.525537,SINAPI_familias_e_coeficientes_2025_06.xlsx,
3080,11481,"MAQUINA DE 40 MM PARA FECHADURA, PARA PORTA DE BANHEIRO, EM ACO INOX",UN,REPRESENTADO,0.4754177,0.4754177,0.4754177,0.4754177,0.4754177,0.4754177,0.4754177,0.4754177,0.4754177,0.4754177,0.4754177,0.4754177,0.4754177,0.4754177,0.4754177,0.4754177,0.4754177,0.4754177,0.4754177,0.4754177,0.4754177,0.4754177,0.4754177,0.4754177,0.4754177,0.4754177,0.4754177,SINAPI_familias_e_coeficientes_2025_06.xlsx,
3080,43609,"MAQUINA DE 40 MM PARA FECHADURA, PARA PORTA INTERNA, EM ACO INOX",UN,REPRESENTADO,0.4754177,0.4754177,0.4754177,0.4754177,0.4754177,0.4754177,0.4754177,0.4754177,0.4754177,0.4754177,0.4754177,0.4754177,0.4754177,0.4754177,0.4754177,0.4754177,0.4754177,0.4754177,0.4754177,0.4754177,0.4754177,0.4754177,0.4754177,0.4754177,0.4754177,0.4754177,0.4754177,SINAPI_familias_e_coeficientes_2025_06.xlsx,
3080,11478,"MAQUINA DE 55 MM PARA FECHADURA DE EMBUTIR EXTERNA, EM ACO INOX",UN,REPRESENTADO,0.9016706,0.9016706,0.9016706,0.9016706,0.9016706,0.9016706,0.9016706,0.9016706,0.9016706,0.9016706,0.9016706,0.9016706,0.9016706,0.9016706,0.9016706,0.9016706,0.9016706,0.9016706,0.9016706,0.9016706,0.9016706,0.9016706,0.9016706,0.9016706,0.9016706,0.9016706,0.9016706,SINAPI_familias_e_coeficientes_2025_06.xlsx,
3080,43608,"MAQUINA DE 55 MM PARA FECHADURA, PARA PORTA DE BANHEIRO, EM ACO INOX",UN,REPRESENTADO,0.6880668,0.6880668,0.6880668,0.6880668,0.6880668,0.6880668,0.6880668,0.6880668,0.6880668,0.6880668,0.6880668,0.6880668,0.6880668,0.6880668,0.6880668,0.6880668,0.6880668,0.6880668,0.6880668,0.6880668,0.6880668,0.6880668,0.6880668,0.6880668,0.6880668,0.6880668,0.6880668,SINAPI_familias_e_coeficientes_2025_06.xlsx,
3080,11476,"MAQUINA DE 55 MM PARA FECHADURA, PARA PORTA INTERNA, EM ACO INOX",UN,REPRESENTADO,0.6880668,0.6880668,0.6880668,0.6880668,0.6880668,0.6880668,0.6880668,0.6880668,0.6880668,0.6880668,0.6880668,0.6880668,0.6880668,0.6880668,0.6880668,0.6880668,0.6880668,0.6880668,0.6880668,0.6880668,0.6880668,0.6880668,0.6880668,0.6880668,0.6880668,0.6880668,0.6880668,SINAPI_familias_e_coeficientes_2025_06.xlsx,
3080,11499,"MOLA HIDRAULICA DE PISO, PARA PORTAS DE ATE 1100 MM E PESO DE ATE 120 KG, COM CORPO EM ACO INOX",UN,REPRESENTADO,12.4211217,12.4211217,12.4211217,12.4211217,12.4211217,12.4211217,12.4211217,12.4211217,12.4211217,12.4211217,12.4211217,12.4211217,12.4211217,12.4211217,12.4211217,12.4211217,12.4211217,12.4211217,12.4211217,12.4211217,12.4211217,12.4211217,12.4211217,12.4211217,12.4211217,12.4211217,12.4211217,SINAPI_familias_e_coeficientes_2025_06.xlsx,
3123,3123,FERTILIZANTE NPK - 4: 14: 8,KG,REPRESENTATIVO,1,1,1,1,1,1,1,1,1,1,1,1,1,1,1,1,1,1,1,1,1,1,1,1,1,1,1,SINAPI_familias_e_coeficientes_2025_06.xlsx,
3123,44539,FERTILIZANTE NPK - 10:10:10,KG,REPRESENTADO,1.0733945,1.0733945,1.0733945,1.0733945,1.0733945,1.0733945,1.0733945,1.0733945,1.0733945,1.0733945,1.0733945,1.0733945,1.0733945,1.0733945,1.0733945,1.0733945,1.0733945,1.0733945,1.0733945,1.0733945,1.0733945,1.0733945,1.0733945,1.0733945,1.0733945,1.0733945,1.0733945,SINAPI_familias_e_coeficientes_2025_06.xlsx,
3146,3146,"FITA VEDA ROSCA, EM PTFE, ROLO DE 18 MM X 10 M (L X C)",UN,REPRESENTATIVO,1,1,1,1,1,1,1,1,1,1,1,1,1,1,1,1,1,1,1,1,1,1,1,1,1,1,1,SINAPI_familias_e_coeficientes_2025_06.xlsx,
3146,39634,"FITA ADESIVA ANTICORROSIVA DE PVC FLEXIVEL, COR PRETA, PARA PROTECAO TUBULACAO, 50 MM X 30 M (L X C), E= *0,25* MM",M,REPRESENTADO,1.9489921,1.9489921,1.9489921,1.9489921,1.9489921,1.9489921,1.9489921,1.9489921,1.9489921,1.9489921,1.9489921,1.9489921,1.9489921,1.9489921,1.9489921,1.9489921,1.9489921,1.9489921,1.9489921,1.9489921,1.9489921,1.9489921,1.9489921,1.9489921,1.9489921,1.9489921,1.9489921,SINAPI_familias_e_coeficientes_2025_06.xlsx,
3146,3143,"FITA VEDA ROSCA, EM PTFE, ROLO DE 18 MM X 25 M (L X C)",UN,REPRESENTADO,2.2753623,2.2753623,2.2753623,2.2753623,2.2753623,2.2753623,2.2753623,2.2753623,2.2753623,2.2753623,2.2753623,2.2753623,2.2753623,2.2753623,2.2753623,2.2753623,2.2753623,2.2753623,2.2753623,2.2753623,2.2753623,2.2753623,2.2753623,2.2753623,2.2753623,2.2753623,2.2753623,SINAPI_familias_e_coeficientes_2025_06.xlsx,
3146,3148,"FITA VEDA ROSCA, EM PTFE, ROLO DE 18 MM X 50 M (L X C)",UN,REPRESENTADO,3.6884057,3.6884057,3.6884057,3.6884057,3.6884057,3.6884057,3.6884057,3.6884057,3.6884057,3.6884057,3.6884057,3.6884057,3.6884057,3.6884057,3.6884057,3.6884057,3.6884057,3.6884057,3.6884057,3.6884057,3.6884057,3.6884057,3.6884057,3.6884057,3.6884057,3.6884057,3.6884057,SINAPI_familias_e_coeficientes_2025_06.xlsx,
3288,3288,"MEIA CANA DE MADEIRA CEDRINHO OU EQUIVALENTE DA REGIAO, ACABAMENTO PARA FORRO PAULISTA, *2,5 X 2,5* CM",M,REPRESENTATIVO,1,1,1,1,1,1,1,1,1,1,1,1,1,1,1,1,1,1,1,1,1,1,1,1,1,1,1,SINAPI_familias_e_coeficientes_2025_06.xlsx,
3288,3286,"FORRO DE MADEIRA CEDRINHO OU EQUIVALENTE DA REGIAO, ENCAIXE MACHO/FEMEA COM FRISO, *10 X 1* CM (SEM COLOCACAO)",M2,REPRESENTADO,13.2352941,13.2352941,13.2352941,13.2352941,13.2352941,13.2352941,13.2352941,13.2352941,13.2352941,13.2352941,13.2352941,13.2352941,13.2352941,13.2352941,13.2352941,13.2352941,13.2352941,13.2352941,13.2352941,13.2352941,13.2352941,13.2352941,13.2352941,13.2352941,13.2352941,13.2352941,13.2352941,SINAPI_familias_e_coeficientes_2025_06.xlsx,
3288,3287,"FORRO DE MADEIRA CUMARU/IPE CHAMPANHE OU EQUIVALENTE DA REGIAO, ENCAIXE MACHO/FEMEA COM FRISO, *10 X 1* CM (SEM COLOCACAO)",M2,REPRESENTADO,20,20,20,20,20,20,20,20,20,20,20,20,20,20,20,20,20,20,20,20,20,20,20,20,20,20,20,SINAPI_familias_e_coeficientes_2025_06.xlsx,
3288,3283,"FORRO DE MADEIRA PINUS OU EQUIVALENTE DA REGIAO, ENCAIXE MACHO/FEMEA COM FRISO, *10 X 1* CM (SEM COLOCACAO)",M2,REPRESENTADO,4.2014705,4.2014705,4.2014705,4.2014705,4.2014705,4.2014705,4.2014705,4.2014705,4.2014705,4.2014705,4.2014705,4.2014705,4.2014705,4.2014705,4.2014705,4.2014705,4.2014705,4.2014705,4.2014705,4.2014705,4.2014705,4.2014705,4.2014705,4.2014705,4.2014705,4.2014705,4.2014705,SINAPI_familias_e_coeficientes_2025_06.xlsx,
3288,13587,"MEIA CANA DE MADEIRA PINUS OU EQUIVALENTE DA REGIAO, ACABAMENTO PARA FORRO PAULISTA, *2,5 X 2,5* CM",M,REPRESENTADO,0.6044117,0.6044117,0.6044117,0.6044117,0.6044117,0.6044117,0.6044117,0.6044117,0.6044117,0.6044117,0.6044117,0.6044117,0.6044117,0.6044117,0.6044117,0.6044117,0.6044117,0.6044117,0.6044117,0.6044117,0.6044117,0.6044117,0.6044117,0.6044117,0.6044117,0.6044117,0.6044117,SINAPI_familias_e_coeficientes_2025_06.xlsx,
3292,3292,"FUSIVEL NH 20 A TAMANHO 000, CAPACIDADE DE INTERRUPCAO DE 120 KA, TENSAO NOMINAL DE 500 V",UN,REPRESENTATIVO,1,1,1,1,1,1,1,1,1,1,1,1,1,1,1,1,1,1,1,1,1,1,1,1,1,1,1,SINAPI_familias_e_coeficientes_2025_06.xlsx,
3292,12344,"FUSIVEL DIAZED 20 A TAMANHO DII, CAPACIDADE DE INTERRUPCAO DE 50 KA EM VCA E 8 KA EM VCC, TENSAO NOMINAL DE 500 V",UN,REPRESENTADO,0.1736111,0.1736111,0.1736111,0.1736111,0.1736111,0.1736111,0.1736111,0.1736111,0.1736111,0.1736111,0.1736111,0.1736111,0.1736111,0.1736111,0.1736111,0.1736111,0.1736111,0.1736111,0.1736111,0.1736111,0.1736111,0.1736111,0.1736111,0.1736111,0.1736111,0.1736111,0.1736111,SINAPI_familias_e_coeficientes_2025_06.xlsx,
3292,12343,"FUSIVEL DIAZED 35 A TAMANHO DIII, CAPACIDADE DE INTERRUPCAO DE 50 KA EM VCA E 8 KA EM VCC, TENSAO NOMINAL DE 500 V",UN,REPRESENTADO,0.2690972,0.2690972,0.2690972,0.2690972,0.2690972,0.2690972,0.2690972,0.2690972,0.2690972,0.2690972,0.2690972,0.2690972,0.2690972,0.2690972,0.2690972,0.2690972,0.2690972,0.2690972,0.2690972,0.2690972,0.2690972,0.2690972,0.2690972,0.2690972,0.2690972,0.2690972,0.2690972,SINAPI_familias_e_coeficientes_2025_06.xlsx,
3292,3295,"FUSIVEL NH *36* A 80 AMPERES, TAMANHO 00, CAPACIDADE DE INTERRUPCAO DE 120 KA, TENSAO NOMINAL DE 500 V",UN,REPRESENTADO,0.9395833,0.9395833,0.9395833,0.9395833,0.9395833,0.9395833,0.9395833,0.9395833,0.9395833,0.9395833,0.9395833,0.9395833,0.9395833,0.9395833,0.9395833,0.9395833,0.9395833,0.9395833,0.9395833,0.9395833,0.9395833,0.9395833,0.9395833,0.9395833,0.9395833,0.9395833,0.9395833,SINAPI_familias_e_coeficientes_2025_06.xlsx,
3292,3302,"FUSIVEL NH 100 A TAMANHO 00, CAPACIDADE DE INTERRUPCAO DE 120 KA, TENSAO NOMINAL DE 500 V",UN,REPRESENTADO,0.9822916,0.9822916,0.9822916,0.9822916,0.9822916,0.9822916,0.9822916,0.9822916,0.9822916,0.9822916,0.9822916,0.9822916,0.9822916,0.9822916,0.9822916,0.9822916,0.9822916,0.9822916,0.9822916,0.9822916,0.9822916,0.9822916,0.9822916,0.9822916,0.9822916,0.9822916,0.9822916,SINAPI_familias_e_coeficientes_2025_06.xlsx,
3292,3297,"FUSIVEL NH 125 A TAMANHO 00, CAPACIDADE DE INTERRUPCAO DE 120 KA, TENSAO NOMINAL DE 500 V",UN,REPRESENTADO,1.0486111,1.0486111,1.0486111,1.0486111,1.0486111,1.0486111,1.0486111,1.0486111,1.0486111,1.0486111,1.0486111,1.0486111,1.0486111,1.0486111,1.0486111,1.0486111,1.0486111,1.0486111,1.0486111,1.0486111,1.0486111,1.0486111,1.0486111,1.0486111,1.0486111,1.0486111,1.0486111,SINAPI_familias_e_coeficientes_2025_06.xlsx,
3292,3294,"FUSIVEL NH 160 A TAMANHO 00, CAPACIDADE DE INTERRUPCAO DE 120 KA, TENSAO NOMINAL DE 500 V",UN,REPRESENTADO,1.0645833,1.0645833,1.0645833,1.0645833,1.0645833,1.0645833,1.0645833,1.0645833,1.0645833,1.0645833,1.0645833,1.0645833,1.0645833,1.0645833,1.0645833,1.0645833,1.0645833,1.0645833,1.0645833,1.0645833,1.0645833,1.0645833,1.0645833,1.0645833,1.0645833,1.0645833,1.0645833,SINAPI_familias_e_coeficientes_2025_06.xlsx,
3292,3298,"FUSIVEL NH 200 A 250 AMPERES, TAMANHO 1, CAPACIDADE DE INTERRUPCAO DE 120 KA, TENSAO NOMINAL DE 500 V",UN,REPRESENTADO,2.34375,2.34375,2.34375,2.34375,2.34375,2.34375,2.34375,2.34375,2.34375,2.34375,2.34375,2.34375,2.34375,2.34375,2.34375,2.34375,2.34375,2.34375,2.34375,2.34375,2.34375,2.34375,2.34375,2.34375,2.34375,2.34375,2.34375,SINAPI_familias_e_coeficientes_2025_06.xlsx,
3318,3318,"GRADE DE DISCOS MECANICA 20X24"" COM 20 DISCOS 24"" X 6MM COM PNEUS PARA TRANSPORTE",UN,REPRESENTATIVO,1,1,1,1,1,1,1,1,1,1,1,1,1,1,1,1,1,1,1,1,1,1,1,1,1,1,1,SINAPI_familias_e_coeficientes_2025_06.xlsx,
3318,10700,"ARADO REVERSIVEL COM 3 DISCOS DE 26"" X 6MM REBOCAVEL",UN,REPRESENTADO,0.4629591,0.4629591,0.4629591,0.4629591,0.4629591,0.4629591,0.4629591,0.4629591,0.4629591,0.4629591,0.4629591,0.4629591,0.4629591,0.4629591,0.4629591,0.4629591,0.4629591,0.4629591,0.4629591,0.4629591,0.4629591,0.4629591,0.4629591,0.4629591,0.4629591,0.4629591,0.4629591,SINAPI_familias_e_coeficientes_2025_06.xlsx,
3318,36529,"GRADE DE DISCOS COM CONTROLE REMOTO, REBOCAVEL, COM 24 DISCOS 24"" X 6 MM, COM PNEUS PARA TRANSPORTE",UN,REPRESENTADO,1.2755102,1.2755102,1.2755102,1.2755102,1.2755102,1.2755102,1.2755102,1.2755102,1.2755102,1.2755102,1.2755102,1.2755102,1.2755102,1.2755102,1.2755102,1.2755102,1.2755102,1.2755102,1.2755102,1.2755102,1.2755102,1.2755102,1.2755102,1.2755102,1.2755102,1.2755102,1.2755102,SINAPI_familias_e_coeficientes_2025_06.xlsx,
3318,13726,"VASSOURA MECANICA REBOCAVEL COM ESCOVA CILINDRICA LARGURA UTIL DE VARRIMENTO = 2,44M",UN,REPRESENTADO,1.3520408,1.3520408,1.3520408,1.3520408,1.3520408,1.3520408,1.3520408,1.3520408,1.3520408,1.3520408,1.3520408,1.3520408,1.3520408,1.3520408,1.3520408,1.3520408,1.3520408,1.3520408,1.3520408,1.3520408,1.3520408,1.3520408,1.3520408,1.3520408,1.3520408,1.3520408,1.3520408,SINAPI_familias_e_coeficientes_2025_06.xlsx,
3322,3322,"GRAMA ESMERALDA OU SAO CARLOS OU CURITIBANA, EM PLACAS, SEM PLANTIO",M2,REPRESENTATIVO,1,1,1,1,1,1,1,1,1,1,1,1,1,1,1,1,1,1,1,1,1,1,1,1,1,1,1,SINAPI_familias_e_coeficientes_2025_06.xlsx,
3322,10818,"CAPIM BRAQUIARIA DECUMBENS/ BRAQUIARINHA, VC *70*% MINIMO",KG,REPRESENTADO,3.2857143,3.2857143,3.2857143,3.2857143,3.2857143,3.2857143,3.2857143,3.2857143,3.2857143,3.2857143,3.2857143,3.2857143,3.2857143,3.2857143,3.2857143,3.2857143,3.2857143,3.2857143,3.2857143,3.2857143,3.2857143,3.2857143,3.2857143,3.2857143,3.2857143,3.2857143,3.2857143,SINAPI_familias_e_coeficientes_2025_06.xlsx,
3322,3324,"GRAMA BATATAIS EM PLACAS, SEM PLANTIO",M2,REPRESENTADO,0.7142857,0.7142857,0.7142857,0.7142857,0.7142857,0.7142857,0.7142857,0.7142857,0.7142857,0.7142857,0.7142857,0.7142857,0.7142857,0.7142857,0.7142857,0.7142857,0.7142857,0.7142857,0.7142857,0.7142857,0.7142857,0.7142857,0.7142857,0.7142857,0.7142857,0.7142857,0.7142857,SINAPI_familias_e_coeficientes_2025_06.xlsx,
3346,3346,"LOCACAO DE GRUPO GERADOR *80 A 125* KVA, MOTOR DIESEL, REBOCAVEL, ACIONAMENTO MANUAL",H,REPRESENTATIVO,1,1,1,1,1,1,1,1,1,1,1,1,1,1,1,1,1,1,1,1,1,1,1,1,1,1,1,SINAPI_familias_e_coeficientes_2025_06.xlsx,
3346,3348,"LOCACAO DE GRUPO GERADOR ACIMA DE * 125 ATE 180* KVA, MOTOR DIESEL, REBOCAVEL, ACIONAMENTO MANUAL",H,REPRESENTADO,1.1964286,1.1964286,1.1964286,1.1964286,1.1964286,1.1964286,1.1964286,1.1964286,1.1964286,1.1964286,1.1964286,1.1964286,1.1964286,1.1964286,1.1964286,1.1964286,1.1964286,1.1964286,1.1964286,1.1964286,1.1964286,1.1964286,1.1964286,1.1964286,1.1964286,1.1964286,1.1964286,SINAPI_familias_e_coeficientes_2025_06.xlsx,
3346,39833,"LOCACAO DE GRUPO GERADOR DE *260* KVA, DIESEL REBOCAVEL, ACIONAMENTO MANUAL",H,REPRESENTADO,1.63875,1.63875,1.63875,1.63875,1.63875,1.63875,1.63875,1.63875,1.63875,1.63875,1.63875,1.63875,1.63875,1.63875,1.63875,1.63875,1.63875,1.63875,1.63875,1.63875,1.63875,1.63875,1.63875,1.63875,1.63875,1.63875,1.63875,SINAPI_familias_e_coeficientes_2025_06.xlsx,
3363,3363,"GUINDAUTO HIDRAULICO, CAPACIDADE MAXIMA DE CARGA 6200 KG, MOMENTO MAXIMO DE CARGA 11,7 TM, ALCANCE MAXIMO HORIZONTAL 9,70 M, PARA MONTAGEM SOBRE CHASSI DE CAMINHAO PBT MINIMO 13000 KG (INCLUI MONTAGEM, NAO INCLUI CAMINHAO)",UN,REPRESENTATIVO,1,1,1,1,1,1,1,1,1,1,1,1,1,1,1,1,1,1,1,1,1,1,1,1,1,1,1,SINAPI_familias_e_coeficientes_2025_06.xlsx,
3363,37597,"BATE-ESTACAS POR GRAVIDADE, POTENCIA160 HP, PESO DO MARTELO ATE 3 TONELADAS",UN,REPRESENTADO,4.53125,4.53125,4.53125,4.53125,4.53125,4.53125,4.53125,4.53125,4.53125,4.53125,4.53125,4.53125,4.53125,4.53125,4.53125,4.53125,4.53125,4.53125,4.53125,4.53125,4.53125,4.53125,4.53125,4.53125,4.53125,4.53125,4.53125,SINAPI_familias_e_coeficientes_2025_06.xlsx,
3363,36486,"ELEVADOR DE CARGA A CABO, CABINE SEMI FECHADA 2,0 X 1,5 X 2,0 M, CAPACIDADE DE CARGA 1000 KG, TORRE 2,38 X 2,21 X 15 M, GUINCHO DE EMBREAGEM, FREIO DE SEGURANCA, LIMITADOR DE VELOCIDADE E CANCELA",UN,REPRESENTADO,0.5022539,0.5022539,0.5022539,0.5022539,0.5022539,0.5022539,0.5022539,0.5022539,0.5022539,0.5022539,0.5022539,0.5022539,0.5022539,0.5022539,0.5022539,0.5022539,0.5022539,0.5022539,0.5022539,0.5022539,0.5022539,0.5022539,0.5022539,0.5022539,0.5022539,0.5022539,0.5022539,SINAPI_familias_e_coeficientes_2025_06.xlsx,
3363,37777,"ELEVADOR DE CREMALHEIRA CABINE FECHADA 1,5 X 2,5 X 2,35 M (UMA POR TORRE), CAPACIDADE DE CARGA 1200 KG (15 PESSOAS), TORRE 24 M (16 MODULOS), FREIO DE SEGURANCA, LIMITADOR DE CARGA",UN,REPRESENTADO,2.3646016,2.3646016,2.3646016,2.3646016,2.3646016,2.3646016,2.3646016,2.3646016,2.3646016,2.3646016,2.3646016,2.3646016,2.3646016,2.3646016,2.3646016,2.3646016,2.3646016,2.3646016,2.3646016,2.3646016,2.3646016,2.3646016,2.3646016,2.3646016,2.3646016,2.3646016,2.3646016,SINAPI_familias_e_coeficientes_2025_06.xlsx,
3363,36494,"GRUA ASCENCIONAL, LANCA DE 30 M, CAPACIDADE DE 1,0 T A 30 M, ALTURA ATE 39 M",UN,REPRESENTADO,5.153125,5.153125,5.153125,5.153125,5.153125,5.153125,5.153125,5.153125,5.153125,5.153125,5.153125,5.153125,5.153125,5.153125,5.153125,5.153125,5.153125,5.153125,5.153125,5.153125,5.153125,5.153125,5.153125,5.153125,5.153125,5.153125,5.153125,SINAPI_familias_e_coeficientes_2025_06.xlsx,
3363,36493,"GRUA ASCENCIONAL, LANCA DE 42 M, CAPACIDADE DE 1,5 T A 30 M, ALTURA ATE 39 M",UN,REPRESENTADO,5.8382813,5.8382813,5.8382813,5.8382813,5.8382813,5.8382813,5.8382813,5.8382813,5.8382813,5.8382813,5.8382813,5.8382813,5.8382813,5.8382813,5.8382813,5.8382813,5.8382813,5.8382813,5.8382813,5.8382813,5.8382813,5.8382813,5.8382813,5.8382813,5.8382813,5.8382813,5.8382813,SINAPI_familias_e_coeficientes_2025_06.xlsx,
3363,36492,"GRUA ASCENCIONAL, LANCA DE 50 M, CAPACIDADE DE 2,33 T A 30 M, ALTURA ATE 48 M",UN,REPRESENTADO,10.8453125,10.8453125,10.8453125,10.8453125,10.8453125,10.8453125,10.8453125,10.8453125,10.8453125,10.8453125,10.8453125,10.8453125,10.8453125,10.8453125,10.8453125,10.8453125,10.8453125,10.8453125,10.8453125,10.8453125,10.8453125,10.8453125,10.8453125,10.8453125,10.8453125,10.8453125,10.8453125,SINAPI_familias_e_coeficientes_2025_06.xlsx,
3363,44475,"GUINDASTE HIDRAULICO AUTOPROPELIDO, COM LANCA TELESCOPICA 28,80 M, CAPACIDADE MAXIMA 30 T, POTENCIA 97 KW, TRACAO 4 X 4",UN,REPRESENTADO,9.0110313,9.0110313,9.0110313,9.0110313,9.0110313,9.0110313,9.0110313,9.0110313,9.0110313,9.0110313,9.0110313,9.0110313,9.0110313,9.0110313,9.0110313,9.0110313,9.0110313,9.0110313,9.0110313,9.0110313,9.0110313,9.0110313,9.0110313,9.0110313,9.0110313,9.0110313,9.0110313,SINAPI_familias_e_coeficientes_2025_06.xlsx,
3363,44474,"GUINDASTE HIDRAULICO AUTOPROPELIDO, COM LANCA TELESCOPICA 40 M, CAPACIDADE MAXIMA 60 T, POTENCIA 260 KW, TRACAO 6 X 6",UN,REPRESENTADO,17.3289063,17.3289063,17.3289063,17.3289063,17.3289063,17.3289063,17.3289063,17.3289063,17.3289063,17.3289063,17.3289063,17.3289063,17.3289063,17.3289063,17.3289063,17.3289063,17.3289063,17.3289063,17.3289063,17.3289063,17.3289063,17.3289063,17.3289063,17.3289063,17.3289063,17.3289063,17.3289063,SINAPI_familias_e_coeficientes_2025_06.xlsx,
3363,44490,"GUINDASTE HIDRAULICO AUTOPROPELIDO, COM LANCA TELESCOPICA 50 M, CAPACIDADE MAXIMA 100 T, POTENCIA 350 KW, TRACAO 10 X 6",UN,REPRESENTADO,29.4591406,29.4591406,29.4591406,29.4591406,29.4591406,29.4591406,29.4591406,29.4591406,29.4591406,29.4591406,29.4591406,29.4591406,29.4591406,29.4591406,29.4591406,29.4591406,29.4591406,29.4591406,29.4591406,29.4591406,29.4591406,29.4591406,29.4591406,29.4591406,29.4591406,29.4591406,29.4591406,SINAPI_familias_e_coeficientes_2025_06.xlsx,
3363,37776,"GUINDAUTO HIDRAULICO, CAPACIDADE MAXIMA DE CARGA 10000 KG, MOMENTO MAXIMO DE CARGA 23 TM, ALCANCE MAXIMO HORIZONTAL 11,80 M, PARA MONTAGEM SOBRE CHASSI DE CAMINHAO PBT MINIMO 15000 KG (INCLUI MONTAGEM, NAO INCLUI CAMINHAO)",UN,REPRESENTADO,1.8054688,1.8054688,1.8054688,1.8054688,1.8054688,1.8054688,1.8054688,1.8054688,1.8054688,1.8054688,1.8054688,1.8054688,1.8054688,1.8054688,1.8054688,1.8054688,1.8054688,1.8054688,1.8054688,1.8054688,1.8054688,1.8054688,1.8054688,1.8054688,1.8054688,1.8054688,1.8054688,SINAPI_familias_e_coeficientes_2025_06.xlsx,
3363,37775,"GUINDAUTO HIDRAULICO, CAPACIDADE MAXIMA DE CARGA 14340 KG, MOMENTO MAXIMO DE CARGA 42,3 TM, ALCANCE MAXIMO HORIZONTAL 16,80 M, PARA MONTAGEM SOBRE CHASSI DE CAMINHAO PBT MINIMO 23000 KG (INCLUI MONTAGEM, NAO INCLUI CAMINHAO)",UN,REPRESENTADO,2.84375,2.84375,2.84375,2.84375,2.84375,2.84375,2.84375,2.84375,2.84375,2.84375,2.84375,2.84375,2.84375,2.84375,2.84375,2.84375,2.84375,2.84375,2.84375,2.84375,2.84375,2.84375,2.84375,2.84375,2.84375,2.84375,2.84375,SINAPI_familias_e_coeficientes_2025_06.xlsx,
3363,36491,"GUINDAUTO HIDRAULICO, CAPACIDADE MAXIMA DE CARGA 30000 KG, MOMENTO MAXIMO DE CARGA 92,2 TM, ALCANCE MAXIMO HORIZONTAL 22,00 M, PARA MONTAGEM SOBRE CHASSI DE CAMINHAO PBT MINIMO 30000 KG (INCLUI MONTAGEM, NAO INCLUI CAMINHAO)",UN,REPRESENTADO,10.53125,10.53125,10.53125,10.53125,10.53125,10.53125,10.53125,10.53125,10.53125,10.53125,10.53125,10.53125,10.53125,10.53125,10.53125,10.53125,10.53125,10.53125,10.53125,10.53125,10.53125,10.53125,10.53125,10.53125,10.53125,10.53125,10.53125,SINAPI_familias_e_coeficientes_2025_06.xlsx,
3363,10712,"GUINDAUTO HIDRAULICO, CAPACIDADE MAXIMA DE CARGA 3300 KG, MOMENTO MAXIMO DE CARGA 5,8 TM, ALCANCE MAXIMO HORIZONTAL 7,60 M, PARA MONTAGEM SOBRE CHASSI DE CAMINHAO PBT MINIMO 8000 KG (INCLUI MONTAGEM, NAO INCLUI CAMINHAO)",UN,REPRESENTADO,0.7109375,0.7109375,0.7109375,0.7109375,0.7109375,0.7109375,0.7109375,0.7109375,0.7109375,0.7109375,0.7109375,0.7109375,0.7109375,0.7109375,0.7109375,0.7109375,0.7109375,0.7109375,0.7109375,0.7109375,0.7109375,0.7109375,0.7109375,0.7109375,0.7109375,0.7109375,0.7109375,SINAPI_familias_e_coeficientes_2025_06.xlsx,
3363,3365,"GUINDAUTO HIDRAULICO, CAPACIDADE MAXIMA DE CARGA 8500 KG, MOMENTO MAXIMO DE CARGA 30,4 TM, ALCANCE MAXIMO HORIZONTAL 14,30 M, PARA MONTAGEM SOBRE CHASSI DE CAMINHAO PBT MINIMO 23000 KG (INCLUI MONTAGEM, NAO INCLUI CAMINHAO)",UN,REPRESENTADO,2.3375,2.3375,2.3375,2.3375,2.3375,2.3375,2.3375,2.3375,2.3375,2.3375,2.3375,2.3375,2.3375,2.3375,2.3375,2.3375,2.3375,2.3375,2.3375,2.3375,2.3375,2.3375,2.3375,2.3375,2.3375,2.3375,2.3375,SINAPI_familias_e_coeficientes_2025_06.xlsx,
3380,3380,"HASTE DE ATERRAMENTO EM ACO COM 3,00 M DE COMPRIMENTO E DN = 5/8"", REVESTIDA COM BAIXA CAMADA DE COBRE, COM CONECTOR TIPO GRAMPO",UN,REPRESENTATIVO,1,1,1,1,1,1,1,1,1,1,1,1,1,1,1,1,1,1,1,1,1,1,1,1,1,1,1,SINAPI_familias_e_coeficientes_2025_06.xlsx,
3380,11837,"GRAMPO LINHA VIVA DE LATAO ESTANHADO, DIAMETRO DO CONDUTOR PRINCIPAL DE 10 A 120 MM2, DIAMETRO DA DERIVACAO DE 10 A 70 MM2",UN,REPRESENTADO,0.9842365,0.9842365,0.9842365,0.9842365,0.9842365,0.9842365,0.9842365,0.9842365,0.9842365,0.9842365,0.9842365,0.9842365,0.9842365,0.9842365,0.9842365,0.9842365,0.9842365,0.9842365,0.9842365,0.9842365,0.9842365,0.9842365,0.9842365,0.9842365,0.9842365,0.9842365,0.9842365,SINAPI_familias_e_coeficientes_2025_06.xlsx,
3380,415,"GRAMPO METALICO TIPO OLHAL PARA HASTE DE ATERRAMENTO DE 1"", CONDUTOR DE *10* A 50 MM2",UN,REPRESENTADO,0.4036125,0.4036125,0.4036125,0.4036125,0.4036125,0.4036125,0.4036125,0.4036125,0.4036125,0.4036125,0.4036125,0.4036125,0.4036125,0.4036125,0.4036125,0.4036125,0.4036125,0.4036125,0.4036125,0.4036125,0.4036125,0.4036125,0.4036125,0.4036125,0.4036125,0.4036125,0.4036125,SINAPI_familias_e_coeficientes_2025_06.xlsx,
3380,38055,"GRAMPO METALICO TIPO OLHAL PARA HASTE DE ATERRAMENTO DE 1/2"", CONDUTOR DE *10* A 50 MM2",UN,REPRESENTADO,0.0893268,0.0893268,0.0893268,0.0893268,0.0893268,0.0893268,0.0893268,0.0893268,0.0893268,0.0893268,0.0893268,0.0893268,0.0893268,0.0893268,0.0893268,0.0893268,0.0893268,0.0893268,0.0893268,0.0893268,0.0893268,0.0893268,0.0893268,0.0893268,0.0893268,0.0893268,0.0893268,SINAPI_familias_e_coeficientes_2025_06.xlsx,
3380,416,"GRAMPO METALICO TIPO OLHAL PARA HASTE DE ATERRAMENTO DE 3/4"", CONDUTOR DE *10* A 50 MM2",UN,REPRESENTADO,0.1477833,0.1477833,0.1477833,0.1477833,0.1477833,0.1477833,0.1477833,0.1477833,0.1477833,0.1477833,0.1477833,0.1477833,0.1477833,0.1477833,0.1477833,0.1477833,0.1477833,0.1477833,0.1477833,0.1477833,0.1477833,0.1477833,0.1477833,0.1477833,0.1477833,0.1477833,0.1477833,SINAPI_familias_e_coeficientes_2025_06.xlsx,
3380,425,"GRAMPO METALICO TIPO OLHAL PARA HASTE DE ATERRAMENTO DE 5/8"", CONDUTOR DE *10* A 50 MM2",UN,REPRESENTADO,0.0916256,0.0916256,0.0916256,0.0916256,0.0916256,0.0916256,0.0916256,0.0916256,0.0916256,0.0916256,0.0916256,0.0916256,0.0916256,0.0916256,0.0916256,0.0916256,0.0916256,0.0916256,0.0916256,0.0916256,0.0916256,0.0916256,0.0916256,0.0916256,0.0916256,0.0916256,0.0916256,SINAPI_familias_e_coeficientes_2025_06.xlsx,
3380,426,"GRAMPO METALICO TIPO U PARA HASTE DE ATERRAMENTO DE ATE 3/4"", CONDUTOR DE 10 A 25 MM2",UN,REPRESENTADO,0.5044335,0.5044335,0.5044335,0.5044335,0.5044335,0.5044335,0.5044335,0.5044335,0.5044335,0.5044335,0.5044335,0.5044335,0.5044335,0.5044335,0.5044335,0.5044335,0.5044335,0.5044335,0.5044335,0.5044335,0.5044335,0.5044335,0.5044335,0.5044335,0.5044335,0.5044335,0.5044335,SINAPI_familias_e_coeficientes_2025_06.xlsx,
3380,38056,"GRAMPO METALICO TIPO U PARA HASTE DE ATERRAMENTO DE ATE 5/8"", CONDUTOR DE 10 A 25 MM2",UN,REPRESENTADO,0.4926108,0.4926108,0.4926108,0.4926108,0.4926108,0.4926108,0.4926108,0.4926108,0.4926108,0.4926108,0.4926108,0.4926108,0.4926108,0.4926108,0.4926108,0.4926108,0.4926108,0.4926108,0.4926108,0.4926108,0.4926108,0.4926108,0.4926108,0.4926108,0.4926108,0.4926108,0.4926108,SINAPI_familias_e_coeficientes_2025_06.xlsx,
3380,1564,"GRAMPO PARALELO METALICO PARA CABO DE 6 A 50 MM2, COM 2 PARAFUSOS",UN,REPRESENTADO,0.1880131,0.1880131,0.1880131,0.1880131,0.1880131,0.1880131,0.1880131,0.1880131,0.1880131,0.1880131,0.1880131,0.1880131,0.1880131,0.1880131,0.1880131,0.1880131,0.1880131,0.1880131,0.1880131,0.1880131,0.1880131,0.1880131,0.1880131,0.1880131,0.1880131,0.1880131,0.1880131,SINAPI_familias_e_coeficientes_2025_06.xlsx,
3380,3378,"HASTE DE ATERRAMENTO EM ACO COM 3,00 M DE COMPRIMENTO E DN = 3/4"", REVESTIDA COM BAIXA CAMADA DE COBRE, SEM CONECTOR",UN,REPRESENTADO,1.4285714,1.4285714,1.4285714,1.4285714,1.4285714,1.4285714,1.4285714,1.4285714,1.4285714,1.4285714,1.4285714,1.4285714,1.4285714,1.4285714,1.4285714,1.4285714,1.4285714,1.4285714,1.4285714,1.4285714,1.4285714,1.4285714,1.4285714,1.4285714,1.4285714,1.4285714,1.4285714,SINAPI_familias_e_coeficientes_2025_06.xlsx,
3380,3379,"HASTE DE ATERRAMENTO EM ACO COM 3,00 M DE COMPRIMENTO E DN = 5/8"", REVESTIDA COM BAIXA CAMADA DE COBRE, SEM CONECTOR",UN,REPRESENTADO,0.9655172,0.9655172,0.9655172,0.9655172,0.9655172,0.9655172,0.9655172,0.9655172,0.9655172,0.9655172,0.9655172,0.9655172,0.9655172,0.9655172,0.9655172,0.9655172,0.9655172,0.9655172,0.9655172,0.9655172,0.9655172,0.9655172,0.9655172,0.9655172,0.9655172,0.9655172,0.9655172,SINAPI_familias_e_coeficientes_2025_06.xlsx,
3380,11991,"HASTE DE ATERRAMENTO EM ACO GALVANIZADO TIPO CANTONEIRA COM 2,00 M DE COMPRIMENTO, 25 X 25 MM E CHAPA DE 3/16""",UN,REPRESENTADO,1.1210181,1.1210181,1.1210181,1.1210181,1.1210181,1.1210181,1.1210181,1.1210181,1.1210181,1.1210181,1.1210181,1.1210181,1.1210181,1.1210181,1.1210181,1.1210181,1.1210181,1.1210181,1.1210181,1.1210181,1.1210181,1.1210181,1.1210181,1.1210181,1.1210181,1.1210181,1.1210181,SINAPI_familias_e_coeficientes_2025_06.xlsx,
3380,3384,"SUPORTE GUIA SIMPLES COM ROLDANA EM POLIPROPILENO PARA CHUMBAR, H = 20 CM",UN,REPRESENTADO,0.1146141,0.1146141,0.1146141,0.1146141,0.1146141,0.1146141,0.1146141,0.1146141,0.1146141,0.1146141,0.1146141,0.1146141,0.1146141,0.1146141,0.1146141,0.1146141,0.1146141,0.1146141,0.1146141,0.1146141,0.1146141,0.1146141,0.1146141,0.1146141,0.1146141,0.1146141,0.1146141,SINAPI_familias_e_coeficientes_2025_06.xlsx,
3406,3406,"ISOLADOR DE PORCELANA, TIPO PINO MONOCORPO, PARA TENSAO DE *15* KV",UN,REPRESENTATIVO,1,1,1,1,1,1,1,1,1,1,1,1,1,1,1,1,1,1,1,1,1,1,1,1,1,1,1,SINAPI_familias_e_coeficientes_2025_06.xlsx,
3406,3405,"ISOLADOR DE PORCELANA SUSPENSO, DISCO TIPO GARFO OLHAL, DIAMETRO DE 152 MM, PARA TENSAO DE *15* KV",UN,REPRESENTADO,3.2670658,3.2670658,3.2670658,3.2670658,3.2670658,3.2670658,3.2670658,3.2670658,3.2670658,3.2670658,3.2670658,3.2670658,3.2670658,3.2670658,3.2670658,3.2670658,3.2670658,3.2670658,3.2670658,3.2670658,3.2670658,3.2670658,3.2670658,3.2670658,3.2670658,3.2670658,3.2670658,SINAPI_familias_e_coeficientes_2025_06.xlsx,
3406,3394,"ISOLADOR DE PORCELANA, TIPO BUCHA, PARA TENSAO DE *15* KV",UN,REPRESENTADO,17.2455089,17.2455089,17.2455089,17.2455089,17.2455089,17.2455089,17.2455089,17.2455089,17.2455089,17.2455089,17.2455089,17.2455089,17.2455089,17.2455089,17.2455089,17.2455089,17.2455089,17.2455089,17.2455089,17.2455089,17.2455089,17.2455089,17.2455089,17.2455089,17.2455089,17.2455089,17.2455089,SINAPI_familias_e_coeficientes_2025_06.xlsx,
3406,3393,"ISOLADOR DE PORCELANA, TIPO BUCHA, PARA TENSAO DE *35* KV",UN,REPRESENTADO,29.3622754,29.3622754,29.3622754,29.3622754,29.3622754,29.3622754,29.3622754,29.3622754,29.3622754,29.3622754,29.3622754,29.3622754,29.3622754,29.3622754,29.3622754,29.3622754,29.3622754,29.3622754,29.3622754,29.3622754,29.3622754,29.3622754,29.3622754,29.3622754,29.3622754,29.3622754,29.3622754,SINAPI_familias_e_coeficientes_2025_06.xlsx,
3406,3395,"ISOLADOR DE PORCELANA, TIPO PINO MONOCORPO, PARA TENSAO DE *35* KV",UN,REPRESENTADO,4.2185628,4.2185628,4.2185628,4.2185628,4.2185628,4.2185628,4.2185628,4.2185628,4.2185628,4.2185628,4.2185628,4.2185628,4.2185628,4.2185628,4.2185628,4.2185628,4.2185628,4.2185628,4.2185628,4.2185628,4.2185628,4.2185628,4.2185628,4.2185628,4.2185628,4.2185628,4.2185628,SINAPI_familias_e_coeficientes_2025_06.xlsx,
3406,3398,"ISOLADOR DE PORCELANA, TIPO ROLDANA, DIMENSOES DE *72* X *72* MM, PARA USO EM BAIXA TENSAO",UN,REPRESENTADO,0.2005988,0.2005988,0.2005988,0.2005988,0.2005988,0.2005988,0.2005988,0.2005988,0.2005988,0.2005988,0.2005988,0.2005988,0.2005988,0.2005988,0.2005988,0.2005988,0.2005988,0.2005988,0.2005988,0.2005988,0.2005988,0.2005988,0.2005988,0.2005988,0.2005988,0.2005988,0.2005988,SINAPI_familias_e_coeficientes_2025_06.xlsx,
3408,3408,"POLIESTIRENO EXPANDIDO/EPS (ISOPOR), TIPO 2F, PLACA, ISOLAMENTO TERMOACUSTICO, E = 20 MM, 1000 X 500 MM",M2,REPRESENTATIVO,1,1,1,1,1,1,1,1,1,1,1,1,1,1,1,1,1,1,1,1,1,1,1,1,1,1,1,SINAPI_familias_e_coeficientes_2025_06.xlsx,
3408,3412,"PAINEL DE LA DE VIDRO SEM REVESTIMENTO PSI 20, E = 25 MM, DE 1200 X 600 MM",M2,REPRESENTADO,2.0559838,2.0559838,2.0559838,2.0559838,2.0559838,2.0559838,2.0559838,2.0559838,2.0559838,2.0559838,2.0559838,2.0559838,2.0559838,2.0559838,2.0559838,2.0559838,2.0559838,2.0559838,2.0559838,2.0559838,2.0559838,2.0559838,2.0559838,2.0559838,2.0559838,2.0559838,2.0559838,SINAPI_familias_e_coeficientes_2025_06.xlsx,
3408,3413,"PAINEL DE LA DE VIDRO SEM REVESTIMENTO PSI 20, E = 50 MM, DE 1200 X 600 MM",M2,REPRESENTADO,4.6280445,4.6280445,4.6280445,4.6280445,4.6280445,4.6280445,4.6280445,4.6280445,4.6280445,4.6280445,4.6280445,4.6280445,4.6280445,4.6280445,4.6280445,4.6280445,4.6280445,4.6280445,4.6280445,4.6280445,4.6280445,4.6280445,4.6280445,4.6280445,4.6280445,4.6280445,4.6280445,SINAPI_familias_e_coeficientes_2025_06.xlsx,
3408,39744,"PAINEL DE LA DE VIDRO SEM REVESTIMENTO PSI 40, E = 25 MM, DE 1200 X 600 MM",M2,REPRESENTADO,3.5935125,3.5935125,3.5935125,3.5935125,3.5935125,3.5935125,3.5935125,3.5935125,3.5935125,3.5935125,3.5935125,3.5935125,3.5935125,3.5935125,3.5935125,3.5935125,3.5935125,3.5935125,3.5935125,3.5935125,3.5935125,3.5935125,3.5935125,3.5935125,3.5935125,3.5935125,3.5935125,SINAPI_familias_e_coeficientes_2025_06.xlsx,
3408,39745,"PAINEL DE LA DE VIDRO SEM REVESTIMENTO PSI 40, E = 50 MM, DE 1200 X 600 MM",M2,REPRESENTADO,7.5841901,7.5841901,7.5841901,7.5841901,7.5841901,7.5841901,7.5841901,7.5841901,7.5841901,7.5841901,7.5841901,7.5841901,7.5841901,7.5841901,7.5841901,7.5841901,7.5841901,7.5841901,7.5841901,7.5841901,7.5841901,7.5841901,7.5841901,7.5841901,7.5841901,7.5841901,7.5841901,SINAPI_familias_e_coeficientes_2025_06.xlsx,
3408,3411,"POLIESTIRENO EXPANDIDO/EPS (ISOPOR), PEROLAS, PARA CONCRETO LEVE",KG,REPRESENTADO,5.7705479,5.7705479,5.7705479,5.7705479,5.7705479,5.7705479,5.7705479,5.7705479,5.7705479,5.7705479,5.7705479,5.7705479,5.7705479,5.7705479,5.7705479,5.7705479,5.7705479,5.7705479,5.7705479,5.7705479,5.7705479,5.7705479,5.7705479,5.7705479,5.7705479,5.7705479,5.7705479,SINAPI_familias_e_coeficientes_2025_06.xlsx,
3408,39995,"POLIESTIRENO EXPANDIDO/EPS (ISOPOR), TIPO 2F, BLOCO",M3,REPRESENTADO,44.3921233,44.3921233,44.3921233,44.3921233,44.3921233,44.3921233,44.3921233,44.3921233,44.3921233,44.3921233,44.3921233,44.3921233,44.3921233,44.3921233,44.3921233,44.3921233,44.3921233,44.3921233,44.3921233,44.3921233,44.3921233,44.3921233,44.3921233,44.3921233,44.3921233,44.3921233,44.3921233,SINAPI_familias_e_coeficientes_2025_06.xlsx,
3408,11615,"POLIESTIRENO EXPANDIDO/EPS (ISOPOR), TIPO 2F, PLACA, ISOLAMENTO TERMOACUSTICO, E = 10 MM, 1000 X 500 MM",M2,REPRESENTADO,0.3767123,0.3767123,0.3767123,0.3767123,0.3767123,0.3767123,0.3767123,0.3767123,0.3767123,0.3767123,0.3767123,0.3767123,0.3767123,0.3767123,0.3767123,0.3767123,0.3767123,0.3767123,0.3767123,0.3767123,0.3767123,0.3767123,0.3767123,0.3767123,0.3767123,0.3767123,0.3767123,SINAPI_familias_e_coeficientes_2025_06.xlsx,
3408,3409,"POLIESTIRENO EXPANDIDO/EPS (ISOPOR), TIPO 2F, PLACA, ISOLAMENTO TERMOACUSTICO, E = 50 MM, 1000 X 500 MM",M2,REPRESENTADO,2.5,2.5,2.5,2.5,2.5,2.5,2.5,2.5,2.5,2.5,2.5,2.5,2.5,2.5,2.5,2.5,2.5,2.5,2.5,2.5,2.5,2.5,2.5,2.5,2.5,2.5,2.5,SINAPI_familias_e_coeficientes_2025_06.xlsx,
3428,3428,"JANELA DE ABRIR EM MADEIRA IMBUIA/CEDRO ARANA/CEDRO ROSA OU EQUIVALENTE DA REGIAO, CAIXA DO BATENTE/MARCO *10* CM, 2 FOLHAS DE ABRIR TIPO VENEZIANA E 2 FOLHAS DE ABRIR PARA VIDRO, COM GUARNICAO/ALIZAR, COM FERRAGENS, (SEM VIDRO E SEM ACABAMENTO)",M2,REPRESENTATIVO,1,1,1,1,1,1,1,1,1,1,1,1,1,1,1,1,1,1,1,1,1,1,1,1,1,1,1,SINAPI_familias_e_coeficientes_2025_06.xlsx,
3428,40662,"JANELA BASCULANTE EM MADEIRA PINUS/ EUCALIPTO/ TAUARI/ VIROLA OU EQUIVALENTE DA REGIAO, *60 X 60*, CAIXA DO BATENTE/ MARCO E = *10* CM, 2 BASCULAS PARA VIDRO, COM FERRAGENS (SEM VIDRO, SEM GUARNICAO/ALIZAR E SEM ACABAMENTO)",UN,REPRESENTADO,0.2426982,0.2426982,0.2426982,0.2426982,0.2426982,0.2426982,0.2426982,0.2426982,0.2426982,0.2426982,0.2426982,0.2426982,0.2426982,0.2426982,0.2426982,0.2426982,0.2426982,0.2426982,0.2426982,0.2426982,0.2426982,0.2426982,0.2426982,0.2426982,0.2426982,0.2426982,0.2426982,SINAPI_familias_e_coeficientes_2025_06.xlsx,
3428,3437,"JANELA BASCULANTE EM MADEIRA PINUS/ EUCALIPTO/ TAUARI/ VIROLA OU EQUIVALENTE DA REGIAO, CAIXA DO BATENTE/ MARCO *10* CM, *2* FOLHAS BASCULANTES PARA VIDRO, COM FERRAGENS (SEM VIDRO, SEM GUARNICAO/ALIZAR E SEM ACABAMENTO)",M2,REPRESENTADO,0.6741622,0.6741622,0.6741622,0.6741622,0.6741622,0.6741622,0.6741622,0.6741622,0.6741622,0.6741622,0.6741622,0.6741622,0.6741622,0.6741622,0.6741622,0.6741622,0.6741622,0.6741622,0.6741622,0.6741622,0.6741622,0.6741622,0.6741622,0.6741622,0.6741622,0.6741622,0.6741622,SINAPI_familias_e_coeficientes_2025_06.xlsx,
3428,40659,"JANELA DE 6 FOLHAS DE CORRER EM MADEIRA CEDRINHO/ ANGELIM COMERCIAL/ CURUPIXA/ CUMARU OU EQUIVALENTE DA REGIAO, CAIXA DO BATENTE/MARCO *10* CM, 2 FOLHAS DE CORRER VENEZIANA, 2 FOLHAS FIXAS VENEZIANA E 2 FOLHAS DE CORRER PARA VIDRO, COM FERRAGENS (SEM VIDRO, SEM ACABAMENTO E SEM GUARNICAO/ALIZAR)",M2,REPRESENTADO,0.953843,0.953843,0.953843,0.953843,0.953843,0.953843,0.953843,0.953843,0.953843,0.953843,0.953843,0.953843,0.953843,0.953843,0.953843,0.953843,0.953843,0.953843,0.953843,0.953843,0.953843,0.953843,0.953843,0.953843,0.953843,0.953843,0.953843,SINAPI_familias_e_coeficientes_2025_06.xlsx,
3428,40660,"JANELA DE 6 FOLHAS DE CORRER EM MADEIRA IMBUIA/CEDRO ARANA/CEDRO ROSA OU EQUIVALENTE DA REGIAO, CAIXA DO BATENTE/MARCO *10* CM, 2 FOLHAS DE CORRER VENEZIANA, 2 FOLHAS FIXAS VENEZIANA E 2 FOLHAS DE CORRER PARA VIDRO, COM FERRAGENS (SEM VIDRO, SEM ACABAMENTO E SEM GUARNICAO/ALIZAR)",M2,REPRESENTADO,1.2088798,1.2088798,1.2088798,1.2088798,1.2088798,1.2088798,1.2088798,1.2088798,1.2088798,1.2088798,1.2088798,1.2088798,1.2088798,1.2088798,1.2088798,1.2088798,1.2088798,1.2088798,1.2088798,1.2088798,1.2088798,1.2088798,1.2088798,1.2088798,1.2088798,1.2088798,1.2088798,SINAPI_familias_e_coeficientes_2025_06.xlsx,
3428,40661,"JANELA DE 6 FOLHAS DE CORRER EM MADEIRA PINUS/ EUCALIPTO/ TAUARI/ VIROLA OU EQUIVALENTE DA REGIAO, CAIXA DO BATENTE/MARCO *10* CM, 2 FOLHAS DE CORRER VENEZIANA, 2 FOLHAS FIXAS VENEZIANA E 2 FOLHAS DE CORRER PARA VIDRO, COM FERRAGENS (SEM VIDRO, SEM ACABAMENTO E SEM GUARNICAO/ALIZAR)",M2,REPRESENTADO,0.7432543,0.7432543,0.7432543,0.7432543,0.7432543,0.7432543,0.7432543,0.7432543,0.7432543,0.7432543,0.7432543,0.7432543,0.7432543,0.7432543,0.7432543,0.7432543,0.7432543,0.7432543,0.7432543,0.7432543,0.7432543,0.7432543,0.7432543,0.7432543,0.7432543,0.7432543,0.7432543,SINAPI_familias_e_coeficientes_2025_06.xlsx,
3428,3429,"JANELA DE ABRIR EM MADEIRA PINUS/EUCALIPTO/TAUARI/VIROLA OU EQUIVALENTE DA REGIAO, CAIXA DO BATENTE/MARCO *10* CM, 2 FOLHAS DE ABRIR TIPO VENEZIANA E 2 FOLHAS GUILHOTINA PARA VIDRO, COM FERRAGENS (SEM VIDRO, SEM GUARNICAO/ALIZAR E SEM ACABAMENTO)",M2,REPRESENTADO,0.5713483,0.5713483,0.5713483,0.5713483,0.5713483,0.5713483,0.5713483,0.5713483,0.5713483,0.5713483,0.5713483,0.5713483,0.5713483,0.5713483,0.5713483,0.5713483,0.5713483,0.5713483,0.5713483,0.5713483,0.5713483,0.5713483,0.5713483,0.5713483,0.5713483,0.5713483,0.5713483,SINAPI_familias_e_coeficientes_2025_06.xlsx,
3428,3421,"JANELA EM MADEIRA CEDRINHO/ ANGELIM COMERCIAL/ CURUPIXA/ CUMARU OU EQUIVALENTE DA REGIAO, CAIXA DO BATENTE/MARCO *10* CM, 2 FOLHAS DE ABRIR TIPO VENEZIANA E 2 FOLHAS GUILHOTINA PARA VIDRO, COM GUARNICAO/ALIZAR, COM FERRAGENS (SEM VIDRO E SEM ACABAMENTO)",M2,REPRESENTADO,0.7489396,0.7489396,0.7489396,0.7489396,0.7489396,0.7489396,0.7489396,0.7489396,0.7489396,0.7489396,0.7489396,0.7489396,0.7489396,0.7489396,0.7489396,0.7489396,0.7489396,0.7489396,0.7489396,0.7489396,0.7489396,0.7489396,0.7489396,0.7489396,0.7489396,0.7489396,0.7489396,SINAPI_familias_e_coeficientes_2025_06.xlsx,
3428,3423,"JANELA MAXIM-AR EM MADEIRA CEDRINHO/ ANGELIM COMERCIAL/ CURUPIXA/ CUMARU OU EQUIVALENTE DA REGIAO, CAIXA DO BATENTE/MARCO *10* CM, 1 FOLHA PARA VIDRO, COM GUARNICAO/ALIZAR, COM FERRAGENS, (SEM VIDRO E SEM ACABAMENTO)",M2,REPRESENTADO,1.0561836,1.0561836,1.0561836,1.0561836,1.0561836,1.0561836,1.0561836,1.0561836,1.0561836,1.0561836,1.0561836,1.0561836,1.0561836,1.0561836,1.0561836,1.0561836,1.0561836,1.0561836,1.0561836,1.0561836,1.0561836,1.0561836,1.0561836,1.0561836,1.0561836,1.0561836,1.0561836,SINAPI_familias_e_coeficientes_2025_06.xlsx,
3671,3671,"JUNTA PLASTICA DE DILATACAO PARA PISOS, COR CINZA, 17 X 3 MM (ALTURA X ESPESSURA)",M,REPRESENTATIVO,1,1,1,1,1,1,1,1,1,1,1,1,1,1,1,1,1,1,1,1,1,1,1,1,1,1,1,SINAPI_familias_e_coeficientes_2025_06.xlsx,
3671,3674,"JUNTA DILATACAO ELASTICA PARA CONCRETO (FUGENBAND) O-12, ATE 5 MCA",M,REPRESENTADO,67.1020408,67.1020408,67.1020408,67.1020408,67.1020408,67.1020408,67.1020408,67.1020408,67.1020408,67.1020408,67.1020408,67.1020408,67.1020408,67.1020408,67.1020408,67.1020408,67.1020408,67.1020408,67.1020408,67.1020408,67.1020408,67.1020408,67.1020408,67.1020408,67.1020408,67.1020408,67.1020408,SINAPI_familias_e_coeficientes_2025_06.xlsx,
3671,3681,"JUNTA DILATACAO ELASTICA PARA CONCRETO (FUGENBAND) O-22, ATE 30 MCA",M,REPRESENTADO,99.8367347,99.8367347,99.8367347,99.8367347,99.8367347,99.8367347,99.8367347,99.8367347,99.8367347,99.8367347,99.8367347,99.8367347,99.8367347,99.8367347,99.8367347,99.8367347,99.8367347,99.8367347,99.8367347,99.8367347,99.8367347,99.8367347,99.8367347,99.8367347,99.8367347,99.8367347,99.8367347,SINAPI_familias_e_coeficientes_2025_06.xlsx,
3671,3676,"JUNTA DILATACAO ELASTICA PARA CONCRETO (FUGENBAND) O-35/10, ATE 100 MCA",M,REPRESENTADO,375.7142857,375.7142857,375.7142857,375.7142857,375.7142857,375.7142857,375.7142857,375.7142857,375.7142857,375.7142857,375.7142857,375.7142857,375.7142857,375.7142857,375.7142857,375.7142857,375.7142857,375.7142857,375.7142857,375.7142857,375.7142857,375.7142857,375.7142857,375.7142857,375.7142857,375.7142857,375.7142857,SINAPI_familias_e_coeficientes_2025_06.xlsx,
3671,3679,"JUNTA DILATACAO ELASTICA PARA CONCRETO (FUGENBAND) O-35/6, ATE 100 MCA",M,REPRESENTADO,310.8367347,310.8367347,310.8367347,310.8367347,310.8367347,310.8367347,310.8367347,310.8367347,310.8367347,310.8367347,310.8367347,310.8367347,310.8367347,310.8367347,310.8367347,310.8367347,310.8367347,310.8367347,310.8367347,310.8367347,310.8367347,310.8367347,310.8367347,310.8367347,310.8367347,310.8367347,310.8367347,SINAPI_familias_e_coeficientes_2025_06.xlsx,
3671,3672,"JUNTA PLASTICA DE DILATACAO PARA PISOS, COR CINZA, 10 X 4,5 MM (ALTURA X ESPESSURA)",M,REPRESENTADO,1.0612245,1.0612245,1.0612245,1.0612245,1.0612245,1.0612245,1.0612245,1.0612245,1.0612245,1.0612245,1.0612245,1.0612245,1.0612245,1.0612245,1.0612245,1.0612245,1.0612245,1.0612245,1.0612245,1.0612245,1.0612245,1.0612245,1.0612245,1.0612245,1.0612245,1.0612245,1.0612245,SINAPI_familias_e_coeficientes_2025_06.xlsx,
3671,3673,"JUNTA PLASTICA DE DILATACAO PARA PISOS, COR CINZA, 27 X 3 MM (ALTURA X ESPESSURA)",M,REPRESENTADO,1.5714286,1.5714286,1.5714286,1.5714286,1.5714286,1.5714286,1.5714286,1.5714286,1.5714286,1.5714286,1.5714286,1.5714286,1.5714286,1.5714286,1.5714286,1.5714286,1.5714286,1.5714286,1.5714286,1.5714286,1.5714286,1.5714286,1.5714286,1.5714286,1.5714286,1.5714286,1.5714286,SINAPI_familias_e_coeficientes_2025_06.xlsx,
3671,20259,PERFIL DE BORRACHA EPDM MACICO *12 X 15* MM PARA ESQUADRIAS,M,REPRESENTADO,10,10,10,10,10,10,10,10,10,10,10,10,10,10,10,10,10,10,10,10,10,10,10,10,10,10,10,SINAPI_familias_e_coeficientes_2025_06.xlsx,
3671,14077,"PERFIL ELASTOMERICO PRE-FORMADO EM EPMD, PARA JUNTA DE DILATACAO DE PISOS COM POUCA SOLICITACAO, 15 MM DE LARGURA, MOVIMENTACAO DE *11 A 19* MM",M,REPRESENTADO,153.0612245,153.0612245,153.0612245,153.0612245,153.0612245,153.0612245,153.0612245,153.0612245,153.0612245,153.0612245,153.0612245,153.0612245,153.0612245,153.0612245,153.0612245,153.0612245,153.0612245,153.0612245,153.0612245,153.0612245,153.0612245,153.0612245,153.0612245,153.0612245,153.0612245,153.0612245,153.0612245,SINAPI_familias_e_coeficientes_2025_06.xlsx,
3671,3678,"PERFIL ELASTOMERICO PRE-FORMADO EM EPMD, PARA JUNTA DE DILATACAO DE USO GERAL EM MEDIAS SOLICITACOES, 8 MM DE LARGURA, MOVIMENTACAO DE *5 A 11* MM",M,REPRESENTADO,69.1836735,69.1836735,69.1836735,69.1836735,69.1836735,69.1836735,69.1836735,69.1836735,69.1836735,69.1836735,69.1836735,69.1836735,69.1836735,69.1836735,69.1836735,69.1836735,69.1836735,69.1836735,69.1836735,69.1836735,69.1836735,69.1836735,69.1836735,69.1836735,69.1836735,69.1836735,69.1836735,SINAPI_familias_e_coeficientes_2025_06.xlsx,
3736,3736,"LAJE PRE-MOLDADA CONVENCIONAL (LAJOTAS + VIGOTAS) PARA FORRO, UNIDIRECIONAL, SOBRECARGA DE 100 KG/M2, VAO ATE 4,00 M (SEM COLOCACAO)",M2,REPRESENTATIVO,1,1,1,1,1,1,1,1,1,1,1,1,1,1,1,1,1,1,1,1,1,1,1,1,1,1,1,SINAPI_familias_e_coeficientes_2025_06.xlsx,
3736,3745,"LAJE PRE-MOLDADA CONVENCIONAL (LAJOTAS + VIGOTAS) PARA FORRO, UNIDIRECIONAL, SOBRECARGA 100 KG/M2, VAO ATE 5,00 M (SEM COLOCACAO)",M2,REPRESENTADO,1.124031,1.124031,1.124031,1.124031,1.124031,1.124031,1.124031,1.124031,1.124031,1.124031,1.124031,1.124031,1.124031,1.124031,1.124031,1.124031,1.124031,1.124031,1.124031,1.124031,1.124031,1.124031,1.124031,1.124031,1.124031,1.124031,1.124031,SINAPI_familias_e_coeficientes_2025_06.xlsx,
3736,3741,"LAJE PRE-MOLDADA CONVENCIONAL (LAJOTAS + VIGOTAS) PARA FORRO, UNIDIRECIONAL, SOBRECARGA DE 100 KG/M2, VAO ATE 4,50 M (SEM COLOCACAO)",M2,REPRESENTADO,1.0424419,1.0424419,1.0424419,1.0424419,1.0424419,1.0424419,1.0424419,1.0424419,1.0424419,1.0424419,1.0424419,1.0424419,1.0424419,1.0424419,1.0424419,1.0424419,1.0424419,1.0424419,1.0424419,1.0424419,1.0424419,1.0424419,1.0424419,1.0424419,1.0424419,1.0424419,1.0424419,SINAPI_familias_e_coeficientes_2025_06.xlsx,
3736,3747,"LAJE PRE-MOLDADA CONVENCIONAL (LAJOTAS + VIGOTAS) PARA PISO, UNIDIRECIONAL, SOBRECARGA 350 KG/M2 VAO ATE 3,50 M (SEM COLOCACAO)",M2,REPRESENTADO,1.1434109,1.1434109,1.1434109,1.1434109,1.1434109,1.1434109,1.1434109,1.1434109,1.1434109,1.1434109,1.1434109,1.1434109,1.1434109,1.1434109,1.1434109,1.1434109,1.1434109,1.1434109,1.1434109,1.1434109,1.1434109,1.1434109,1.1434109,1.1434109,1.1434109,1.1434109,1.1434109,SINAPI_familias_e_coeficientes_2025_06.xlsx,
3736,3743,"LAJE PRE-MOLDADA CONVENCIONAL (LAJOTAS + VIGOTAS) PARA PISO, UNIDIRECIONAL, SOBRECARGA DE 200 KG/M2, VAO ATE 3,50 M (SEM COLOCACAO)",M2,REPRESENTADO,1.0387597,1.0387597,1.0387597,1.0387597,1.0387597,1.0387597,1.0387597,1.0387597,1.0387597,1.0387597,1.0387597,1.0387597,1.0387597,1.0387597,1.0387597,1.0387597,1.0387597,1.0387597,1.0387597,1.0387597,1.0387597,1.0387597,1.0387597,1.0387597,1.0387597,1.0387597,1.0387597,SINAPI_familias_e_coeficientes_2025_06.xlsx,
3736,3744,"LAJE PRE-MOLDADA CONVENCIONAL (LAJOTAS + VIGOTAS) PARA PISO, UNIDIRECIONAL, SOBRECARGA DE 200 KG/M2, VAO ATE 4,50 M (SEM COLOCACAO)",M2,REPRESENTADO,1.1434109,1.1434109,1.1434109,1.1434109,1.1434109,1.1434109,1.1434109,1.1434109,1.1434109,1.1434109,1.1434109,1.1434109,1.1434109,1.1434109,1.1434109,1.1434109,1.1434109,1.1434109,1.1434109,1.1434109,1.1434109,1.1434109,1.1434109,1.1434109,1.1434109,1.1434109,1.1434109,SINAPI_familias_e_coeficientes_2025_06.xlsx,
3736,3739,"LAJE PRE-MOLDADA CONVENCIONAL (LAJOTAS + VIGOTAS) PARA PISO, UNIDIRECIONAL, SOBRECARGA DE 200 KG/M2, VAO ATE 5,00 M (SEM COLOCACAO)",M2,REPRESENTADO,1.2015504,1.2015504,1.2015504,1.2015504,1.2015504,1.2015504,1.2015504,1.2015504,1.2015504,1.2015504,1.2015504,1.2015504,1.2015504,1.2015504,1.2015504,1.2015504,1.2015504,1.2015504,1.2015504,1.2015504,1.2015504,1.2015504,1.2015504,1.2015504,1.2015504,1.2015504,1.2015504,SINAPI_familias_e_coeficientes_2025_06.xlsx,
3736,3737,"LAJE PRE-MOLDADA CONVENCIONAL (LAJOTAS + VIGOTAS) PARA PISO, UNIDIRECIONAL, SOBRECARGA DE 350 KG/M2, VAO ATE 4,50 M (SEM COLOCACAO)",M2,REPRESENTADO,1.2596899,1.2596899,1.2596899,1.2596899,1.2596899,1.2596899,1.2596899,1.2596899,1.2596899,1.2596899,1.2596899,1.2596899,1.2596899,1.2596899,1.2596899,1.2596899,1.2596899,1.2596899,1.2596899,1.2596899,1.2596899,1.2596899,1.2596899,1.2596899,1.2596899,1.2596899,1.2596899,SINAPI_familias_e_coeficientes_2025_06.xlsx,
3736,3738,"LAJE PRE-MOLDADA CONVENCIONAL (LAJOTAS + VIGOTAS) PARA PISO, UNIDIRECIONAL, SOBRECARGA DE 350 KG/M2, VAO ATE 5,00 M (SEM COLOCACAO)",M2,REPRESENTADO,1.4534884,1.4534884,1.4534884,1.4534884,1.4534884,1.4534884,1.4534884,1.4534884,1.4534884,1.4534884,1.4534884,1.4534884,1.4534884,1.4534884,1.4534884,1.4534884,1.4534884,1.4534884,1.4534884,1.4534884,1.4534884,1.4534884,1.4534884,1.4534884,1.4534884,1.4534884,1.4534884,SINAPI_familias_e_coeficientes_2025_06.xlsx,
3736,11649,"LAJE PRE-MOLDADA DE TRANSICAO EXCENTRICA EM CONCRETO ARMADO, DN 1200 MM, FURO CIRCULAR DN 600 MM, ESPESSURA 12 CM",UN,REPRESENTADO,8.2945736,8.2945736,8.2945736,8.2945736,8.2945736,8.2945736,8.2945736,8.2945736,8.2945736,8.2945736,8.2945736,8.2945736,8.2945736,8.2945736,8.2945736,8.2945736,8.2945736,8.2945736,8.2945736,8.2945736,8.2945736,8.2945736,8.2945736,8.2945736,8.2945736,8.2945736,8.2945736,SINAPI_familias_e_coeficientes_2025_06.xlsx,
3736,11650,"LAJE PRE-MOLDADA DE TRANSICAO EXCENTRICA EM CONCRETO ARMADO, DN 1500 MM, FURO CIRCULAR DN 530 MM, ESPESSURA 15 CM",UN,REPRESENTADO,14.1375969,14.1375969,14.1375969,14.1375969,14.1375969,14.1375969,14.1375969,14.1375969,14.1375969,14.1375969,14.1375969,14.1375969,14.1375969,14.1375969,14.1375969,14.1375969,14.1375969,14.1375969,14.1375969,14.1375969,14.1375969,14.1375969,14.1375969,14.1375969,14.1375969,14.1375969,14.1375969,SINAPI_familias_e_coeficientes_2025_06.xlsx,
3736,3742,"LAJE PRE-MOLDADA TRELICADA (LAJOTAS + VIGOTAS) PARA FORRO, UNIDIRECIONAL, SOBRECARGA DE 100 KG/M2, VAO ATE 6,00 M (SEM COLOCACAO)",M2,REPRESENTADO,1.5077519,1.5077519,1.5077519,1.5077519,1.5077519,1.5077519,1.5077519,1.5077519,1.5077519,1.5077519,1.5077519,1.5077519,1.5077519,1.5077519,1.5077519,1.5077519,1.5077519,1.5077519,1.5077519,1.5077519,1.5077519,1.5077519,1.5077519,1.5077519,1.5077519,1.5077519,1.5077519,SINAPI_familias_e_coeficientes_2025_06.xlsx,
3736,3746,"LAJE PRE-MOLDADA TRELICADA (LAJOTAS + VIGOTAS) PARA PISO, UNIDIRECIONAL, SOBRECARGA DE 200 KG/M2, VAO ATE 6,00 M (SEM COLOCACAO)",M2,REPRESENTADO,1.7604651,1.7604651,1.7604651,1.7604651,1.7604651,1.7604651,1.7604651,1.7604651,1.7604651,1.7604651,1.7604651,1.7604651,1.7604651,1.7604651,1.7604651,1.7604651,1.7604651,1.7604651,1.7604651,1.7604651,1.7604651,1.7604651,1.7604651,1.7604651,1.7604651,1.7604651,1.7604651,SINAPI_familias_e_coeficientes_2025_06.xlsx,
3780,3780,"LUMINARIA DE SOBREPOR EM CHAPA DE ACO PARA 1 LAMPADA FLUORESCENTE DE *36* W, ALETADA, COMPLETA (LAMPADA E REATOR INCLUSOS)",UN,REPRESENTATIVO,1,1,1,1,1,1,1,1,1,1,1,1,1,1,1,1,1,1,1,1,1,1,1,1,1,1,1,SINAPI_familias_e_coeficientes_2025_06.xlsx,
3780,39380,BASE PARA RELE COM SUPORTE METALICO,UN,REPRESENTADO,0.1971757,0.1971757,0.1971757,0.1971757,0.1971757,0.1971757,0.1971757,0.1971757,0.1971757,0.1971757,0.1971757,0.1971757,0.1971757,0.1971757,0.1971757,0.1971757,0.1971757,0.1971757,0.1971757,0.1971757,0.1971757,0.1971757,0.1971757,0.1971757,0.1971757,0.1971757,0.1971757,SINAPI_familias_e_coeficientes_2025_06.xlsx,
3780,2512,"BRACO P/ LUMINARIA PUBLICA 1 X 1,50M ROMAGNOLE OU EQUIV",UN,REPRESENTADO,0.37901,0.37901,0.37901,0.37901,0.37901,0.37901,0.37901,0.37901,0.37901,0.37901,0.37901,0.37901,0.37901,0.37901,0.37901,0.37901,0.37901,0.37901,0.37901,0.37901,0.37901,0.37901,0.37901,0.37901,0.37901,0.37901,0.37901,SINAPI_familias_e_coeficientes_2025_06.xlsx,
3780,3798,"LUMINARIA ABERTA P/ ILUMINACAO PUBLICA, TIPO X-57 PETERCO OU EQUIV",UN,REPRESENTADO,0.81224,0.81224,0.81224,0.81224,0.81224,0.81224,0.81224,0.81224,0.81224,0.81224,0.81224,0.81224,0.81224,0.81224,0.81224,0.81224,0.81224,0.81224,0.81224,0.81224,0.81224,0.81224,0.81224,0.81224,0.81224,0.81224,0.81224,SINAPI_familias_e_coeficientes_2025_06.xlsx,
3780,38769,"LUMINARIA ARANDELA TIPO MEIA-LUA COM VIDRO FOSCO *30 X 15* CM, PARA 1 LAMPADA, BASE E27, POTENCIA MAXIMA 40/60 W (NAO INCLUI LAMPADA)",UN,REPRESENTADO,0.6343096,0.6343096,0.6343096,0.6343096,0.6343096,0.6343096,0.6343096,0.6343096,0.6343096,0.6343096,0.6343096,0.6343096,0.6343096,0.6343096,0.6343096,0.6343096,0.6343096,0.6343096,0.6343096,0.6343096,0.6343096,0.6343096,0.6343096,0.6343096,0.6343096,0.6343096,0.6343096,SINAPI_familias_e_coeficientes_2025_06.xlsx,
3780,38889,"LUMINARIA DE SOBREPOR EM CHAPA DE ACO COM ALETAS PLASTICAS, PARA 1 LAMPADA, BASE E27, POTENCIA MAXIMA 40/60 W (NAO INCLUI LAMPADA)",UN,REPRESENTADO,0.4861925,0.4861925,0.4861925,0.4861925,0.4861925,0.4861925,0.4861925,0.4861925,0.4861925,0.4861925,0.4861925,0.4861925,0.4861925,0.4861925,0.4861925,0.4861925,0.4861925,0.4861925,0.4861925,0.4861925,0.4861925,0.4861925,0.4861925,0.4861925,0.4861925,0.4861925,0.4861925,SINAPI_familias_e_coeficientes_2025_06.xlsx,
3780,38784,"LUMINARIA DE SOBREPOR EM CHAPA DE ACO COM ALETAS PLASTICAS, PARA 2 LAMPADAS, BASE E27, POTENCIA MAXIMA 40/60 W (NAO INCLUI LAMPADAS)",UN,REPRESENTADO,0.6504184,0.6504184,0.6504184,0.6504184,0.6504184,0.6504184,0.6504184,0.6504184,0.6504184,0.6504184,0.6504184,0.6504184,0.6504184,0.6504184,0.6504184,0.6504184,0.6504184,0.6504184,0.6504184,0.6504184,0.6504184,0.6504184,0.6504184,0.6504184,0.6504184,0.6504184,0.6504184,SINAPI_familias_e_coeficientes_2025_06.xlsx,
3780,38773,"LUMINARIA DE TETO PLAFON/PLAFONIER EM PLASTICO COM BASE E27, POTENCIA MAXIMA 60 W (NAO INCLUI LAMPADA)",UN,REPRESENTADO,0.0638075,0.0638075,0.0638075,0.0638075,0.0638075,0.0638075,0.0638075,0.0638075,0.0638075,0.0638075,0.0638075,0.0638075,0.0638075,0.0638075,0.0638075,0.0638075,0.0638075,0.0638075,0.0638075,0.0638075,0.0638075,0.0638075,0.0638075,0.0638075,0.0638075,0.0638075,0.0638075,SINAPI_familias_e_coeficientes_2025_06.xlsx,
3780,12271,"LUMINARIA DUPLA P/SINALIZACAO, TIPO WETZEL AS-2/110 OU EQUIV",UN,REPRESENTADO,3.55685,3.55685,3.55685,3.55685,3.55685,3.55685,3.55685,3.55685,3.55685,3.55685,3.55685,3.55685,3.55685,3.55685,3.55685,3.55685,3.55685,3.55685,3.55685,3.55685,3.55685,3.55685,3.55685,3.55685,3.55685,3.55685,3.55685,SINAPI_familias_e_coeficientes_2025_06.xlsx,
3780,3803,"LUMINARIA PLAFON REDONDO COM VIDRO FOSCO DIAMETRO *25* CM, PARA 1 LAMPADA, BASE E27, POTENCIA MAXIMA 40/60 W (NAO INCLUI LAMPADA)",UN,REPRESENTADO,0.6014644,0.6014644,0.6014644,0.6014644,0.6014644,0.6014644,0.6014644,0.6014644,0.6014644,0.6014644,0.6014644,0.6014644,0.6014644,0.6014644,0.6014644,0.6014644,0.6014644,0.6014644,0.6014644,0.6014644,0.6014644,0.6014644,0.6014644,0.6014644,0.6014644,0.6014644,0.6014644,SINAPI_familias_e_coeficientes_2025_06.xlsx,
3780,38770,"LUMINARIA PLAFON REDONDO COM VIDRO FOSCO DIAMETRO *30* CM, PARA 2 LAMPADAS, BASE E27, POTENCIA MAXIMA 40/60 W (NAO INCLUI LAMPADAS)",UN,REPRESENTADO,0.6964435,0.6964435,0.6964435,0.6964435,0.6964435,0.6964435,0.6964435,0.6964435,0.6964435,0.6964435,0.6964435,0.6964435,0.6964435,0.6964435,0.6964435,0.6964435,0.6964435,0.6964435,0.6964435,0.6964435,0.6964435,0.6964435,0.6964435,0.6964435,0.6964435,0.6964435,0.6964435,SINAPI_familias_e_coeficientes_2025_06.xlsx,
3780,12267,LUMINARIA PROVA DE TEMPO PETERCO Y.31/1,UN,REPRESENTADO,2.04082,2.04082,2.04082,2.04082,2.04082,2.04082,2.04082,2.04082,2.04082,2.04082,2.04082,2.04082,2.04082,2.04082,2.04082,2.04082,2.04082,2.04082,2.04082,2.04082,2.04082,2.04082,2.04082,2.04082,2.04082,2.04082,2.04082,SINAPI_familias_e_coeficientes_2025_06.xlsx,
3780,12266,"LUMINARIA SPOT DE SOBREPOR EM ALUMINIO COM ALETA PLASTICA PARA 1 LAMPADA, BASE E27, POTENCIA MAXIMA 40/60 W (NAO INCLUI LAMPADA)",UN,REPRESENTADO,1.0445607,1.0445607,1.0445607,1.0445607,1.0445607,1.0445607,1.0445607,1.0445607,1.0445607,1.0445607,1.0445607,1.0445607,1.0445607,1.0445607,1.0445607,1.0445607,1.0445607,1.0445607,1.0445607,1.0445607,1.0445607,1.0445607,1.0445607,1.0445607,1.0445607,1.0445607,1.0445607,SINAPI_familias_e_coeficientes_2025_06.xlsx,
3780,39378,"LUMINARIA SPOT DE SOBREPOR EM ALUMINIO COM ALETA PLASTICA PARA 2 LAMPADAS, BASE E27, POTENCIA MAXIMA 40/60 W (NAO INCLUI LAMPADA)",UN,REPRESENTADO,0.7405858,0.7405858,0.7405858,0.7405858,0.7405858,0.7405858,0.7405858,0.7405858,0.7405858,0.7405858,0.7405858,0.7405858,0.7405858,0.7405858,0.7405858,0.7405858,0.7405858,0.7405858,0.7405858,0.7405858,0.7405858,0.7405858,0.7405858,0.7405858,0.7405858,0.7405858,0.7405858,SINAPI_familias_e_coeficientes_2025_06.xlsx,
3780,43543,"LUMINARIA TIPO TARTARUGA A PROVA DE TEMPO, GASES, VAPOR E PO, EM ALUMINIO, COM GRADE, BASE E27, POTENCIA MAXIMA 100 W (NAO INCLUI LAMPADA)",UN,REPRESENTADO,1.54286,1.54286,1.54286,1.54286,1.54286,1.54286,1.54286,1.54286,1.54286,1.54286,1.54286,1.54286,1.54286,1.54286,1.54286,1.54286,1.54286,1.54286,1.54286,1.54286,1.54286,1.54286,1.54286,1.54286,1.54286,1.54286,1.54286,SINAPI_familias_e_coeficientes_2025_06.xlsx,
3780,38775,"LUMINARIA TIPO TARTARUGA PARA AREA EXTERNA EM ALUMINIO, COM GRADE, PARA 1 LAMPADA, BASE E27, POTENCIA MAXIMA 40/60 W (NAO INCLUI LAMPADA)",UN,REPRESENTADO,0.7851464,0.7851464,0.7851464,0.7851464,0.7851464,0.7851464,0.7851464,0.7851464,0.7851464,0.7851464,0.7851464,0.7851464,0.7851464,0.7851464,0.7851464,0.7851464,0.7851464,0.7851464,0.7851464,0.7851464,0.7851464,0.7851464,0.7851464,0.7851464,0.7851464,0.7851464,0.7851464,SINAPI_familias_e_coeficientes_2025_06.xlsx,
3780,2510,"RELE FOTOELETRICO INTERNO E EXTERNO BIVOLT 1000 W, DE CONECTOR, SEM BASE",UN,REPRESENTADO,0.3446653,0.3446653,0.3446653,0.3446653,0.3446653,0.3446653,0.3446653,0.3446653,0.3446653,0.3446653,0.3446653,0.3446653,0.3446653,0.3446653,0.3446653,0.3446653,0.3446653,0.3446653,0.3446653,0.3446653,0.3446653,0.3446653,0.3446653,0.3446653,0.3446653,0.3446653,0.3446653,SINAPI_familias_e_coeficientes_2025_06.xlsx,
3780,39396,"SENSOR DE PRESENCA BIVOLT COM FOTOCELULA PARA QUALQUER TIPO DE LAMPADA, POTENCIA MAXIMA *1000* W, USO EXTERNO",UN,REPRESENTADO,0.6748954,0.6748954,0.6748954,0.6748954,0.6748954,0.6748954,0.6748954,0.6748954,0.6748954,0.6748954,0.6748954,0.6748954,0.6748954,0.6748954,0.6748954,0.6748954,0.6748954,0.6748954,0.6748954,0.6748954,0.6748954,0.6748954,0.6748954,0.6748954,0.6748954,0.6748954,0.6748954,SINAPI_familias_e_coeficientes_2025_06.xlsx,
3780,39392,"SENSOR DE PRESENCA BIVOLT DE PAREDE COM FOTOCELULA PARA QUALQUER TIPO DE LAMPADA POTENCIA MAXIMA *1000* W, USO INTERNO",UN,REPRESENTADO,0.7612971,0.7612971,0.7612971,0.7612971,0.7612971,0.7612971,0.7612971,0.7612971,0.7612971,0.7612971,0.7612971,0.7612971,0.7612971,0.7612971,0.7612971,0.7612971,0.7612971,0.7612971,0.7612971,0.7612971,0.7612971,0.7612971,0.7612971,0.7612971,0.7612971,0.7612971,0.7612971,SINAPI_familias_e_coeficientes_2025_06.xlsx,
3780,39393,"SENSOR DE PRESENCA BIVOLT DE PAREDE SEM FOTOCELULA PARA QUALQUER TIPO DE LAMPADA POTENCIA MAXIMA *1000* W, USO INTERNO",UN,REPRESENTADO,0.4708159,0.4708159,0.4708159,0.4708159,0.4708159,0.4708159,0.4708159,0.4708159,0.4708159,0.4708159,0.4708159,0.4708159,0.4708159,0.4708159,0.4708159,0.4708159,0.4708159,0.4708159,0.4708159,0.4708159,0.4708159,0.4708159,0.4708159,0.4708159,0.4708159,0.4708159,0.4708159,SINAPI_familias_e_coeficientes_2025_06.xlsx,
3780,39394,"SENSOR DE PRESENCA BIVOLT DE TETO COM FOTOCELULA PARA QUALQUER TIPO DE LAMPADA POTENCIA MAXIMA *1000* W, USO INTERNO",UN,REPRESENTADO,0.5299163,0.5299163,0.5299163,0.5299163,0.5299163,0.5299163,0.5299163,0.5299163,0.5299163,0.5299163,0.5299163,0.5299163,0.5299163,0.5299163,0.5299163,0.5299163,0.5299163,0.5299163,0.5299163,0.5299163,0.5299163,0.5299163,0.5299163,0.5299163,0.5299163,0.5299163,0.5299163,SINAPI_familias_e_coeficientes_2025_06.xlsx,
3780,39395,"SENSOR DE PRESENCA BIVOLT DE TETO SEM FOTOCELULA PARA QUALQUER TIPO DE LAMPADA POTENCIA MAXIMA *900* W, USO INTERNO",UN,REPRESENTADO,0.4927824,0.4927824,0.4927824,0.4927824,0.4927824,0.4927824,0.4927824,0.4927824,0.4927824,0.4927824,0.4927824,0.4927824,0.4927824,0.4927824,0.4927824,0.4927824,0.4927824,0.4927824,0.4927824,0.4927824,0.4927824,0.4927824,0.4927824,0.4927824,0.4927824,0.4927824,0.4927824,SINAPI_familias_e_coeficientes_2025_06.xlsx,
4016,4016,"MANTA ASFALTICA ELASTOMERICA TIPO GLASS 3 MM, TIPO II, CLASSE C, ACABAMENTO PP (NBR 9952)",M2,REPRESENTATIVO,1,1,1,1,1,1,1,1,1,1,1,1,1,1,1,1,1,1,1,1,1,1,1,1,1,1,1,SINAPI_familias_e_coeficientes_2025_06.xlsx,
4016,38365,CAMADA SEPARADORA DE FILME DE POLIETILENO 20 A 25 MICRA,M2,REPRESENTADO,0.0549387,0.0549387,0.0549387,0.0549387,0.0549387,0.0549387,0.0549387,0.0549387,0.0549387,0.0549387,0.0549387,0.0549387,0.0549387,0.0549387,0.0549387,0.0549387,0.0549387,0.0549387,0.0549387,0.0549387,0.0549387,0.0549387,0.0549387,0.0549387,0.0549387,0.0549387,0.0549387,SINAPI_familias_e_coeficientes_2025_06.xlsx,
4016,39701,"FITA ADESIVA ASFALTICA ALUMINIZADA MULTIUSO, L = 10 CM, ROLO DE 10 M",UN,REPRESENTADO,2.540331,2.540331,2.540331,2.540331,2.540331,2.540331,2.540331,2.540331,2.540331,2.540331,2.540331,2.540331,2.540331,2.540331,2.540331,2.540331,2.540331,2.540331,2.540331,2.540331,2.540331,2.540331,2.540331,2.540331,2.540331,2.540331,2.540331,SINAPI_familias_e_coeficientes_2025_06.xlsx,
4016,4013,"GEOTEXTIL NAO TECIDO AGULHADO DE FILAMENTOS CONTINUOS 100% POLIESTER, RESITENCIA A TRACAO = 09 KN/M",M2,REPRESENTADO,0.179249,0.179249,0.179249,0.179249,0.179249,0.179249,0.179249,0.179249,0.179249,0.179249,0.179249,0.179249,0.179249,0.179249,0.179249,0.179249,0.179249,0.179249,0.179249,0.179249,0.179249,0.179249,0.179249,0.179249,0.179249,0.179249,0.179249,SINAPI_familias_e_coeficientes_2025_06.xlsx,
4016,4011,"GEOTEXTIL NAO TECIDO AGULHADO DE FILAMENTOS CONTINUOS 100% POLIESTER, RESITENCIA A TRACAO = 10 KN/M",M2,REPRESENTADO,0.2002002,0.2002002,0.2002002,0.2002002,0.2002002,0.2002002,0.2002002,0.2002002,0.2002002,0.2002002,0.2002002,0.2002002,0.2002002,0.2002002,0.2002002,0.2002002,0.2002002,0.2002002,0.2002002,0.2002002,0.2002002,0.2002002,0.2002002,0.2002002,0.2002002,0.2002002,0.2002002,SINAPI_familias_e_coeficientes_2025_06.xlsx,
4016,4021,"GEOTEXTIL NAO TECIDO AGULHADO DE FILAMENTOS CONTINUOS 100% POLIESTER, RESITENCIA A TRACAO = 14 KN/M",M2,REPRESENTADO,0.2496683,0.2496683,0.2496683,0.2496683,0.2496683,0.2496683,0.2496683,0.2496683,0.2496683,0.2496683,0.2496683,0.2496683,0.2496683,0.2496683,0.2496683,0.2496683,0.2496683,0.2496683,0.2496683,0.2496683,0.2496683,0.2496683,0.2496683,0.2496683,0.2496683,0.2496683,0.2496683,SINAPI_familias_e_coeficientes_2025_06.xlsx,
4016,4019,"GEOTEXTIL NAO TECIDO AGULHADO DE FILAMENTOS CONTINUOS 100% POLIESTER, RESITENCIA A TRACAO = 16 KN/M",M2,REPRESENTADO,0.2997183,0.2997183,0.2997183,0.2997183,0.2997183,0.2997183,0.2997183,0.2997183,0.2997183,0.2997183,0.2997183,0.2997183,0.2997183,0.2997183,0.2997183,0.2997183,0.2997183,0.2997183,0.2997183,0.2997183,0.2997183,0.2997183,0.2997183,0.2997183,0.2997183,0.2997183,0.2997183,SINAPI_familias_e_coeficientes_2025_06.xlsx,
4016,4012,"GEOTEXTIL NAO TECIDO AGULHADO DE FILAMENTOS CONTINUOS 100% POLIESTER, RESITENCIA A TRACAO = 21 KN/M",M2,REPRESENTADO,0.4015644,0.4015644,0.4015644,0.4015644,0.4015644,0.4015644,0.4015644,0.4015644,0.4015644,0.4015644,0.4015644,0.4015644,0.4015644,0.4015644,0.4015644,0.4015644,0.4015644,0.4015644,0.4015644,0.4015644,0.4015644,0.4015644,0.4015644,0.4015644,0.4015644,0.4015644,0.4015644,SINAPI_familias_e_coeficientes_2025_06.xlsx,
4016,4020,"GEOTEXTIL NAO TECIDO AGULHADO DE FILAMENTOS CONTINUOS 100% POLIESTER, RESITENCIA A TRACAO = 26 KN/M",M2,REPRESENTADO,0.5028284,0.5028284,0.5028284,0.5028284,0.5028284,0.5028284,0.5028284,0.5028284,0.5028284,0.5028284,0.5028284,0.5028284,0.5028284,0.5028284,0.5028284,0.5028284,0.5028284,0.5028284,0.5028284,0.5028284,0.5028284,0.5028284,0.5028284,0.5028284,0.5028284,0.5028284,0.5028284,SINAPI_familias_e_coeficientes_2025_06.xlsx,
4016,4018,"GEOTEXTIL NAO TECIDO AGULHADO DE FILAMENTOS CONTINUOS 100% POLIESTER, RESITENCIA A TRACAO = 31 KN/M",M2,REPRESENTADO,0.6023465,0.6023465,0.6023465,0.6023465,0.6023465,0.6023465,0.6023465,0.6023465,0.6023465,0.6023465,0.6023465,0.6023465,0.6023465,0.6023465,0.6023465,0.6023465,0.6023465,0.6023465,0.6023465,0.6023465,0.6023465,0.6023465,0.6023465,0.6023465,0.6023465,0.6023465,0.6023465,SINAPI_familias_e_coeficientes_2025_06.xlsx,
4016,39700,MANTA ANTIRRUIDO DE POLIESTER (PET) PARA CONTRAPISO E = *8* MM,M2,REPRESENTADO,0.6883581,0.6883581,0.6883581,0.6883581,0.6883581,0.6883581,0.6883581,0.6883581,0.6883581,0.6883581,0.6883581,0.6883581,0.6883581,0.6883581,0.6883581,0.6883581,0.6883581,0.6883581,0.6883581,0.6883581,0.6883581,0.6883581,0.6883581,0.6883581,0.6883581,0.6883581,0.6883581,SINAPI_familias_e_coeficientes_2025_06.xlsx,
4016,4014,"MANTA ASFALTICA ELASTOMERICA EM POLIESTER 3 MM, TIPO III, CLASSE B, ACABAMENTO PP (NBR 9952)",M2,REPRESENTADO,1.4170566,1.4170566,1.4170566,1.4170566,1.4170566,1.4170566,1.4170566,1.4170566,1.4170566,1.4170566,1.4170566,1.4170566,1.4170566,1.4170566,1.4170566,1.4170566,1.4170566,1.4170566,1.4170566,1.4170566,1.4170566,1.4170566,1.4170566,1.4170566,1.4170566,1.4170566,1.4170566,SINAPI_familias_e_coeficientes_2025_06.xlsx,
4016,4015,"MANTA ASFALTICA ELASTOMERICA EM POLIESTER 4 MM, TIPO III, CLASSE B, ACABAMENTO PP (NBR 9952)",M2,REPRESENTADO,1.7401122,1.7401122,1.7401122,1.7401122,1.7401122,1.7401122,1.7401122,1.7401122,1.7401122,1.7401122,1.7401122,1.7401122,1.7401122,1.7401122,1.7401122,1.7401122,1.7401122,1.7401122,1.7401122,1.7401122,1.7401122,1.7401122,1.7401122,1.7401122,1.7401122,1.7401122,1.7401122,SINAPI_familias_e_coeficientes_2025_06.xlsx,
4016,4017,"MANTA ASFALTICA ELASTOMERICA EM POLIESTER 5 MM, TIPO III, CLASSE B, ACABAMENTO PP (NBR 9952)",M2,REPRESENTADO,2.5319215,2.5319215,2.5319215,2.5319215,2.5319215,2.5319215,2.5319215,2.5319215,2.5319215,2.5319215,2.5319215,2.5319215,2.5319215,2.5319215,2.5319215,2.5319215,2.5319215,2.5319215,2.5319215,2.5319215,2.5319215,2.5319215,2.5319215,2.5319215,2.5319215,2.5319215,2.5319215,SINAPI_familias_e_coeficientes_2025_06.xlsx,
4016,11621,"MANTA ASFALTICA ELASTOMERICA EM POLIESTER ALUMINIZADA 3 MM, TIPO III, CLASSE B (NBR 9952)",M2,REPRESENTADO,1.3695859,1.3695859,1.3695859,1.3695859,1.3695859,1.3695859,1.3695859,1.3695859,1.3695859,1.3695859,1.3695859,1.3695859,1.3695859,1.3695859,1.3695859,1.3695859,1.3695859,1.3695859,1.3695859,1.3695859,1.3695859,1.3695859,1.3695859,1.3695859,1.3695859,1.3695859,1.3695859,SINAPI_familias_e_coeficientes_2025_06.xlsx,
4016,38544,"MANTA DE POLIETILENO EXPANDIDO (PEBD) ANTICHAMAS, E = 8 MM",M2,REPRESENTADO,0.256652,0.256652,0.256652,0.256652,0.256652,0.256652,0.256652,0.256652,0.256652,0.256652,0.256652,0.256652,0.256652,0.256652,0.256652,0.256652,0.256652,0.256652,0.256652,0.256652,0.256652,0.256652,0.256652,0.256652,0.256652,0.256652,0.256652,SINAPI_familias_e_coeficientes_2025_06.xlsx,
4016,38545,"MANTA DE POLIETILENO EXPANDIDO (PEBD), E = 5 MM",M2,REPRESENTADO,0.1649906,0.1649906,0.1649906,0.1649906,0.1649906,0.1649906,0.1649906,0.1649906,0.1649906,0.1649906,0.1649906,0.1649906,0.1649906,0.1649906,0.1649906,0.1649906,0.1649906,0.1649906,0.1649906,0.1649906,0.1649906,0.1649906,0.1649906,0.1649906,0.1649906,0.1649906,0.1649906,SINAPI_familias_e_coeficientes_2025_06.xlsx,
4016,39323,"MANTA GEOTEXTIL TECIDO DE LAMINETES DE POLIPROPILENO, RESISTENCIA A TRACAO = *25* KN/M",M2,REPRESENTADO,0.6291515,0.6291515,0.6291515,0.6291515,0.6291515,0.6291515,0.6291515,0.6291515,0.6291515,0.6291515,0.6291515,0.6291515,0.6291515,0.6291515,0.6291515,0.6291515,0.6291515,0.6291515,0.6291515,0.6291515,0.6291515,0.6291515,0.6291515,0.6291515,0.6291515,0.6291515,0.6291515,SINAPI_familias_e_coeficientes_2025_06.xlsx,
4016,38366,PAPEL KRAFT BETUMADO,M2,REPRESENTADO,0.1454943,0.1454943,0.1454943,0.1454943,0.1454943,0.1454943,0.1454943,0.1454943,0.1454943,0.1454943,0.1454943,0.1454943,0.1454943,0.1454943,0.1454943,0.1454943,0.1454943,0.1454943,0.1454943,0.1454943,0.1454943,0.1454943,0.1454943,0.1454943,0.1454943,0.1454943,0.1454943,SINAPI_familias_e_coeficientes_2025_06.xlsx,
4016,4030,VEU DE POLIESTER PARA IMPERMEABILIZACAO,M2,REPRESENTADO,0.1857672,0.1857672,0.1857672,0.1857672,0.1857672,0.1857672,0.1857672,0.1857672,0.1857672,0.1857672,0.1857672,0.1857672,0.1857672,0.1857672,0.1857672,0.1857672,0.1857672,0.1857672,0.1857672,0.1857672,0.1857672,0.1857672,0.1857672,0.1857672,0.1857672,0.1857672,0.1857672,SINAPI_familias_e_coeficientes_2025_06.xlsx,
4016,4031,VEU DE VIDRO/VEU DE SUPERFICIE 30 A 35 G/M2,M2,REPRESENTADO,0.872966,0.872966,0.872966,0.872966,0.872966,0.872966,0.872966,0.872966,0.872966,0.872966,0.872966,0.872966,0.872966,0.872966,0.872966,0.872966,0.872966,0.872966,0.872966,0.872966,0.872966,0.872966,0.872966,0.872966,0.872966,0.872966,0.872966,SINAPI_familias_e_coeficientes_2025_06.xlsx,
4083,4083,ENCARREGADO GERAL DE OBRAS (HORISTA),H,REPRESENTATIVO,1,1,1,1,1,1,1,1,1,1,1,1,1,1,1,1,1,1,1,1,1,1,1,1,1,1,1,SINAPI_familias_e_coeficientes_2025_06.xlsx,
4083,40818,ENCARREGADO GERAL DE OBRAS (MENSALISTA),MES,REPRESENTADO,220,220,220,220,220,220,220,220,220,220,220,220,220,220,220,220,220,220,220,220,220,220,220,220,220,220,220,SINAPI_familias_e_coeficientes_2025_06.xlsx,
4083,4069,MESTRE DE OBRAS (HORISTA),H,REPRESENTADO,1.2416746,1.560307,1.1421637,1.5753158,1.3924501,1.560307,2.1582868,1.6312427,1.3886658,1.560307,1.6312427,1.2986425,2.1582868,1.5753158,1.560307,1.560307,1.560307,1.7126866,1.3739837,1.4514502,1.2426637,1.4440994,1.6753731,1.6753731,2.0777244,1.6312427,1.5753158,SINAPI_familias_e_coeficientes_2025_06.xlsx,
4083,40819,MESTRE DE OBRAS (MENSALISTA),MES,REPRESENTADO,273.168411,343.2675439,251.2760055,346.5694849,306.3390313,343.2675439,474.8230912,358.873403,305.5064703,343.2675439,358.873403,285.7013575,474.8230912,346.5694849,343.2675439,343.2675439,343.2675439,376.7910448,302.2764228,319.3190416,273.3860045,317.7018634,368.5820896,368.5820896,457.099359,358.873403,346.5694849,SINAPI_familias_e_coeficientes_2025_06.xlsx,
4090,4090,"MOTONIVELADORA POTENCIA BASICA LIQUIDA (PRIMEIRA MARCHA) 125 HP, PESO BRUTO 13843 KG, LARGURA DA LAMINA DE 3,7 M",UN,REPRESENTATIVO,1,1,1,1,1,1,1,1,1,1,1,1,1,1,1,1,1,1,1,1,1,1,1,1,1,1,1,SINAPI_familias_e_coeficientes_2025_06.xlsx,
4090,13227,"MOTONIVELADORA POTENCIA BASICA LIQUIDA (PRIMEIRA MARCHA) 171 HP, PESO BRUTO 14768 KG, LARGURA DA LAMINA DE 3,7 M",UN,REPRESENTADO,1.2426247,1.2426247,1.2426247,1.2426247,1.2426247,1.2426247,1.2426247,1.2426247,1.2426247,1.2426247,1.2426247,1.2426247,1.2426247,1.2426247,1.2426247,1.2426247,1.2426247,1.2426247,1.2426247,1.2426247,1.2426247,1.2426247,1.2426247,1.2426247,1.2426247,1.2426247,1.2426247,SINAPI_familias_e_coeficientes_2025_06.xlsx,
4090,10597,"MOTONIVELADORA POTENCIA BASICA LIQUIDA (PRIMEIRA MARCHA) 186 HP, PESO BRUTO 15785 KG, LARGURA DA LAMINA DE 4,3 M",UN,REPRESENTADO,1.3080228,1.3080228,1.3080228,1.3080228,1.3080228,1.3080228,1.3080228,1.3080228,1.3080228,1.3080228,1.3080228,1.3080228,1.3080228,1.3080228,1.3080228,1.3080228,1.3080228,1.3080228,1.3080228,1.3080228,1.3080228,1.3080228,1.3080228,1.3080228,1.3080228,1.3080228,1.3080228,SINAPI_familias_e_coeficientes_2025_06.xlsx,
4093,4093,MOTORISTA DE CAMINHAO (HORISTA),H,REPRESENTATIVO,1,1,1,1,1,1,1,1,1,1,1,1,1,1,1,1,1,1,1,1,1,1,1,1,1,1,1,SINAPI_familias_e_coeficientes_2025_06.xlsx,
4093,10512,MOTORISTA DE CAMINHAO (MENSALISTA),MES,REPRESENTADO,220,220,220,220,220,220,220,220,220,220,220,220,220,220,220,220,220,220,220,220,220,220,220,220,220,220,220,SINAPI_familias_e_coeficientes_2025_06.xlsx,
4093,20020,MOTORISTA DE CAMINHAO-BASCULANTE (HORISTA),H,REPRESENTADO,1.0392052,1.0392052,1.0392052,1.0392052,1.0392052,1.0392052,1.0392052,1.0392052,1.0392052,1.0392052,1.0392052,1.0392052,1.0392052,1.0392052,1.0392052,1.0392052,1.0392052,1.0392052,1.0392052,1.0392052,1.0392052,1.0392052,1.0392052,1.0392052,1.0392052,1.0392052,1.0392052,SINAPI_familias_e_coeficientes_2025_06.xlsx,
4093,41038,MOTORISTA DE CAMINHAO-BASCULANTE (MENSALISTA),MES,REPRESENTADO,228.6251343,228.6251343,228.6251343,228.6251343,228.6251343,228.6251343,228.6251343,228.6251343,228.6251343,228.6251343,228.6251343,228.6251343,228.6251343,228.6251343,228.6251343,228.6251343,228.6251343,228.6251343,228.6251343,228.6251343,228.6251343,228.6251343,228.6251343,228.6251343,228.6251343,228.6251343,228.6251343,SINAPI_familias_e_coeficientes_2025_06.xlsx,
4093,4094,MOTORISTA DE CAMINHAO-CARRETA (HORISTA),H,REPRESENTADO,1.2438238,1.2438238,1.2438238,1.2438238,1.2438238,1.2438238,1.2438238,1.2438238,1.2438238,1.2438238,1.2438238,1.2438238,1.2438238,1.2438238,1.2438238,1.2438238,1.2438238,1.2438238,1.2438238,1.2438238,1.2438238,1.2438238,1.2438238,1.2438238,1.2438238,1.2438238,1.2438238,SINAPI_familias_e_coeficientes_2025_06.xlsx,
4093,40988,MOTORISTA DE CAMINHAO-CARRETA (MENSALISTA),MES,REPRESENTADO,273.641246,273.641246,273.641246,273.641246,273.641246,273.641246,273.641246,273.641246,273.641246,273.641246,273.641246,273.641246,273.641246,273.641246,273.641246,273.641246,273.641246,273.641246,273.641246,273.641246,273.641246,273.641246,273.641246,273.641246,273.641246,273.641246,273.641246,SINAPI_familias_e_coeficientes_2025_06.xlsx,
4093,4095,MOTORISTA DE CARRO DE PASSEIO (HORISTA),H,REPRESENTADO,0.600699,0.9539919,0.8270768,0.8125971,0.8861574,0.7534826,0.8955801,0.8329753,0.8329753,0.8647714,0.8777778,0.9524093,0.8329753,0.7712575,0.8329753,0.8377394,0.8927381,0.8881974,0.8148239,0.7666094,0.8017052,0.8017052,0.8881974,0.9129228,0.8011364,0.8329753,0.8017052,SINAPI_familias_e_coeficientes_2025_06.xlsx,
4093,40990,MOTORISTA DE CARRO DE PASSEIO (MENSALISTA),MES,REPRESENTADO,132.1537789,209.8782138,181.9568875,178.7713529,194.9546244,165.7661638,197.027623,183.254565,183.254565,190.2497027,193.1111111,209.5300416,183.254565,169.6766398,183.254565,184.3026671,196.4023747,195.4034286,179.2612536,168.6540596,176.3751438,176.3751438,195.4034286,200.8430143,176.25,183.254565,176.3751438,SINAPI_familias_e_coeficientes_2025_06.xlsx,
4093,4096,MOTORISTA OPERADOR DE CAMINHAO COM MUNCK (HORISTA),H,REPRESENTADO,0.9010485,1.1213749,1.039241,1.1213749,1.1213749,1.1213749,1.0574935,1.0845085,1.0905908,1.1213749,1.1213749,1.0657704,1.1258931,1.1213749,1.1213749,1.1213749,1.1213749,1.1213749,1.0960344,1.1213749,1.1213749,1.1213749,1.2067483,1.1213749,1.0512443,1.1213749,1.0278914,SINAPI_familias_e_coeficientes_2025_06.xlsx,
4093,40992,MOTORISTA OPERADOR DE CAMINHAO COM MUNCK (MENSALISTA),MES,REPRESENTADO,198.2306684,246.7024705,228.6330179,246.7024705,246.7024705,246.7024705,232.6485608,238.5918754,239.929972,246.7024705,246.7024705,234.4694825,247.6964836,246.7024705,246.7024705,246.7024705,246.7024705,246.7024705,241.1275686,246.7024705,246.7024705,246.7024705,265.4846154,246.7024705,231.27375,246.7024705,226.136109,SINAPI_familias_e_coeficientes_2025_06.xlsx,
4102,4102,"MOURAO DE CONCRETO RETO, SECAO QUADRADA, *10 X 10* CM, H= 3,00 M",UN,REPRESENTATIVO,1,1,1,1,1,1,1,1,1,1,1,1,1,1,1,1,1,1,1,1,1,1,1,1,1,1,1,SINAPI_familias_e_coeficientes_2025_06.xlsx,
4102,4111,"ESCORA PRE-MOLDADA EM CONCRETO, *10 X 10* CM, H = 2,30M",UN,REPRESENTADO,0.6874699,0.6874699,0.6874699,0.6874699,0.6874699,0.6874699,0.6874699,0.6874699,0.6874699,0.6874699,0.6874699,0.6874699,0.6874699,0.6874699,0.6874699,0.6874699,0.6874699,0.6874699,0.6874699,0.6874699,0.6874699,0.6874699,0.6874699,0.6874699,0.6874699,0.6874699,0.6874699,SINAPI_familias_e_coeficientes_2025_06.xlsx,
4102,41682,"MEIO-FIO OU GUIA DE CONCRETO PRE MOLDADO, COMP 1 M, *30 X 10/12* CM (H X L1/L2)",UN,REPRESENTADO,0.4257831,0.4257831,0.4257831,0.4257831,0.4257831,0.4257831,0.4257831,0.4257831,0.4257831,0.4257831,0.4257831,0.4257831,0.4257831,0.4257831,0.4257831,0.4257831,0.4257831,0.4257831,0.4257831,0.4257831,0.4257831,0.4257831,0.4257831,0.4257831,0.4257831,0.4257831,0.4257831,SINAPI_familias_e_coeficientes_2025_06.xlsx,
4102,41683,"MEIO-FIO OU GUIA DE CONCRETO PRE MOLDADO, COMP 80 CM, *30 X 10/10* (H X L1/L2)",UN,REPRESENTADO,0.313253,0.313253,0.313253,0.313253,0.313253,0.313253,0.313253,0.313253,0.313253,0.313253,0.313253,0.313253,0.313253,0.313253,0.313253,0.313253,0.313253,0.313253,0.313253,0.313253,0.313253,0.313253,0.313253,0.313253,0.313253,0.313253,0.313253,SINAPI_familias_e_coeficientes_2025_06.xlsx,
4102,41680,"MEIO-FIO OU GUIA DE CONCRETO PRE-MOLDADO, COMP *39* CM, *19 X 6,5/6,5* CM (H X L1/L2)",UN,REPRESENTADO,0.1686747,0.1686747,0.1686747,0.1686747,0.1686747,0.1686747,0.1686747,0.1686747,0.1686747,0.1686747,0.1686747,0.1686747,0.1686747,0.1686747,0.1686747,0.1686747,0.1686747,0.1686747,0.1686747,0.1686747,0.1686747,0.1686747,0.1686747,0.1686747,0.1686747,0.1686747,0.1686747,SINAPI_familias_e_coeficientes_2025_06.xlsx,
4102,41679,"MEIO-FIO OU GUIA DE CONCRETO PRE-MOLDADO, COMP 1 M, *20 X 12/15* CM (H X L1/L2)",UN,REPRESENTADO,0.3855422,0.3855422,0.3855422,0.3855422,0.3855422,0.3855422,0.3855422,0.3855422,0.3855422,0.3855422,0.3855422,0.3855422,0.3855422,0.3855422,0.3855422,0.3855422,0.3855422,0.3855422,0.3855422,0.3855422,0.3855422,0.3855422,0.3855422,0.3855422,0.3855422,0.3855422,0.3855422,SINAPI_familias_e_coeficientes_2025_06.xlsx,
4102,41681,"MEIO-FIO OU GUIA DE CONCRETO PRE-MOLDADO, COMP 80 CM, *25 X 08/08* CM (H X L1/L2)",UN,REPRESENTADO,0.2638554,0.2638554,0.2638554,0.2638554,0.2638554,0.2638554,0.2638554,0.2638554,0.2638554,0.2638554,0.2638554,0.2638554,0.2638554,0.2638554,0.2638554,0.2638554,0.2638554,0.2638554,0.2638554,0.2638554,0.2638554,0.2638554,0.2638554,0.2638554,0.2638554,0.2638554,0.2638554,SINAPI_familias_e_coeficientes_2025_06.xlsx,
4102,43386,"MEIO-FIO OU GUIA DE CONCRETO PRE-MOLDADO, TIPO CHAPEU PARA BOCA DE LOBO, DIMENSOES *1,20* X 0,15 X 0,30 M",UN,REPRESENTADO,0.6024096,0.6024096,0.6024096,0.6024096,0.6024096,0.6024096,0.6024096,0.6024096,0.6024096,0.6024096,0.6024096,0.6024096,0.6024096,0.6024096,0.6024096,0.6024096,0.6024096,0.6024096,0.6024096,0.6024096,0.6024096,0.6024096,0.6024096,0.6024096,0.6024096,0.6024096,0.6024096,SINAPI_familias_e_coeficientes_2025_06.xlsx,
4102,4059,"MEIO-FIO OU GUIA DE CONCRETO, PRE-MOLDADO, COMP 1 M, *30 X 12/15* CM (H X L1/L2)",M,REPRESENTADO,0.4257831,0.4257831,0.4257831,0.4257831,0.4257831,0.4257831,0.4257831,0.4257831,0.4257831,0.4257831,0.4257831,0.4257831,0.4257831,0.4257831,0.4257831,0.4257831,0.4257831,0.4257831,0.4257831,0.4257831,0.4257831,0.4257831,0.4257831,0.4257831,0.4257831,0.4257831,0.4257831,SINAPI_familias_e_coeficientes_2025_06.xlsx,
4102,4062,"MEIO-FIO OU GUIA DE CONCRETO, PRE-MOLDADO, COMP 1 M, *30 X 15* CM (H X L)",UN,REPRESENTADO,0.4257831,0.4257831,0.4257831,0.4257831,0.4257831,0.4257831,0.4257831,0.4257831,0.4257831,0.4257831,0.4257831,0.4257831,0.4257831,0.4257831,0.4257831,0.4257831,0.4257831,0.4257831,0.4257831,0.4257831,0.4257831,0.4257831,0.4257831,0.4257831,0.4257831,0.4257831,0.4257831,SINAPI_familias_e_coeficientes_2025_06.xlsx,
4102,4061,"MEIO-FIO OU GUIA DE CONCRETO, PRE-MOLDADO, COMP 80 CM, *45 X 12/18* CM (H X L1/L2)",UN,REPRESENTADO,0.5301205,0.5301205,0.5301205,0.5301205,0.5301205,0.5301205,0.5301205,0.5301205,0.5301205,0.5301205,0.5301205,0.5301205,0.5301205,0.5301205,0.5301205,0.5301205,0.5301205,0.5301205,0.5301205,0.5301205,0.5301205,0.5301205,0.5301205,0.5301205,0.5301205,0.5301205,0.5301205,SINAPI_familias_e_coeficientes_2025_06.xlsx,
4102,4114,"MOURAO CONCRETO CURVO, SECAO ""T"", H = 2,80 M + CURVA COM 0,45 M, COM FUROS PARA FIOS",UN,REPRESENTADO,0.9759036,0.9759036,0.9759036,0.9759036,0.9759036,0.9759036,0.9759036,0.9759036,0.9759036,0.9759036,0.9759036,0.9759036,0.9759036,0.9759036,0.9759036,0.9759036,0.9759036,0.9759036,0.9759036,0.9759036,0.9759036,0.9759036,0.9759036,0.9759036,0.9759036,0.9759036,0.9759036,SINAPI_familias_e_coeficientes_2025_06.xlsx,
4102,36797,"MOURAO DE CONCRETO CURVO, *10 X 10* CM, H= *2,60* M + CURVA DE 0,40 M",UN,REPRESENTADO,0.8689157,0.8689157,0.8689157,0.8689157,0.8689157,0.8689157,0.8689157,0.8689157,0.8689157,0.8689157,0.8689157,0.8689157,0.8689157,0.8689157,0.8689157,0.8689157,0.8689157,0.8689157,0.8689157,0.8689157,0.8689157,0.8689157,0.8689157,0.8689157,0.8689157,0.8689157,0.8689157,SINAPI_familias_e_coeficientes_2025_06.xlsx,
4102,4107,"MOURAO DE CONCRETO RETO, SECAO QUADRADA *10 X 10* CM, H= *2,30* M",UN,REPRESENTADO,0.8192771,0.8192771,0.8192771,0.8192771,0.8192771,0.8192771,0.8192771,0.8192771,0.8192771,0.8192771,0.8192771,0.8192771,0.8192771,0.8192771,0.8192771,0.8192771,0.8192771,0.8192771,0.8192771,0.8192771,0.8192771,0.8192771,0.8192771,0.8192771,0.8192771,0.8192771,0.8192771,SINAPI_familias_e_coeficientes_2025_06.xlsx,
4102,36799,"MOURAO DE CONCRETO RETO, TIPO ESTICADOR, *10 X 10* CM, H= 2,50 M",UN,REPRESENTADO,0.8433735,0.8433735,0.8433735,0.8433735,0.8433735,0.8433735,0.8433735,0.8433735,0.8433735,0.8433735,0.8433735,0.8433735,0.8433735,0.8433735,0.8433735,0.8433735,0.8433735,0.8433735,0.8433735,0.8433735,0.8433735,0.8433735,0.8433735,0.8433735,0.8433735,0.8433735,0.8433735,SINAPI_familias_e_coeficientes_2025_06.xlsx,
4221,4221,OLEO DIESEL COMBUSTIVEL COMUM METROPOLITANO S-10 OU S-500,L,REPRESENTATIVO,1,1,1,1,1,1,1,1,1,1,1,1,1,1,1,1,1,1,1,1,1,1,1,1,1,1,1,SINAPI_familias_e_coeficientes_2025_06.xlsx,
4221,4229,"GRAXA LUBRIFICANTE A BASE DE LITIO, DE MULTIPLAS APLICACOES E CONTENDO ADITIVOS DE EXTREMA PRESSAO (GRAU DE VISCOSIDADE NLGI 2)",KG,REPRESENTADO,7.4485981,7.4485981,7.4485981,7.4485981,7.4485981,7.4485981,7.4485981,7.4485981,7.4485981,7.4485981,7.4485981,7.4485981,7.4485981,7.4485981,7.4485981,7.4485981,7.4485981,7.4485981,7.4485981,7.4485981,7.4485981,7.4485981,7.4485981,7.4485981,7.4485981,7.4485981,7.4485981,SINAPI_familias_e_coeficientes_2025_06.xlsx,
4221,44699,"LUBRIFICANTE REDUTOR DE TORQUE E ARRASTO DE ALTO DESEMPENHO, PARA PERFURACAO HORIZONTAL DIRECIONAL, HDD",KG,REPRESENTADO,7.9850467,7.9850467,7.9850467,7.9850467,7.9850467,7.9850467,7.9850467,7.9850467,7.9850467,7.9850467,7.9850467,7.9850467,7.9850467,7.9850467,7.9850467,7.9850467,7.9850467,7.9850467,7.9850467,7.9850467,7.9850467,7.9850467,7.9850467,7.9850467,7.9850467,7.9850467,7.9850467,SINAPI_familias_e_coeficientes_2025_06.xlsx,
4221,4227,"OLEO LUBRIFICANTE MINERAL MONOVISCOSO, SAE 40, PARA MOTORES DE EQUIPAMENTOS PESADOS (CAMINHOES, TRATORES, RETROS E ETC)",L,REPRESENTADO,4.6635514,4.6635514,4.6635514,4.6635514,4.6635514,4.6635514,4.6635514,4.6635514,4.6635514,4.6635514,4.6635514,4.6635514,4.6635514,4.6635514,4.6635514,4.6635514,4.6635514,4.6635514,4.6635514,4.6635514,4.6635514,4.6635514,4.6635514,4.6635514,4.6635514,4.6635514,4.6635514,SINAPI_familias_e_coeficientes_2025_06.xlsx,
4222,4222,GASOLINA COMUM,L,REPRESENTATIVO,1,1,1,1,1,1,1,1,1,1,1,1,1,1,1,1,1,1,1,1,1,1,1,1,1,1,1,SINAPI_familias_e_coeficientes_2025_06.xlsx,
4223,4223,ETANOL,L,REPRESENTATIVO,1,1,1,1,1,1,1,1,1,1,1,1,1,1,1,1,1,1,1,1,1,1,1,1,1,1,1,SINAPI_familias_e_coeficientes_2025_06.xlsx,
4226,4226,GAS DE COZINHA - GLP,KG,REPRESENTATIVO,1,1,1,1,1,1,1,1,1,1,1,1,1,1,1,1,1,1,1,1,1,1,1,1,1,1,1,SINAPI_familias_e_coeficientes_2025_06.xlsx,
4234,4234,OPERADOR DE ESCAVADEIRA (HORISTA),H,REPRESENTATIVO,1,1,1,1,1,1,1,1,1,1,1,1,1,1,1,1,1,1,1,1,1,1,1,1,1,1,1,SINAPI_familias_e_coeficientes_2025_06.xlsx,
4234,40331,ASSENTADOR DE MANILHAS (HORISTA),H,REPRESENTADO,0.5055308,0.5709143,0.5055308,0.5055308,0.5709143,0.5731409,0.7957688,0.6636208,0.5055308,0.5709143,0.537458,0.5055308,0.5055308,0.5055308,0.5709143,0.5709143,0.5709143,0.5055308,0.833605,0.5709143,0.5055308,0.5055308,0.5055308,0.5055308,0.5709143,0.6221751,0.5055308,SINAPI_familias_e_coeficientes_2025_06.xlsx,
4234,40930,ASSENTADOR DE MANILHAS (MENSALISTA),MES,REPRESENTADO,111.2167683,125.6011555,111.2167683,111.2167683,125.6011555,126.091,175.0691445,145.9965652,111.2167683,125.6011555,118.2407525,111.2167683,111.2167683,111.2167683,125.6011555,125.6011555,125.6011555,111.2167683,183.3931056,125.6011555,111.2167683,111.2167683,111.2167683,111.2167683,125.6011555,136.8785226,111.2167683,SINAPI_familias_e_coeficientes_2025_06.xlsx,
4234,647,"BLASTER, DINAMITADOR OU CABO DE FOGO (HORISTA)",H,REPRESENTADO,0.7109208,0.819932,0.7109208,0.7109208,0.8432504,0.7843999,0.7109208,0.7728541,0.7109208,0.7843999,0.6191275,0.7109208,0.7109208,0.7109208,0.7843999,0.7654618,0.7843999,1.0665694,0.905292,0.7843999,0.7109208,0.7109208,1.1871097,1.0536585,0.7843999,0.8402873,0.7109208,SINAPI_familias_e_coeficientes_2025_06.xlsx,
4234,40920,"BLASTER, DINAMITADOR OU CABO DE FOGO (MENSALISTA)",MES,REPRESENTADO,156.4025771,180.385051,156.4025771,156.4025771,185.5150797,172.5679849,156.4025771,170.0279037,156.4025771,172.5679849,136.2080537,156.4025771,156.4025771,156.4025771,172.5679849,168.4016041,172.5679849,234.6452598,199.1642479,172.5679849,156.4025771,156.4025771,261.1641269,231.804878,172.5679849,184.8632011,156.4025771,SINAPI_familias_e_coeficientes_2025_06.xlsx,
4234,40929,INSTALADOR DE TUBULACOES (TUBOS/EQUIPAMENTOS) (MENSALISTA),MES,REPRESENTADO,192.5935866,227.1608154,192.5935866,192.5935866,222.4210094,188.06,171.7696152,221.0542414,130.3549157,234.7126437,128.2961884,175.6764505,128.2872168,192.5935866,213.9091429,188.8772334,203.3927682,227.9919831,268.4942945,203.3927682,192.5935866,192.5935866,266.6924307,169.071091,203.3927682,195.3425445,200.8841072,SINAPI_familias_e_coeficientes_2025_06.xlsx,
4234,2701,INSTALADOR DE TUBULACOES - TUBOS/EQUIPAMENTOS (HORISTA),H,REPRESENTADO,0.8754254,1.0325492,0.8754254,0.8754254,1.0110046,0.8548182,0.780771,1.004792,0.5925223,1.0668757,0.5831645,0.7985293,0.5831237,0.8754254,0.9723143,0.8585329,0.9245126,1.0363272,1.2204286,0.9245126,0.8754254,0.8754254,1.2122383,0.768505,0.9245126,0.8879207,0.9131096,SINAPI_familias_e_coeficientes_2025_06.xlsx,
4234,4058,MECANICO DE EQUIPAMENTOS PESADOS (HORISTA),H,REPRESENTADO,1.1743281,1.1653755,1.3794394,1.1743281,1.1232505,1.1626545,1.2676082,1.14677,1.0717801,1.6049587,0.9761091,1.1945091,1.3146939,1.1743281,1.4831952,1.1971112,1.1206499,1.1553044,1.0697785,1.0178448,1.3796308,1.0617944,1.369323,1.1773197,1,1.0926813,1.1743281,SINAPI_familias_e_coeficientes_2025_06.xlsx,
4234,40974,MECANICO DE EQUIPAMENTOS PESADOS (MENSALISTA),MES,REPRESENTADO,258.352191,256.3826078,303.4766697,258.352191,247.1151174,255.784,278.873793,252.2893964,235.791617,353.0909091,214.7439956,262.7919977,289.232657,258.352191,326.3029524,263.3644577,246.5429864,254.1669681,235.3512783,223.9258537,303.5187692,233.594778,301.2510617,259.0103364,220,240.3898769,258.352191,SINAPI_familias_e_coeficientes_2025_06.xlsx,
4234,40983,MONTADOR DE ESTRUTURAS METALICAS (MENSALISTA),MES,REPRESENTADO,156.8058625,178.7570781,137.2369625,189.3068214,169.0209829,155,177.3390266,189.1748777,157.793442,178.8505747,135.2608586,192.3637423,200.7110741,167.9173867,155.531619,161.6900423,150.4728507,188.8605677,214.3913164,147.7829268,212.4556923,156.8058625,184.9912566,182.3234467,160.8837616,152.7502736,156.8058625,SINAPI_familias_e_coeficientes_2025_06.xlsx,
4234,44497,MONTADOR DE ESTRUTURAS METALICAS HORISTA,H,REPRESENTADO,0.7127539,0.8125322,0.6238044,0.8604856,0.7682772,0.7045455,0.8060865,0.8598858,0.7172429,0.8129572,0.6148221,0.8743806,0.9123231,0.7632608,0.7069619,0.7349547,0.6839675,0.8584571,0.974506,0.6717406,0.9657077,0.7127539,0.8408693,0.8287429,0.7312898,0.6943194,0.7127539,SINAPI_familias_e_coeficientes_2025_06.xlsx,
4234,2437,MONTADOR DE MAQUINAS (HORISTA),H,REPRESENTADO,0.7583412,0.8602813,0.7191217,0.7583412,1.2149433,0.836,0.8248823,1.1466558,0.6577994,0.9644723,0.7904865,0.9556073,0.6836408,0.7583412,0.8894286,0.7554468,0.8602813,1.0363272,1.1642817,0.8602813,1.025641,0.7583412,1.1585311,0.9713049,1.4001107,0.8320075,0.7583412,SINAPI_familias_e_coeficientes_2025_06.xlsx,
4234,40921,MONTADOR DE MAQUINAS (MENSALISTA),MES,REPRESENTADO,166.83507,189.2618787,158.2067704,166.83507,267.2875304,183.92,181.4741133,252.2642741,144.7158722,212.183908,173.9070392,210.2335982,150.4009816,166.83507,195.6742857,166.1982897,189.2618787,227.9919831,256.1419824,189.2618787,225.6410256,166.83507,254.8768424,213.6870733,308.0243504,183.0416553,166.83507,SINAPI_familias_e_coeficientes_2025_06.xlsx,
4234,4243,MOTORISTA DE CAMINHAO BETONEIRA (HORISTA),H,REPRESENTADO,0.9615411,0.9003398,0.9724403,0.9240343,0.9369829,0.844,0.8254867,0.9128793,0.6399401,0.9644723,0.7909297,0.8863257,0.8628774,0.9150091,0.9004762,0.9219645,0.8757199,0.9483283,0.8733251,0.8381308,1,0.8594778,1.1067999,1.0500852,0.901983,0.7496153,0.9744317,SINAPI_familias_e_coeficientes_2025_06.xlsx,
4234,4252,OPERADOR DE BATE-ESTACAS (HORISTA),H,REPRESENTADO,0.9221283,0.8651034,0.9221283,0.9221283,0.8170164,0.8651034,0.8935472,0.9781811,1.3229147,0.8651034,0.7097755,0.8108328,0.8284763,0.8035333,0.8651034,0.7471455,0.8651034,0.9789662,0.9642877,0.8651034,0.9221283,0.9221283,1.0464878,1.0369864,0.8651034,0.8142373,0.9221283,SINAPI_familias_e_coeficientes_2025_06.xlsx,
4234,40980,OPERADOR DE BATE-ESTACAS (MENSALISTA),MES,REPRESENTADO,202.8682199,190.3227413,202.8682199,202.8682199,179.743604,190.3227413,196.5803947,215.1998369,291.0412375,190.3227413,156.1506128,178.3832081,182.2647794,176.7773174,190.3227413,164.3720079,190.3227413,215.3725697,212.1432945,190.3227413,202.8682199,202.8682199,230.2273171,228.1370159,190.3227413,179.1322161,202.8682199,SINAPI_familias_e_coeficientes_2025_06.xlsx,
4234,41031,OPERADOR DE BETONEIRA (CAMINHAO) (MENSALISTA),MES,REPRESENTADO,211.5390408,198.0747452,213.936871,203.2875487,206.1362285,185.68,181.6070649,200.8334421,140.7868155,212.183908,174.0045446,194.9916623,189.8330339,201.3020086,198.1047619,202.8321915,192.658371,208.6322302,192.1315256,184.3887805,220,189.0851167,243.495978,231.0187387,198.4362587,164.9153557,214.3749757,SINAPI_familias_e_coeficientes_2025_06.xlsx,
4234,37666,OPERADOR DE BETONEIRA ESTACIONARIA / MISTURADOR (HORISTA),H,REPRESENTADO,0.5520559,0.6575208,0.6746839,0.6836811,0.9205027,0.7718364,0.8248823,0.7801794,0.5873423,0.7941484,0.6446189,0.7783421,0.7741794,0.7632608,0.5937333,0.745518,0.8757199,0.8907035,0.7510556,0.654612,0.752491,0.569772,0.9156133,0.9187904,0.7547946,0.679723,0.6716534,SINAPI_familias_e_coeficientes_2025_06.xlsx,
4234,40986,OPERADOR DE BETONEIRA ESTACIONARIA / MISTURADOR (MENSALISTA),MES,REPRESENTADO,121.4522886,144.6545866,148.4304666,150.4098377,202.5105941,169.804,181.4741133,171.639478,129.2152964,174.7126437,141.8161608,171.2352657,170.3194706,167.9173867,130.6213333,164.0139693,192.658371,195.954775,165.2322373,144.0146341,165.5480125,125.3498338,201.4349238,202.1338821,166.0548039,149.5390561,147.7637459,SINAPI_familias_e_coeficientes_2025_06.xlsx,
4234,4250,OPERADOR DE COMPRESSOR DE AR OU COMPRESSORISTA (HORISTA),H,REPRESENTADO,0.6863641,0.6863641,0.6863641,0.6863641,0.7688379,0.6863641,0.6863641,0.5546533,0.6863641,0.6863641,0.6364731,0.6863641,0.854551,0.6863641,0.6863641,0.6863641,0.6863641,0.6863641,0.905292,0.6863641,0.6863641,0.6863641,0.6863641,0.6863641,0.6863641,0.6364731,0.6863641,SINAPI_familias_e_coeficientes_2025_06.xlsx,
4234,40978,OPERADOR DE COMPRESSOR DE AR OU COMPRESSORISTA (MENSALISTA),MES,REPRESENTADO,151.0001082,151.0001082,151.0001082,151.0001082,169.1443371,151.0001082,151.0001082,122.0237357,151.0001082,151.0001082,140.0240793,151.0001082,188.001227,151.0001082,151.0001082,151.0001082,151.0001082,151.0001082,199.1642479,151.0001082,151.0001082,151.0001082,151.0001082,151.0001082,151.0001082,140.0240793,151.0001082,SINAPI_familias_e_coeficientes_2025_06.xlsx,
4234,44501,OPERADOR DE DEMARCADORA DE FAIXAS DE TRAFEGO (HORISTA),H,REPRESENTADO,0.9615411,0.9003398,0.9724403,0.9240343,0.9369829,0.844,0.8254867,0.9128793,0.6399401,0.9644723,0.7909297,0.8863257,0.8628774,0.9150091,0.9004762,0.9219645,0.9055592,0.9483283,0.8733251,0.8381308,1,0.8594778,1.1067999,1.0500852,0.901983,0.7496153,0.9744317,SINAPI_familias_e_coeficientes_2025_06.xlsx,
4234,41043,OPERADOR DE DEMARCADORA DE FAIXAS DE TRAFEGO (MENSALISTA),MES,REPRESENTADO,211.5390408,198.0747452,213.936871,203.2875487,206.1362285,185.68,181.6070649,200.8334421,140.7868155,212.183908,174.0045446,194.9916623,189.8330339,201.3020086,198.1047619,202.8321915,199.2230302,208.6322302,192.1315256,184.3887805,220,189.0851167,243.495978,231.0187387,198.4362587,164.9153557,214.3749757,SINAPI_familias_e_coeficientes_2025_06.xlsx,
4234,40987,OPERADOR DE ESCAVADEIRA (MENSALISTA),MES,REPRESENTADO,220,220,220,220,220,220,220,220,220,220,220,220,220,220,220,220,220,220,220,220,220,220,220,220,220,220,220,SINAPI_familias_e_coeficientes_2025_06.xlsx,
4234,4253,OPERADOR DE GUINCHO OU GUINCHEIRO (HORISTA),H,REPRESENTADO,0.752491,0.7577422,0.9610455,0.752491,0.8170164,0.7718364,0.8248823,0.7598573,0.5364977,0.7941484,0.6446189,0.8354667,0.8354667,0.7632608,0.7689143,0.745518,0.8757199,0.9305413,0.7355572,0.643765,0.752491,0.752491,0.9156133,0.9973487,0.7547946,0.6943194,0.752491,SINAPI_familias_e_coeficientes_2025_06.xlsx,
4234,40981,OPERADOR DE GUINCHO OU GUINCHEIRO (MENSALISTA),MES,REPRESENTADO,165.5480125,166.7032843,211.4300091,165.5480125,179.743604,169.804,181.4741133,167.1685971,118.0294946,174.7126437,141.8161608,183.802669,183.802669,167.9173867,169.1611429,164.0139693,192.658371,204.7190887,161.8225915,141.6282927,165.5480125,165.5480125,201.4349238,219.4167047,166.0548039,152.7502736,165.5480125,SINAPI_familias_e_coeficientes_2025_06.xlsx,
4234,4254,OPERADOR DE GUINDASTE (HORISTA),H,REPRESENTADO,0.9864628,0.8770128,0.9864628,0.9864628,1.192731,1.407,0.8248823,1.3345249,1.0399192,1.1892257,0.9571532,1.0399192,1.0376879,0.9864628,1.1892257,1.1892257,1.1892257,1.2923005,1.0663155,1.1892257,0.9864628,0.9864628,1.4680839,1.0125394,1.1892257,0.7181943,0.9864628,SINAPI_familias_e_coeficientes_2025_06.xlsx,
4234,41036,OPERADOR DE GUINDASTE (MENSALISTA),MES,REPRESENTADO,217.0218063,192.9428086,217.0218063,217.0218063,262.4008261,309.54,181.4741133,293.5954731,228.7822291,261.6296444,210.5737059,228.7822291,228.2913362,217.0218063,261.6296444,261.6296444,261.6296444,284.3061152,234.5894,261.6296444,217.0218063,217.0218063,322.9784662,222.7586766,261.6296444,158.002736,217.0218063,SINAPI_familias_e_coeficientes_2025_06.xlsx,
4234,4251,OPERADOR DE JATO ABRASIVO OU JATISTA (HORISTA),H,REPRESENTADO,0.7294516,0.8431187,0.7294516,0.7294516,0.7839705,0.8431187,0.7294516,0.593801,0.9104682,0.8863541,0.7127249,0.7294516,0.7294516,0.7294516,0.8431187,0.808505,0.8431187,0.8640315,0.7782096,0.8431187,0.7294516,0.7294516,0.8988309,0.8009273,0.8431187,0.5564295,0.7294516,SINAPI_familias_e_coeficientes_2025_06.xlsx,
4234,40979,OPERADOR DE JATO ABRASIVO OU JATISTA (MENSALISTA),MES,REPRESENTADO,160.4793463,185.4861042,160.4793463,160.4793463,172.4735201,185.4861042,160.4793463,130.6362153,200.3029953,194.9979101,156.7994879,160.4793463,160.4793463,160.4793463,185.4861042,177.8711078,185.4861042,190.0869351,171.2061151,185.4861042,160.4793463,160.4793463,197.7427929,176.2040124,185.4861042,122.4145007,160.4793463,SINAPI_familias_e_coeficientes_2025_06.xlsx,
4234,4230,OPERADOR DE MAQUINAS E TRATORES DIVERSOS - TERRAPLANAGEM (HORISTA),H,REPRESENTADO,0.9435849,0.9007516,0.973611,1.3671476,0.9132761,0.9815136,0.8248823,1.0429323,0.7192512,1.0825496,0.9159596,0.8887148,0.8764626,0.9218328,0.9305,0.8771946,0.8757199,0.9567537,0.9939963,0.7396896,1.1478256,0.9435849,1.0748738,0.9973487,0.9569369,0.8043092,0.9008889,SINAPI_familias_e_coeficientes_2025_06.xlsx,
4234,40998,OPERADOR DE MAQUINAS E TRATORES DIVERSOS - TERRAPLANAGEM (MENSALISTA),MES,REPRESENTADO,207.5886749,198.1653454,214.194419,300.772469,200.9207336,215.933,181.4741133,229.445106,158.2352636,238.1609195,201.5111224,195.5172463,192.8217713,202.8032108,204.71,192.982806,192.658371,210.4858236,218.6791778,162.7317073,252.521641,207.5886749,236.4722458,219.4167047,210.5261089,176.9480164,198.1955508,SINAPI_familias_e_coeficientes_2025_06.xlsx,
4234,4257,OPERADOR DE MARTELETE OU MARTELETEIRO (HORISTA),H,REPRESENTADO,0.7717813,0.7479783,0.711469,0.711469,0.8182693,0.76,0.8248823,0.682708,0.7483458,0.7941484,0.6331765,0.7483458,0.7483458,0.572866,0.5709286,0.745518,0.7479783,0.8494104,0.905292,0.7479783,0.7717813,0.711469,0.8870347,0.7483104,0.6618643,0.6943194,0.711469,SINAPI_familias_e_coeficientes_2025_06.xlsx,
4234,40982,OPERADOR DE MARTELETE OU MARTELETEIRO (MENSALISTA),MES,REPRESENTADO,169.7918797,164.5552346,156.523173,156.523173,180.0192425,167.2,181.4741133,150.1957586,164.6360805,174.7126437,139.2988195,164.6360805,164.6360805,126.0305196,125.6042857,164.0139693,164.5552346,186.8702953,199.1642479,164.5552346,169.7918797,156.523173,195.1476393,164.6282784,145.610156,152.7502736,156.523173,SINAPI_familias_e_coeficientes_2025_06.xlsx,
4234,4240,OPERADOR DE MOTO SCRAPER (HORISTA),H,REPRESENTADO,1.2059652,1.6053742,1.1644348,1.2772306,1.4151768,1.4614182,1.469658,1.2203467,1.1954049,1.458312,1.0555345,1.3048817,1.2330404,1.1846633,1.3624501,1.104951,1.644385,1.2216865,1.0206672,1.3159202,1.2059652,1.1024829,1.5018736,1.3929579,1.5516385,1.0360465,1.3843015,SINAPI_familias_e_coeficientes_2025_06.xlsx,
4234,41026,OPERADOR DE MOTO SCRAPER (MENSALISTA),MES,REPRESENTADO,265.3123355,353.182333,256.1756633,280.9907222,311.3388951,321.512,323.324761,268.4762643,262.98907,320.8286311,232.2175791,287.0739783,271.2688987,260.6259161,299.7390178,243.0892161,361.7647059,268.771037,224.5467775,289.502439,265.3123355,242.546229,330.4121909,306.4507452,341.3604767,227.9302326,304.5463377,SINAPI_familias_e_coeficientes_2025_06.xlsx,
4234,4239,OPERADOR DE MOTONIVELADORA (HORISTA),H,REPRESENTADO,1.2059652,1.6053742,1.1644348,1.2772306,1.4151768,1.4614182,1.469658,1.2203467,1.1954049,1.458312,1.0555345,1.3048817,1.2330404,1.1846633,1.3624501,1.104951,1.644385,1.2216865,1.0206672,1.3159202,1.2059652,1.1024829,1.5018736,1.3929579,1.5516385,1.0360465,1.3843015,SINAPI_familias_e_coeficientes_2025_06.xlsx,
4234,41024,OPERADOR DE MOTONIVELADORA (MENSALISTA),MES,REPRESENTADO,265.3123355,353.182333,256.1756633,280.9907222,311.3388951,321.512,323.324761,268.4762643,262.98907,320.8286311,232.2175791,287.0739783,271.2688987,260.6259161,299.7390178,243.0892161,361.7647059,268.771037,224.5467775,289.502439,265.3123355,242.546229,330.4121909,306.4507452,341.3604767,227.9302326,304.5463377,SINAPI_familias_e_coeficientes_2025_06.xlsx,
4234,4248,OPERADOR DE PA CARREGADEIRA (HORISTA),H,REPRESENTADO,0.9615411,0.9003398,0.9724403,0.9240343,0.9369829,0.9055592,0.8254867,0.9128793,0.6399401,0.9644723,0.7909297,0.8863257,0.8628774,0.9150091,0.9004762,0.9219645,0.8757199,0.9483283,0.8733251,0.8381308,1,0.8594778,1.1067999,1.0500852,0.901983,0.7496153,0.9744317,SINAPI_familias_e_coeficientes_2025_06.xlsx,
4234,41033,OPERADOR DE PA CARREGADEIRA (MENSALISTA),MES,REPRESENTADO,211.5390408,198.0747452,213.936871,203.2875487,206.1362285,199.2230302,181.6070649,200.8334421,140.7868155,212.183908,174.0045446,194.9916623,189.8330339,201.3020086,198.1047619,202.8321915,192.658371,208.6322302,192.1315256,184.3887805,220,189.0851167,243.495978,231.0187387,198.4362587,164.9153557,214.3749757,SINAPI_familias_e_coeficientes_2025_06.xlsx,
4234,44500,OPERADOR DE PAVIMENTADORA / MESA VIBROACABADORA (HORISTA),H,REPRESENTADO,0.9615411,0.9003398,0.9724403,0.9240343,0.9369829,0.844,0.8254867,0.9128793,0.6399401,0.9644723,0.7909297,0.8863257,0.8628774,0.9150091,0.9004762,0.9219645,0.9055592,0.9483283,0.8733251,0.8381308,1,0.8594778,1.1067999,1.0500852,0.901983,0.7496153,0.9744317,SINAPI_familias_e_coeficientes_2025_06.xlsx,
4234,41040,OPERADOR DE PAVIMENTADORA / MESA VIBROACABADORA (MENSALISTA),MES,REPRESENTADO,211.5390408,198.0747452,213.936871,203.2875487,206.1362285,185.68,181.6070649,200.8334421,140.7868155,212.183908,174.0045446,194.9916623,189.8330339,201.3020086,198.1047619,202.8321915,199.2230302,208.6322302,192.1315256,184.3887805,220,189.0851167,243.495978,231.0187387,198.4362587,164.9153557,214.3749757,SINAPI_familias_e_coeficientes_2025_06.xlsx,
4234,4238,OPERADOR DE ROLO COMPACTADOR (HORISTA),H,REPRESENTADO,0.8147766,0.9539433,0.728275,1.0509053,0.9369829,0.99,0.8248823,0.7471493,0.6890314,0.8934169,0.594811,0.8003211,0.854551,0.876843,0.9539433,0.8879737,0.841629,0.7882453,0.9248261,0.7572949,0.9774359,0.7501385,0.9036173,0.9984587,0.7836447,0.7629275,0.7771517,SINAPI_familias_e_coeficientes_2025_06.xlsx,
4234,41012,OPERADOR DE ROLO COMPACTADOR (MENSALISTA),MES,REPRESENTADO,179.2508557,209.8675167,160.2204941,231.1991662,206.1362285,217.8,181.4741133,164.3728385,151.5869,196.5517241,130.8584132,176.0706385,188.001227,192.9054542,209.8675167,195.3542182,185.158371,173.4139564,203.4617311,166.604878,215.0358974,165.030473,198.7958031,219.6609185,172.401833,167.8440492,170.9733826,SINAPI_familias_e_coeficientes_2025_06.xlsx,
4234,4233,"OPERADOR DE USINA DE ASFALTO, DE SOLOS OU DE CONCRETO (HORISTA)",H,REPRESENTADO,1.2059652,1.6053742,1.1644348,1.2772306,1.4151768,1.4614182,1.469658,1.2203467,1.1954049,1.458312,1.0555345,1.3048817,1.2330404,1.1846633,1.3624501,1.104951,1.644385,1.2216865,1.0206672,1.3159202,1.2059652,1.1024829,1.5018736,1.3929579,1.5516385,1.0360465,1.3843015,SINAPI_familias_e_coeficientes_2025_06.xlsx,
4234,41001,"OPERADOR DE USINA DE ASFALTO, DE SOLOS OU DE CONCRETO (MENSALISTA)",MES,REPRESENTADO,265.3123355,353.182333,256.1756633,280.9907222,311.3388951,321.512,323.324761,268.4762643,262.98907,320.8286311,232.2175791,287.0739783,271.2688987,260.6259161,299.7390178,243.0892161,361.7647059,268.771037,224.5467775,289.502439,265.3123355,242.546229,330.4121909,306.4507452,341.3604767,227.9302326,304.5463377,SINAPI_familias_e_coeficientes_2025_06.xlsx,
4234,4752,POCEIRO / ESCAVADOR DE VALAS E TUBULOES (HORISTA),H,REPRESENTADO,0.7453202,0.5638012,0.7453202,0.7453202,0.5638012,0.5638012,0.8248823,0.7189058,0.6659999,0.5638012,0.6446189,0.8265312,0.8265312,0.7453202,0.5638012,0.5638012,0.5638012,0.7453202,0.7189058,0.5638012,0.7453202,0.7453202,0.7453202,0.7453202,0.5638012,0.6943194,0.7453202,SINAPI_familias_e_coeficientes_2025_06.xlsx,
4234,41091,POCEIRO / ESCAVADOR DE VALAS E TUBULOES (MENSALISTA),MES,REPRESENTADO,163.9704438,124.0362586,163.9704438,163.9704438,124.0362586,124.0362586,181.4741133,158.1592776,146.5199772,124.0362586,141.8161608,181.8368651,181.8368651,163.9704438,124.0362586,124.0362586,124.0362586,163.9704438,158.1592776,124.0362586,163.9704438,163.9704438,163.9704438,163.9704438,124.0362586,152.7502736,163.9704438,SINAPI_familias_e_coeficientes_2025_06.xlsx,
4234,6175,TECNICO EM SONDAGEM (HORISTA),H,REPRESENTADO,2.3485686,1.7691231,1.4416674,1.4416674,1.2333178,2.1313045,1.4416674,1.7337398,3.034073,2.9881353,0.7386771,1.7484555,1.058815,1.3693977,2.3998905,1.5070559,1.7691231,0.9776939,0.8788952,1.7691231,2.883641,1.4416674,1.4416674,1.1798899,1.7691231,0.8788952,1.8541942,SINAPI_familias_e_coeficientes_2025_06.xlsx,
4234,41092,TECNICO EM SONDAGEM (MENSALISTA),MES,REPRESENTADO,516.6850858,389.2070923,317.166821,317.166821,271.3299153,468.887,317.166821,381.4227569,667.4960651,657.3897597,162.5089697,384.6602099,232.939305,301.26749,527.9759048,331.552292,389.2070923,215.0926584,193.3569405,389.2070923,634.4010256,317.166821,317.166821,259.5757853,389.2070923,193.3569405,407.922722,SINAPI_familias_e_coeficientes_2025_06.xlsx,
4262,4262,"PA CARREGADEIRA SOBRE RODAS, POTENCIA LIQUIDA 128 HP, CAPACIDADE DA CACAMBA DE 1,7 A 2,8 M3, PESO OPERACIONAL MAXIMO DE 11632 KG",UN,REPRESENTATIVO,1,1,1,1,1,1,1,1,1,1,1,1,1,1,1,1,1,1,1,1,1,1,1,1,1,1,1,SINAPI_familias_e_coeficientes_2025_06.xlsx,
4262,14221,"PA CARREGADEIRA SOBRE RODAS, POTENCIA 152 HP, CAPACIDADE DA CACAMBA DE 1,53 A 2,30 M3, PESO OPERACIONAL MAXIMO DE 10216 KG",UN,REPRESENTADO,0.9213333,0.9213333,0.9213333,0.9213333,0.9213333,0.9213333,0.9213333,0.9213333,0.9213333,0.9213333,0.9213333,0.9213333,0.9213333,0.9213333,0.9213333,0.9213333,0.9213333,0.9213333,0.9213333,0.9213333,0.9213333,0.9213333,0.9213333,0.9213333,0.9213333,0.9213333,0.9213333,SINAPI_familias_e_coeficientes_2025_06.xlsx,
4262,36517,"PA CARREGADEIRA SOBRE RODAS, POTENCIA BRUTA *127* CV, CAPACIDADE DA CACAMBA DE 2,0 A 2,4 M3, PESO OPERACIONAL MAXIMO DE 10330 KG",UN,REPRESENTADO,0.888,0.888,0.888,0.888,0.888,0.888,0.888,0.888,0.888,0.888,0.888,0.888,0.888,0.888,0.888,0.888,0.888,0.888,0.888,0.888,0.888,0.888,0.888,0.888,0.888,0.888,0.888,SINAPI_familias_e_coeficientes_2025_06.xlsx,
4262,4263,"PA CARREGADEIRA SOBRE RODAS, POTENCIA LIQUIDA 197 HP, CAPACIDADE DA CACAMBA DE 2,5 A 3,5 M3, PESO OPERACIONAL MAXIMO DE 18338 KG",UN,REPRESENTADO,1.3866666,1.3866666,1.3866666,1.3866666,1.3866666,1.3866666,1.3866666,1.3866666,1.3866666,1.3866666,1.3866666,1.3866666,1.3866666,1.3866666,1.3866666,1.3866666,1.3866666,1.3866666,1.3866666,1.3866666,1.3866666,1.3866666,1.3866666,1.3866666,1.3866666,1.3866666,1.3866666,SINAPI_familias_e_coeficientes_2025_06.xlsx,
4262,36518,"PA CARREGADEIRA SOBRE RODAS, POTENCIA LIQUIDA 213 HP, CAPACIDADE DA CACAMBA DE 1,9 A 3,5 M3, PESO OPERACIONAL MAXIMO DE 19234 KG",UN,REPRESENTADO,1.5786666,1.5786666,1.5786666,1.5786666,1.5786666,1.5786666,1.5786666,1.5786666,1.5786666,1.5786666,1.5786666,1.5786666,1.5786666,1.5786666,1.5786666,1.5786666,1.5786666,1.5786666,1.5786666,1.5786666,1.5786666,1.5786666,1.5786666,1.5786666,1.5786666,1.5786666,1.5786666,SINAPI_familias_e_coeficientes_2025_06.xlsx,
4274,4274,"PARA-RAIOS TIPO FRANKLIN 350 MM, EM LATAO CROMADO, DUAS DESCIDAS, PARA PROTECAO DE EDIFICACOES CONTRA DESCARGAS ATMOSFERICAS",UN,REPRESENTATIVO,1,1,1,1,1,1,1,1,1,1,1,1,1,1,1,1,1,1,1,1,1,1,1,1,1,1,1,SINAPI_familias_e_coeficientes_2025_06.xlsx,
4274,38060,"BASE PARA MASTRO DE PARA-RAIOS DIAMETRO NOMINAL 1 1/2""",UN,REPRESENTADO,0.4035404,0.4035404,0.4035404,0.4035404,0.4035404,0.4035404,0.4035404,0.4035404,0.4035404,0.4035404,0.4035404,0.4035404,0.4035404,0.4035404,0.4035404,0.4035404,0.4035404,0.4035404,0.4035404,0.4035404,0.4035404,0.4035404,0.4035404,0.4035404,0.4035404,0.4035404,0.4035404,SINAPI_familias_e_coeficientes_2025_06.xlsx,
4274,10956,"BASE PARA MASTRO DE PARA-RAIOS DIAMETRO NOMINAL 2""",UN,REPRESENTADO,0.4425521,0.4425521,0.4425521,0.4425521,0.4425521,0.4425521,0.4425521,0.4425521,0.4425521,0.4425521,0.4425521,0.4425521,0.4425521,0.4425521,0.4425521,0.4425521,0.4425521,0.4425521,0.4425521,0.4425521,0.4425521,0.4425521,0.4425521,0.4425521,0.4425521,0.4425521,0.4425521,SINAPI_familias_e_coeficientes_2025_06.xlsx,
4274,41410,"CAPTOR FRANKLIN (4 PONTAS), EM LATAO CROMADO, H = 300 MM, DUAS DESCIDAS",UN,REPRESENTADO,0.5703259,0.5703259,0.5703259,0.5703259,0.5703259,0.5703259,0.5703259,0.5703259,0.5703259,0.5703259,0.5703259,0.5703259,0.5703259,0.5703259,0.5703259,0.5703259,0.5703259,0.5703259,0.5703259,0.5703259,0.5703259,0.5703259,0.5703259,0.5703259,0.5703259,0.5703259,0.5703259,SINAPI_familias_e_coeficientes_2025_06.xlsx,
4274,41411,"CAPTOR FRANKLIN (4 PONTAS), EM LATAO CROMADO, H = 300 MM, UMA DESCIDA",UN,REPRESENTADO,0.5170519,0.5170519,0.5170519,0.5170519,0.5170519,0.5170519,0.5170519,0.5170519,0.5170519,0.5170519,0.5170519,0.5170519,0.5170519,0.5170519,0.5170519,0.5170519,0.5170519,0.5170519,0.5170519,0.5170519,0.5170519,0.5170519,0.5170519,0.5170519,0.5170519,0.5170519,0.5170519,SINAPI_familias_e_coeficientes_2025_06.xlsx,
4274,41412,"CAPTOR FRANKLIN (4 PONTAS), EM LATAO CROMADO, H = 350 MM, DUAS DESCIDAS",UN,REPRESENTADO,1,1,1,1,1,1,1,1,1,1,1,1,1,1,1,1,1,1,1,1,1,1,1,1,1,1,1,SINAPI_familias_e_coeficientes_2025_06.xlsx,
4274,41413,"CAPTOR FRANKLIN (4 PONTAS), EM LATAO CROMADO, H=350 MM, UMA DESCIDA",UN,REPRESENTADO,0.89987,0.89987,0.89987,0.89987,0.89987,0.89987,0.89987,0.89987,0.89987,0.89987,0.89987,0.89987,0.89987,0.89987,0.89987,0.89987,0.89987,0.89987,0.89987,0.89987,0.89987,0.89987,0.89987,0.89987,0.89987,0.89987,0.89987,SINAPI_familias_e_coeficientes_2025_06.xlsx,
4274,41387,"MASTRO SIMPLES GALVANIZADO DIAMETRO NOMINAL 1 1/2""",M,REPRESENTADO,0.397468,0.397468,0.397468,0.397468,0.397468,0.397468,0.397468,0.397468,0.397468,0.397468,0.397468,0.397468,0.397468,0.397468,0.397468,0.397468,0.397468,0.397468,0.397468,0.397468,0.397468,0.397468,0.397468,0.397468,0.397468,0.397468,0.397468,SINAPI_familias_e_coeficientes_2025_06.xlsx,
4274,41388,"MASTRO SIMPLES GALVANIZADO DIAMETRO NOMINAL 2""",M,REPRESENTADO,0.4768609,0.4768609,0.4768609,0.4768609,0.4768609,0.4768609,0.4768609,0.4768609,0.4768609,0.4768609,0.4768609,0.4768609,0.4768609,0.4768609,0.4768609,0.4768609,0.4768609,0.4768609,0.4768609,0.4768609,0.4768609,0.4768609,0.4768609,0.4768609,0.4768609,0.4768609,0.4768609,SINAPI_familias_e_coeficientes_2025_06.xlsx,
4274,41380,"MASTRO TELESCOPICO DE 4 METROS (3 M X DN= 2"" + 1 M X DN= 1 1/2"")",UN,REPRESENTADO,3.1726163,3.1726163,3.1726163,3.1726163,3.1726163,3.1726163,3.1726163,3.1726163,3.1726163,3.1726163,3.1726163,3.1726163,3.1726163,3.1726163,3.1726163,3.1726163,3.1726163,3.1726163,3.1726163,3.1726163,3.1726163,3.1726163,3.1726163,3.1726163,3.1726163,3.1726163,3.1726163,SINAPI_familias_e_coeficientes_2025_06.xlsx,
4274,41381,"MASTRO TELESCOPICO GALVANIZADO 5 METROS (3 M X DN= 2"" + 2 M X DN= 1 1/2"")",UN,REPRESENTADO,3.3237132,3.3237132,3.3237132,3.3237132,3.3237132,3.3237132,3.3237132,3.3237132,3.3237132,3.3237132,3.3237132,3.3237132,3.3237132,3.3237132,3.3237132,3.3237132,3.3237132,3.3237132,3.3237132,3.3237132,3.3237132,3.3237132,3.3237132,3.3237132,3.3237132,3.3237132,3.3237132,SINAPI_familias_e_coeficientes_2025_06.xlsx,
4274,41382,"MASTRO TELESCOPICO GALVANIZADO 6 METROS (3 M X DN= 2"" + 3 M X DN= 1 1/2"")",UN,REPRESENTADO,3.2171651,3.2171651,3.2171651,3.2171651,3.2171651,3.2171651,3.2171651,3.2171651,3.2171651,3.2171651,3.2171651,3.2171651,3.2171651,3.2171651,3.2171651,3.2171651,3.2171651,3.2171651,3.2171651,3.2171651,3.2171651,3.2171651,3.2171651,3.2171651,3.2171651,3.2171651,3.2171651,SINAPI_familias_e_coeficientes_2025_06.xlsx,
4274,41383,"MASTRO TELESCOPICO GALVANIZADO 7 METROS (6 M X DN= 2"" + 1 M X DN= 1 1/2"")",UN,REPRESENTADO,4.3666261,4.3666261,4.3666261,4.3666261,4.3666261,4.3666261,4.3666261,4.3666261,4.3666261,4.3666261,4.3666261,4.3666261,4.3666261,4.3666261,4.3666261,4.3666261,4.3666261,4.3666261,4.3666261,4.3666261,4.3666261,4.3666261,4.3666261,4.3666261,4.3666261,4.3666261,4.3666261,SINAPI_familias_e_coeficientes_2025_06.xlsx,
4274,41385,"MASTRO TELESCOPICO GALVANIZADO 9 METROS (6 M X DN= 2"" + 3 M X DN= 1 1/2"")",UN,REPRESENTADO,5.4337011,5.4337011,5.4337011,5.4337011,5.4337011,5.4337011,5.4337011,5.4337011,5.4337011,5.4337011,5.4337011,5.4337011,5.4337011,5.4337011,5.4337011,5.4337011,5.4337011,5.4337011,5.4337011,5.4337011,5.4337011,5.4337011,5.4337011,5.4337011,5.4337011,5.4337011,5.4337011,SINAPI_familias_e_coeficientes_2025_06.xlsx,
4274,41419,"MINICAPTOR, EM ACO GALVANIZADO A FOGO, FIXACAO COM ROSCA SOBERBA OU MECANICA, H=300 MM X DN=10 MM",UN,REPRESENTADO,0.0594824,0.0594824,0.0594824,0.0594824,0.0594824,0.0594824,0.0594824,0.0594824,0.0594824,0.0594824,0.0594824,0.0594824,0.0594824,0.0594824,0.0594824,0.0594824,0.0594824,0.0594824,0.0594824,0.0594824,0.0594824,0.0594824,0.0594824,0.0594824,0.0594824,0.0594824,0.0594824,SINAPI_familias_e_coeficientes_2025_06.xlsx,
4274,41420,"MINICAPTOR, EM ACO GALVANIZADO A FOGO, FIXACAO COM ROSCA SOBERBA OU MECANICA, H=600 MM X DN=10 MM",UN,REPRESENTADO,0.0809178,0.0809178,0.0809178,0.0809178,0.0809178,0.0809178,0.0809178,0.0809178,0.0809178,0.0809178,0.0809178,0.0809178,0.0809178,0.0809178,0.0809178,0.0809178,0.0809178,0.0809178,0.0809178,0.0809178,0.0809178,0.0809178,0.0809178,0.0809178,0.0809178,0.0809178,0.0809178,SINAPI_familias_e_coeficientes_2025_06.xlsx,
4274,41421,"MINICAPTOR, EM ACO GALVANIZADO A FOGO, FIXACAO HORIZONTAL COM BANDEIRA A 20 CM, H=300 MM E X DN=10 MM",UN,REPRESENTADO,0.0807081,0.0807081,0.0807081,0.0807081,0.0807081,0.0807081,0.0807081,0.0807081,0.0807081,0.0807081,0.0807081,0.0807081,0.0807081,0.0807081,0.0807081,0.0807081,0.0807081,0.0807081,0.0807081,0.0807081,0.0807081,0.0807081,0.0807081,0.0807081,0.0807081,0.0807081,0.0807081,SINAPI_familias_e_coeficientes_2025_06.xlsx,
4274,41422,"MINICAPTOR, EM ACO GALVANIZADO A FOGO, FIXACAO HORIZONTAL COM BANDEIRA A 20 CM, H=600 MM E X DN=10 MM",UN,REPRESENTADO,0.1104912,0.1104912,0.1104912,0.1104912,0.1104912,0.1104912,0.1104912,0.1104912,0.1104912,0.1104912,0.1104912,0.1104912,0.1104912,0.1104912,0.1104912,0.1104912,0.1104912,0.1104912,0.1104912,0.1104912,0.1104912,0.1104912,0.1104912,0.1104912,0.1104912,0.1104912,0.1104912,SINAPI_familias_e_coeficientes_2025_06.xlsx,
4274,41425,"MINICAPTOR, EM ACO GALVANIZADO A FOGO, FIXACAO HORIZONTAL DE 1 FUROS, SEM BANDEIRA, H=300 MM X DN=10 MM",UN,REPRESENTADO,0.056546,0.056546,0.056546,0.056546,0.056546,0.056546,0.056546,0.056546,0.056546,0.056546,0.056546,0.056546,0.056546,0.056546,0.056546,0.056546,0.056546,0.056546,0.056546,0.056546,0.056546,0.056546,0.056546,0.056546,0.056546,0.056546,0.056546,SINAPI_familias_e_coeficientes_2025_06.xlsx,
4274,41426,"MINICAPTOR, EM ACO GALVANIZADO A FOGO, FIXACAO HORIZONTAL DE 2 FUROS, SEM BANDEIRA, H=600 MM X DN=10 MM",UN,REPRESENTADO,0.1019338,0.1019338,0.1019338,0.1019338,0.1019338,0.1019338,0.1019338,0.1019338,0.1019338,0.1019338,0.1019338,0.1019338,0.1019338,0.1019338,0.1019338,0.1019338,0.1019338,0.1019338,0.1019338,0.1019338,0.1019338,0.1019338,0.1019338,0.1019338,0.1019338,0.1019338,0.1019338,SINAPI_familias_e_coeficientes_2025_06.xlsx,
4274,41414,"MINICAPTORES DE INSERCAO, EM ACO GALVANIZADO A FOGO, H=300 MM X DN=10 MM",UN,REPRESENTADO,0.1870884,0.1870884,0.1870884,0.1870884,0.1870884,0.1870884,0.1870884,0.1870884,0.1870884,0.1870884,0.1870884,0.1870884,0.1870884,0.1870884,0.1870884,0.1870884,0.1870884,0.1870884,0.1870884,0.1870884,0.1870884,0.1870884,0.1870884,0.1870884,0.1870884,0.1870884,0.1870884,SINAPI_familias_e_coeficientes_2025_06.xlsx,
4274,41415,"MINICAPTORES DE INSERCAO, EM ACO GALVANIZADO A FOGO, H=600,MM X DN=10,MM",UN,REPRESENTADO,0.2178783,0.2178783,0.2178783,0.2178783,0.2178783,0.2178783,0.2178783,0.2178783,0.2178783,0.2178783,0.2178783,0.2178783,0.2178783,0.2178783,0.2178783,0.2178783,0.2178783,0.2178783,0.2178783,0.2178783,0.2178783,0.2178783,0.2178783,0.2178783,0.2178783,0.2178783,0.2178783,SINAPI_familias_e_coeficientes_2025_06.xlsx,
4274,4276,"PARA-RAIOS DE DISTRIBUICAO, TENSAO NOMINAL 15 KV, CORRENTE NOMINAL DE DESCARGA 5 KA",UN,REPRESENTADO,1.5055581,1.5055581,1.5055581,1.5055581,1.5055581,1.5055581,1.5055581,1.5055581,1.5055581,1.5055581,1.5055581,1.5055581,1.5055581,1.5055581,1.5055581,1.5055581,1.5055581,1.5055581,1.5055581,1.5055581,1.5055581,1.5055581,1.5055581,1.5055581,1.5055581,1.5055581,1.5055581,SINAPI_familias_e_coeficientes_2025_06.xlsx,
4274,4273,"PARA-RAIOS DE DISTRIBUICAO, TENSAO NOMINAL 30 KV, CORRENTE NOMINAL DE DESCARGA 10 KA",UN,REPRESENTADO,2.733462,2.733462,2.733462,2.733462,2.733462,2.733462,2.733462,2.733462,2.733462,2.733462,2.733462,2.733462,2.733462,2.733462,2.733462,2.733462,2.733462,2.733462,2.733462,2.733462,2.733462,2.733462,2.733462,2.733462,2.733462,2.733462,2.733462,SINAPI_familias_e_coeficientes_2025_06.xlsx,
4274,41457,"POSTES METALICOS AUTOPORTANTES, CONICO OU TELESCOPICO, PARA SPDA, ALTURA 10 METROS LIVRES",UN,REPRESENTADO,11.7911406,11.7911406,11.7911406,11.7911406,11.7911406,11.7911406,11.7911406,11.7911406,11.7911406,11.7911406,11.7911406,11.7911406,11.7911406,11.7911406,11.7911406,11.7911406,11.7911406,11.7911406,11.7911406,11.7911406,11.7911406,11.7911406,11.7911406,11.7911406,11.7911406,11.7911406,11.7911406,SINAPI_familias_e_coeficientes_2025_06.xlsx,
4274,41458,"POSTES METALICOS AUTOPORTANTES, CONICO OU TELESCOPICO, PARA SPDA, ALTURA 12 METROS LIVRES",UN,REPRESENTADO,16.4610093,16.4610093,16.4610093,16.4610093,16.4610093,16.4610093,16.4610093,16.4610093,16.4610093,16.4610093,16.4610093,16.4610093,16.4610093,16.4610093,16.4610093,16.4610093,16.4610093,16.4610093,16.4610093,16.4610093,16.4610093,16.4610093,16.4610093,16.4610093,16.4610093,16.4610093,16.4610093,SINAPI_familias_e_coeficientes_2025_06.xlsx,
4274,41459,"POSTES METALICOS AUTOPORTANTES, CONICO OU TELESCOPICO, PARA SPDA, ALTURA 15 METROS LIVRES",UN,REPRESENTADO,22.9618273,22.9618273,22.9618273,22.9618273,22.9618273,22.9618273,22.9618273,22.9618273,22.9618273,22.9618273,22.9618273,22.9618273,22.9618273,22.9618273,22.9618273,22.9618273,22.9618273,22.9618273,22.9618273,22.9618273,22.9618273,22.9618273,22.9618273,22.9618273,22.9618273,22.9618273,22.9618273,SINAPI_familias_e_coeficientes_2025_06.xlsx,
4274,41461,"POSTES METALICOS AUTOPORTANTES, CONICO OU TELESCOPICO, PARA SPDA, ALTURA 20 METROS LIVRES",UN,REPRESENTADO,31.3072696,31.3072696,31.3072696,31.3072696,31.3072696,31.3072696,31.3072696,31.3072696,31.3072696,31.3072696,31.3072696,31.3072696,31.3072696,31.3072696,31.3072696,31.3072696,31.3072696,31.3072696,31.3072696,31.3072696,31.3072696,31.3072696,31.3072696,31.3072696,31.3072696,31.3072696,31.3072696,SINAPI_familias_e_coeficientes_2025_06.xlsx,
4274,38061,"SINALIZADOR NOTURNO SIMPLES PARA PARA-RAIOS, SEM RELE FOTOELETRICO",UN,REPRESENTADO,0.3565586,0.3565586,0.3565586,0.3565586,0.3565586,0.3565586,0.3565586,0.3565586,0.3565586,0.3565586,0.3565586,0.3565586,0.3565586,0.3565586,0.3565586,0.3565586,0.3565586,0.3565586,0.3565586,0.3565586,0.3565586,0.3565586,0.3565586,0.3565586,0.3565586,0.3565586,0.3565586,SINAPI_familias_e_coeficientes_2025_06.xlsx,
4274,7572,"SUPORTE ISOLADOR REFORCADO DIAMETRO NOMINAL 5/16"", COM ROSCA SOBERBA E BUCHA",UN,REPRESENTADO,0.0583078,0.0583078,0.0583078,0.0583078,0.0583078,0.0583078,0.0583078,0.0583078,0.0583078,0.0583078,0.0583078,0.0583078,0.0583078,0.0583078,0.0583078,0.0583078,0.0583078,0.0583078,0.0583078,0.0583078,0.0583078,0.0583078,0.0583078,0.0583078,0.0583078,0.0583078,0.0583078,SINAPI_familias_e_coeficientes_2025_06.xlsx,
4274,3396,"SUPORTE ISOLADOR SIMPLES DIAMETRO NOMINAL 5/16"", COM ROSCA SOBERBA E BUCHA",UN,REPRESENTADO,0.0394312,0.0394312,0.0394312,0.0394312,0.0394312,0.0394312,0.0394312,0.0394312,0.0394312,0.0394312,0.0394312,0.0394312,0.0394312,0.0394312,0.0394312,0.0394312,0.0394312,0.0394312,0.0394312,0.0394312,0.0394312,0.0394312,0.0394312,0.0394312,0.0394312,0.0394312,0.0394312,SINAPI_familias_e_coeficientes_2025_06.xlsx,
4274,390,"SUPORTE PARA TUBO DIAMETRO NOMINAL 2"", COM ROSCA MECANICA",UN,REPRESENTADO,0.0713117,0.0713117,0.0713117,0.0713117,0.0713117,0.0713117,0.0713117,0.0713117,0.0713117,0.0713117,0.0713117,0.0713117,0.0713117,0.0713117,0.0713117,0.0713117,0.0713117,0.0713117,0.0713117,0.0713117,0.0713117,0.0713117,0.0713117,0.0713117,0.0713117,0.0713117,0.0713117,SINAPI_familias_e_coeficientes_2025_06.xlsx,
4299,4299,"PARAFUSO ZINCADO ROSCA SOBERBA, CABECA SEXTAVADA, 5/16"" X 110 MM, PARA FIXACAO DE TELHA EM MADEIRA",UN,REPRESENTATIVO,1,1,1,1,1,1,1,1,1,1,1,1,1,1,1,1,1,1,1,1,1,1,1,1,1,1,1,SINAPI_familias_e_coeficientes_2025_06.xlsx,
4299,4319,AFASTADOR PARA TELHA DE FIBROCIMENTO CANALETE 90 OU KALHETAO,UN,REPRESENTADO,1.2857143,1.2857143,1.2857143,1.2857143,1.2857143,1.2857143,1.2857143,1.2857143,1.2857143,1.2857143,1.2857143,1.2857143,1.2857143,1.2857143,1.2857143,1.2857143,1.2857143,1.2857143,1.2857143,1.2857143,1.2857143,1.2857143,1.2857143,1.2857143,1.2857143,1.2857143,1.2857143,SINAPI_familias_e_coeficientes_2025_06.xlsx,
4299,1607,"CONJUNTO ARRUELAS DE VEDACAO 5/16"" PARA TELHA FIBROCIMENTO (UMA ARRUELA METALICA E UMA ARRUELA PVC - CONICAS)",CJ,REPRESENTADO,0.1904762,0.1904762,0.1904762,0.1904762,0.1904762,0.1904762,0.1904762,0.1904762,0.1904762,0.1904762,0.1904762,0.1904762,0.1904762,0.1904762,0.1904762,0.1904762,0.1904762,0.1904762,0.1904762,0.1904762,0.1904762,0.1904762,0.1904762,0.1904762,0.1904762,0.1904762,0.1904762,SINAPI_familias_e_coeficientes_2025_06.xlsx,
4299,21142,"ESTRIBO COM PARAFUSO EM CHAPA DE FERRO FUNDIDO DE 2"" X 3/16"" X 35 CM, SECAO ""U"", PARA MADEIRAMENTO DE TELHADO",UN,REPRESENTADO,23.5714286,23.5714286,23.5714286,23.5714286,23.5714286,23.5714286,23.5714286,23.5714286,23.5714286,23.5714286,23.5714286,23.5714286,23.5714286,23.5714286,23.5714286,23.5714286,23.5714286,23.5714286,23.5714286,23.5714286,23.5714286,23.5714286,23.5714286,23.5714286,23.5714286,23.5714286,23.5714286,SINAPI_familias_e_coeficientes_2025_06.xlsx,
4299,4310,"FIXADOR DE ABA AUTOTRAVANTE PARA TELHA DE FIBROCIMENTO, TIPO CANALETE 90 OU KALHETAO",UN,REPRESENTADO,2.2539683,2.2539683,2.2539683,2.2539683,2.2539683,2.2539683,2.2539683,2.2539683,2.2539683,2.2539683,2.2539683,2.2539683,2.2539683,2.2539683,2.2539683,2.2539683,2.2539683,2.2539683,2.2539683,2.2539683,2.2539683,2.2539683,2.2539683,2.2539683,2.2539683,2.2539683,2.2539683,SINAPI_familias_e_coeficientes_2025_06.xlsx,
4299,4311,"FIXADOR DE ABA SIMPLES PARA TELHA DE FIBROCIMENTO, TIPO CANALETA 49 OU KALHETA",UN,REPRESENTADO,1.5873016,1.5873016,1.5873016,1.5873016,1.5873016,1.5873016,1.5873016,1.5873016,1.5873016,1.5873016,1.5873016,1.5873016,1.5873016,1.5873016,1.5873016,1.5873016,1.5873016,1.5873016,1.5873016,1.5873016,1.5873016,1.5873016,1.5873016,1.5873016,1.5873016,1.5873016,1.5873016,SINAPI_familias_e_coeficientes_2025_06.xlsx,
4299,4312,"FIXADOR DE ABA SIMPLES PARA TELHA DE FIBROCIMENTO, TIPO CANALETA 90 OU KALHETAO",UN,REPRESENTADO,2.2222222,2.2222222,2.2222222,2.2222222,2.2222222,2.2222222,2.2222222,2.2222222,2.2222222,2.2222222,2.2222222,2.2222222,2.2222222,2.2222222,2.2222222,2.2222222,2.2222222,2.2222222,2.2222222,2.2222222,2.2222222,2.2222222,2.2222222,2.2222222,2.2222222,2.2222222,2.2222222,SINAPI_familias_e_coeficientes_2025_06.xlsx,
4299,4315,"GANCHO CHATO EM ACO GALVANIZADO, L = 110 MM, RECOBRIMENTO = 100MM, SECAO 1/8 X 1/2"" (3 MM X 12 MM), PARA FIXAR TELHA DE FIBROCIMENTO ONDULADA",UN,REPRESENTADO,1.6349206,1.6349206,1.6349206,1.6349206,1.6349206,1.6349206,1.6349206,1.6349206,1.6349206,1.6349206,1.6349206,1.6349206,1.6349206,1.6349206,1.6349206,1.6349206,1.6349206,1.6349206,1.6349206,1.6349206,1.6349206,1.6349206,1.6349206,1.6349206,1.6349206,1.6349206,1.6349206,SINAPI_familias_e_coeficientes_2025_06.xlsx,
4299,11032,"GRAMPO U DE 5/8"" N8 EM ACO GALVANIZADO",UN,REPRESENTADO,9.2063492,9.2063492,9.2063492,9.2063492,9.2063492,9.2063492,9.2063492,9.2063492,9.2063492,9.2063492,9.2063492,9.2063492,9.2063492,9.2063492,9.2063492,9.2063492,9.2063492,9.2063492,9.2063492,9.2063492,9.2063492,9.2063492,9.2063492,9.2063492,9.2063492,9.2063492,9.2063492,SINAPI_familias_e_coeficientes_2025_06.xlsx,
4299,11029,"HASTE RETA PARA GANCHO DE FERRO GALVANIZADO, COM ROSCA 1/4"" X 30 CM PARA FIXACAO DE TELHA METALICA, INCLUI PORCA E ARRUELAS DE VEDACAO",CJ,REPRESENTADO,1.4126984,1.4126984,1.4126984,1.4126984,1.4126984,1.4126984,1.4126984,1.4126984,1.4126984,1.4126984,1.4126984,1.4126984,1.4126984,1.4126984,1.4126984,1.4126984,1.4126984,1.4126984,1.4126984,1.4126984,1.4126984,1.4126984,1.4126984,1.4126984,1.4126984,1.4126984,1.4126984,SINAPI_familias_e_coeficientes_2025_06.xlsx,
4299,4316,"HASTE RETA PARA GANCHO DE FERRO GALVANIZADO, COM ROSCA 1/4"" X 40 CM PARA FIXACAO DE TELHA DE FIBROCIMENTO, INCLUI PORCA SEXTAVADA DE ZINCO",UN,REPRESENTADO,1.4285714,1.4285714,1.4285714,1.4285714,1.4285714,1.4285714,1.4285714,1.4285714,1.4285714,1.4285714,1.4285714,1.4285714,1.4285714,1.4285714,1.4285714,1.4285714,1.4285714,1.4285714,1.4285714,1.4285714,1.4285714,1.4285714,1.4285714,1.4285714,1.4285714,1.4285714,1.4285714,SINAPI_familias_e_coeficientes_2025_06.xlsx,
4299,4313,"HASTE RETA PARA GANCHO DE FERRO GALVANIZADO, COM ROSCA 5/16"" X 35 CM PARA FIXACAO DE TELHA DE FIBROCIMENTO, INCLUI PORCA E ARRUELAS DE VEDACAO",CJ,REPRESENTADO,2.047619,2.047619,2.047619,2.047619,2.047619,2.047619,2.047619,2.047619,2.047619,2.047619,2.047619,2.047619,2.047619,2.047619,2.047619,2.047619,2.047619,2.047619,2.047619,2.047619,2.047619,2.047619,2.047619,2.047619,2.047619,2.047619,2.047619,SINAPI_familias_e_coeficientes_2025_06.xlsx,
4299,4317,"HASTE RETA PARA GANCHO DE FERRO GALVANIZADO, COM ROSCA 5/16"" X 40 CM PARA FIXACAO DE TELHA DE FIBROCIMENTO, INCLUI PORCA SEXTAVADA DE ZINCO",UN,REPRESENTADO,2.3333333,2.3333333,2.3333333,2.3333333,2.3333333,2.3333333,2.3333333,2.3333333,2.3333333,2.3333333,2.3333333,2.3333333,2.3333333,2.3333333,2.3333333,2.3333333,2.3333333,2.3333333,2.3333333,2.3333333,2.3333333,2.3333333,2.3333333,2.3333333,2.3333333,2.3333333,2.3333333,SINAPI_familias_e_coeficientes_2025_06.xlsx,
4299,4314,"HASTE RETA PARA GANCHO DE FERRO GALVANIZADO, COM ROSCA 5/16"" X 45 CM PARA FIXACAO DE TELHA DE FIBROCIMENTO, INCLUI PORCA E ARRUELAS DE VEDACAO",CJ,REPRESENTADO,2.7301587,2.7301587,2.7301587,2.7301587,2.7301587,2.7301587,2.7301587,2.7301587,2.7301587,2.7301587,2.7301587,2.7301587,2.7301587,2.7301587,2.7301587,2.7301587,2.7301587,2.7301587,2.7301587,2.7301587,2.7301587,2.7301587,2.7301587,2.7301587,2.7301587,2.7301587,2.7301587,SINAPI_familias_e_coeficientes_2025_06.xlsx,
4299,11054,"PARAFUSO ROSCA SOBERBA ZINCADO CABECA CHATA FENDA SIMPLES 3,2 X 20 MM (3/4"")",UN,REPRESENTADO,0.0357937,0.0357937,0.0357937,0.0357937,0.0357937,0.0357937,0.0357937,0.0357937,0.0357937,0.0357937,0.0357937,0.0357937,0.0357937,0.0357937,0.0357937,0.0357937,0.0357937,0.0357937,0.0357937,0.0357937,0.0357937,0.0357937,0.0357937,0.0357937,0.0357937,0.0357937,0.0357937,SINAPI_familias_e_coeficientes_2025_06.xlsx,
4299,11055,"PARAFUSO ROSCA SOBERBA ZINCADO CABECA CHATA FENDA SIMPLES 3,5 X 25 MM (1"")",UN,REPRESENTADO,0.0583333,0.0583333,0.0583333,0.0583333,0.0583333,0.0583333,0.0583333,0.0583333,0.0583333,0.0583333,0.0583333,0.0583333,0.0583333,0.0583333,0.0583333,0.0583333,0.0583333,0.0583333,0.0583333,0.0583333,0.0583333,0.0583333,0.0583333,0.0583333,0.0583333,0.0583333,0.0583333,SINAPI_familias_e_coeficientes_2025_06.xlsx,
4299,11056,"PARAFUSO ROSCA SOBERBA ZINCADO CABECA CHATA FENDA SIMPLES 3,8 X 30 MM (1.1/4"")",UN,REPRESENTADO,0.0634921,0.0634921,0.0634921,0.0634921,0.0634921,0.0634921,0.0634921,0.0634921,0.0634921,0.0634921,0.0634921,0.0634921,0.0634921,0.0634921,0.0634921,0.0634921,0.0634921,0.0634921,0.0634921,0.0634921,0.0634921,0.0634921,0.0634921,0.0634921,0.0634921,0.0634921,0.0634921,SINAPI_familias_e_coeficientes_2025_06.xlsx,
4299,11057,"PARAFUSO ROSCA SOBERBA ZINCADO CABECA CHATA FENDA SIMPLES 4,8 X 40 MM (1.1/2"")",UN,REPRESENTADO,0.1269841,0.1269841,0.1269841,0.1269841,0.1269841,0.1269841,0.1269841,0.1269841,0.1269841,0.1269841,0.1269841,0.1269841,0.1269841,0.1269841,0.1269841,0.1269841,0.1269841,0.1269841,0.1269841,0.1269841,0.1269841,0.1269841,0.1269841,0.1269841,0.1269841,0.1269841,0.1269841,SINAPI_familias_e_coeficientes_2025_06.xlsx,
4299,11059,"PARAFUSO ROSCA SOBERBA ZINCADO CABECA CHATA FENDA SIMPLES 5,5 X 50 MM (2"")",UN,REPRESENTADO,0.2460317,0.2460317,0.2460317,0.2460317,0.2460317,0.2460317,0.2460317,0.2460317,0.2460317,0.2460317,0.2460317,0.2460317,0.2460317,0.2460317,0.2460317,0.2460317,0.2460317,0.2460317,0.2460317,0.2460317,0.2460317,0.2460317,0.2460317,0.2460317,0.2460317,0.2460317,0.2460317,SINAPI_familias_e_coeficientes_2025_06.xlsx,
4299,11058,"PARAFUSO ROSCA SOBERBA ZINCADO CABECA CHATA FENDA SIMPLES 5,5 X 65 MM (2.1/2"")",UN,REPRESENTADO,0.3174603,0.3174603,0.3174603,0.3174603,0.3174603,0.3174603,0.3174603,0.3174603,0.3174603,0.3174603,0.3174603,0.3174603,0.3174603,0.3174603,0.3174603,0.3174603,0.3174603,0.3174603,0.3174603,0.3174603,0.3174603,0.3174603,0.3174603,0.3174603,0.3174603,0.3174603,0.3174603,SINAPI_familias_e_coeficientes_2025_06.xlsx,
4299,4320,"PARAFUSO ZINCADO 5/16"" X 250 MM PARA FIXACAO DE TELHA DE FIBROCIMENTO CANALETE 49, INCLUI BUCHA NYLON S-10",UN,REPRESENTADO,2.5238095,2.5238095,2.5238095,2.5238095,2.5238095,2.5238095,2.5238095,2.5238095,2.5238095,2.5238095,2.5238095,2.5238095,2.5238095,2.5238095,2.5238095,2.5238095,2.5238095,2.5238095,2.5238095,2.5238095,2.5238095,2.5238095,2.5238095,2.5238095,2.5238095,2.5238095,2.5238095,SINAPI_familias_e_coeficientes_2025_06.xlsx,
4299,4318,"PARAFUSO ZINCADO 5/16"" X 85 MM PARA FIXACAO DE TELHA DE FIBROCIMENTO CANALETE 90, INCLUI BUCHA NYLON S-10",UN,REPRESENTADO,1.2301587,1.2301587,1.2301587,1.2301587,1.2301587,1.2301587,1.2301587,1.2301587,1.2301587,1.2301587,1.2301587,1.2301587,1.2301587,1.2301587,1.2301587,1.2301587,1.2301587,1.2301587,1.2301587,1.2301587,1.2301587,1.2301587,1.2301587,1.2301587,1.2301587,1.2301587,1.2301587,SINAPI_familias_e_coeficientes_2025_06.xlsx,
4299,4380,"PARAFUSO ZINCADO ROSCA SOBERBA 5/16"" X 120 MM PARA TELHA FIBROCIMENTO",UN,REPRESENTADO,1.0634921,1.0634921,1.0634921,1.0634921,1.0634921,1.0634921,1.0634921,1.0634921,1.0634921,1.0634921,1.0634921,1.0634921,1.0634921,1.0634921,1.0634921,1.0634921,1.0634921,1.0634921,1.0634921,1.0634921,1.0634921,1.0634921,1.0634921,1.0634921,1.0634921,1.0634921,1.0634921,SINAPI_familias_e_coeficientes_2025_06.xlsx,
4299,4304,"PARAFUSO ZINCADO ROSCA SOBERBA, CABECA SEXTAVADA, 5/16"" X 150 MM, PARA FIXACAO DE TELHA EM MADEIRA",UN,REPRESENTADO,1.3650794,1.3650794,1.3650794,1.3650794,1.3650794,1.3650794,1.3650794,1.3650794,1.3650794,1.3650794,1.3650794,1.3650794,1.3650794,1.3650794,1.3650794,1.3650794,1.3650794,1.3650794,1.3650794,1.3650794,1.3650794,1.3650794,1.3650794,1.3650794,1.3650794,1.3650794,1.3650794,SINAPI_familias_e_coeficientes_2025_06.xlsx,
4299,4305,"PARAFUSO ZINCADO ROSCA SOBERBA, CABECA SEXTAVADA, 5/16"" X 180 MM, PARA FIXACAO DE TELHA EM MADEIRA",UN,REPRESENTADO,1.5873016,1.5873016,1.5873016,1.5873016,1.5873016,1.5873016,1.5873016,1.5873016,1.5873016,1.5873016,1.5873016,1.5873016,1.5873016,1.5873016,1.5873016,1.5873016,1.5873016,1.5873016,1.5873016,1.5873016,1.5873016,1.5873016,1.5873016,1.5873016,1.5873016,1.5873016,1.5873016,SINAPI_familias_e_coeficientes_2025_06.xlsx,
4299,4306,"PARAFUSO ZINCADO ROSCA SOBERBA, CABECA SEXTAVADA, 5/16"" X 200 MM, PARA FIXACAO DE TELHA EM MADEIRA",UN,REPRESENTADO,1.8412698,1.8412698,1.8412698,1.8412698,1.8412698,1.8412698,1.8412698,1.8412698,1.8412698,1.8412698,1.8412698,1.8412698,1.8412698,1.8412698,1.8412698,1.8412698,1.8412698,1.8412698,1.8412698,1.8412698,1.8412698,1.8412698,1.8412698,1.8412698,1.8412698,1.8412698,1.8412698,SINAPI_familias_e_coeficientes_2025_06.xlsx,
4299,4308,"PARAFUSO ZINCADO ROSCA SOBERBA, CABECA SEXTAVADA, 5/16"" X 230 MM, PARA FIXACAO DE TELHA EM MADEIRA",UN,REPRESENTADO,3.8095238,3.8095238,3.8095238,3.8095238,3.8095238,3.8095238,3.8095238,3.8095238,3.8095238,3.8095238,3.8095238,3.8095238,3.8095238,3.8095238,3.8095238,3.8095238,3.8095238,3.8095238,3.8095238,3.8095238,3.8095238,3.8095238,3.8095238,3.8095238,3.8095238,3.8095238,3.8095238,SINAPI_familias_e_coeficientes_2025_06.xlsx,
4299,4302,"PARAFUSO ZINCADO ROSCA SOBERBA, CABECA SEXTAVADA, 5/16"" X 250 MM, PARA FIXACAO DE TELHA EM MADEIRA",UN,REPRESENTADO,2.8571429,2.8571429,2.8571429,2.8571429,2.8571429,2.8571429,2.8571429,2.8571429,2.8571429,2.8571429,2.8571429,2.8571429,2.8571429,2.8571429,2.8571429,2.8571429,2.8571429,2.8571429,2.8571429,2.8571429,2.8571429,2.8571429,2.8571429,2.8571429,2.8571429,2.8571429,2.8571429,SINAPI_familias_e_coeficientes_2025_06.xlsx,
4299,4300,"PARAFUSO ZINCADO ROSCA SOBERBA, CABECA SEXTAVADA, 5/16"" X 50 MM, PARA FIXACAO DE TELHA EM MADEIRA",UN,REPRESENTADO,0.6825397,0.6825397,0.6825397,0.6825397,0.6825397,0.6825397,0.6825397,0.6825397,0.6825397,0.6825397,0.6825397,0.6825397,0.6825397,0.6825397,0.6825397,0.6825397,0.6825397,0.6825397,0.6825397,0.6825397,0.6825397,0.6825397,0.6825397,0.6825397,0.6825397,0.6825397,0.6825397,SINAPI_familias_e_coeficientes_2025_06.xlsx,
4299,4301,"PARAFUSO ZINCADO ROSCA SOBERBA, CABECA SEXTAVADA, 5/16"" X 85 MM, PARA FIXACAO DE TELHA EM MADEIRA",UN,REPRESENTADO,0.8333333,0.8333333,0.8333333,0.8333333,0.8333333,0.8333333,0.8333333,0.8333333,0.8333333,0.8333333,0.8333333,0.8333333,0.8333333,0.8333333,0.8333333,0.8333333,0.8333333,0.8333333,0.8333333,0.8333333,0.8333333,0.8333333,0.8333333,0.8333333,0.8333333,0.8333333,0.8333333,SINAPI_familias_e_coeficientes_2025_06.xlsx,
4299,11091,PINGADEIRA PLASTICA PARA TELHA DE FIBROCIMENTO CANALETE 49/KALHETA OU CANALETE 90/KALHETAO,UN,REPRESENTADO,1.2222222,1.2222222,1.2222222,1.2222222,1.2222222,1.2222222,1.2222222,1.2222222,1.2222222,1.2222222,1.2222222,1.2222222,1.2222222,1.2222222,1.2222222,1.2222222,1.2222222,1.2222222,1.2222222,1.2222222,1.2222222,1.2222222,1.2222222,1.2222222,1.2222222,1.2222222,1.2222222,SINAPI_familias_e_coeficientes_2025_06.xlsx,
4299,4309,PLACA DE VENTILACAO PARA TELHA DE FIBROCIMENTO CANALETE 49 KALHETA,UN,REPRESENTADO,5.4761905,5.4761905,5.4761905,5.4761905,5.4761905,5.4761905,5.4761905,5.4761905,5.4761905,5.4761905,5.4761905,5.4761905,5.4761905,5.4761905,5.4761905,5.4761905,5.4761905,5.4761905,5.4761905,5.4761905,5.4761905,5.4761905,5.4761905,5.4761905,5.4761905,5.4761905,5.4761905,SINAPI_familias_e_coeficientes_2025_06.xlsx,
4299,4307,"PLACA DE VENTILACAO PARA TELHA DE FIBROCIMENTO, CANALETE 90 OU KALHETAO",UN,REPRESENTADO,9.3650794,9.3650794,9.3650794,9.3650794,9.3650794,9.3650794,9.3650794,9.3650794,9.3650794,9.3650794,9.3650794,9.3650794,9.3650794,9.3650794,9.3650794,9.3650794,9.3650794,9.3650794,9.3650794,9.3650794,9.3650794,9.3650794,9.3650794,9.3650794,9.3650794,9.3650794,9.3650794,SINAPI_familias_e_coeficientes_2025_06.xlsx,
4299,11033,SUPORTE PARA CALHA DE 150 MM EM ACO GALVANIZADO,UN,REPRESENTADO,5.2380952,5.2380952,5.2380952,5.2380952,5.2380952,5.2380952,5.2380952,5.2380952,5.2380952,5.2380952,5.2380952,5.2380952,5.2380952,5.2380952,5.2380952,5.2380952,5.2380952,5.2380952,5.2380952,5.2380952,5.2380952,5.2380952,5.2380952,5.2380952,5.2380952,5.2380952,5.2380952,SINAPI_familias_e_coeficientes_2025_06.xlsx,
4299,11060,"TIRANTE EM FERRO GALVANIZADO PARA CONTRAVENTAMENTO DE TELHA CANALETE 90, 1/4"" X 400 MM",UN,REPRESENTADO,31.031746,31.031746,31.031746,31.031746,31.031746,31.031746,31.031746,31.031746,31.031746,31.031746,31.031746,31.031746,31.031746,31.031746,31.031746,31.031746,31.031746,31.031746,31.031746,31.031746,31.031746,31.031746,31.031746,31.031746,31.031746,31.031746,31.031746,SINAPI_familias_e_coeficientes_2025_06.xlsx,
4329,4329,"PARAFUSO EM ACO GALVANIZADO, TIPO MAQUINA, SEXTAVADO, SEM PORCA, DIAMETRO 1/2"", COMPRIMENTO 2""",UN,REPRESENTATIVO,1,1,1,1,1,1,1,1,1,1,1,1,1,1,1,1,1,1,1,1,1,1,1,1,1,1,1,SINAPI_familias_e_coeficientes_2025_06.xlsx,
4329,11270,"ABRACADEIRA DE LATAO PARA FIXACAO DE CABO PARA-RAIO, DIMENSOES 32 X 24 X 24 MM",UN,REPRESENTADO,1.2,1.2,1.2,1.2,1.2,1.2,1.2,1.2,1.2,1.2,1.2,1.2,1.2,1.2,1.2,1.2,1.2,1.2,1.2,1.2,1.2,1.2,1.2,1.2,1.2,1.2,1.2,SINAPI_familias_e_coeficientes_2025_06.xlsx,
4329,11927,"ABRACADEIRA, GALVANIZADA/ZINCADA, ROSCA SEM FIM, PARAFUSO INOX, LARGURA FITA *12,6 A *14 MM, D = 2"" A 2 1/2""",UN,REPRESENTADO,3.5826087,3.5826087,3.5826087,3.5826087,3.5826087,3.5826087,3.5826087,3.5826087,3.5826087,3.5826087,3.5826087,3.5826087,3.5826087,3.5826087,3.5826087,3.5826087,3.5826087,3.5826087,3.5826087,3.5826087,3.5826087,3.5826087,3.5826087,3.5826087,3.5826087,3.5826087,3.5826087,SINAPI_familias_e_coeficientes_2025_06.xlsx,
4329,11928,"ABRACADEIRA, GALVANIZADA/ZINCADA, ROSCA SEM FIM, PARAFUSO INOX, LARGURA FITA *12,6 A *14 MM, D = 3"" A 3 3/4""",UN,REPRESENTADO,4.1043478,4.1043478,4.1043478,4.1043478,4.1043478,4.1043478,4.1043478,4.1043478,4.1043478,4.1043478,4.1043478,4.1043478,4.1043478,4.1043478,4.1043478,4.1043478,4.1043478,4.1043478,4.1043478,4.1043478,4.1043478,4.1043478,4.1043478,4.1043478,4.1043478,4.1043478,4.1043478,SINAPI_familias_e_coeficientes_2025_06.xlsx,
4329,11929,"ABRACADEIRA, GALVANIZADA/ZINCADA, ROSCA SEM FIM, PARAFUSO INOX, LARGURA FITA *12,6 A *14 MM, D = 4"" A 4 3/4""",UN,REPRESENTADO,6.3478261,6.3478261,6.3478261,6.3478261,6.3478261,6.3478261,6.3478261,6.3478261,6.3478261,6.3478261,6.3478261,6.3478261,6.3478261,6.3478261,6.3478261,6.3478261,6.3478261,6.3478261,6.3478261,6.3478261,6.3478261,6.3478261,6.3478261,6.3478261,6.3478261,6.3478261,6.3478261,SINAPI_familias_e_coeficientes_2025_06.xlsx,
4329,4350,"BUCHA DE NYLON, DIAMETRO DO FURO 8 MM, COMPRIMENTO 40 MM, COM PARAFUSO DE ROSCA SOBERBA, CABECA CHATA, FENDA SIMPLES, 4,8 X 50 MM",UN,REPRESENTADO,0.2956522,0.2956522,0.2956522,0.2956522,0.2956522,0.2956522,0.2956522,0.2956522,0.2956522,0.2956522,0.2956522,0.2956522,0.2956522,0.2956522,0.2956522,0.2956522,0.2956522,0.2956522,0.2956522,0.2956522,0.2956522,0.2956522,0.2956522,0.2956522,0.2956522,0.2956522,0.2956522,SINAPI_familias_e_coeficientes_2025_06.xlsx,
4329,39746,"CHUMBADOR DE ACO GALVANIZADO, 1"" X 600 MM, PARA POSTES DE ACO COM BASE, INCLUSO PORCA E ARRUELA",UN,REPRESENTADO,37.7769231,37.7769231,37.7769231,37.7769231,37.7769231,37.7769231,37.7769231,37.7769231,37.7769231,37.7769231,37.7769231,37.7769231,37.7769231,37.7769231,37.7769231,37.7769231,37.7769231,37.7769231,37.7769231,37.7769231,37.7769231,37.7769231,37.7769231,37.7769231,37.7769231,37.7769231,37.7769231,SINAPI_familias_e_coeficientes_2025_06.xlsx,
4329,13279,"CHUMBADOR DE ACO TIPO PARABOLT, * 5/8"" X 200* MM, COM PORCA E ARRUELA",KG,REPRESENTADO,9.5652174,9.5652174,9.5652174,9.5652174,9.5652174,9.5652174,9.5652174,9.5652174,9.5652174,9.5652174,9.5652174,9.5652174,9.5652174,9.5652174,9.5652174,9.5652174,9.5652174,9.5652174,9.5652174,9.5652174,9.5652174,9.5652174,9.5652174,9.5652174,9.5652174,9.5652174,9.5652174,SINAPI_familias_e_coeficientes_2025_06.xlsx,
4329,11977,"CHUMBADOR DE ACO ZINCADO, DIAMETRO 1/2"", COMPRIMENTO 75 MM",UN,REPRESENTADO,4.9565217,4.9565217,4.9565217,4.9565217,4.9565217,4.9565217,4.9565217,4.9565217,4.9565217,4.9565217,4.9565217,4.9565217,4.9565217,4.9565217,4.9565217,4.9565217,4.9565217,4.9565217,4.9565217,4.9565217,4.9565217,4.9565217,4.9565217,4.9565217,4.9565217,4.9565217,4.9565217,SINAPI_familias_e_coeficientes_2025_06.xlsx,
4329,11976,"CHUMBADOR DE ACO ZINCADO, DIAMETRO 1/4"" COM PARAFUSO 1/4"" X 40 MM",UN,REPRESENTADO,0.5565217,0.5565217,0.5565217,0.5565217,0.5565217,0.5565217,0.5565217,0.5565217,0.5565217,0.5565217,0.5565217,0.5565217,0.5565217,0.5565217,0.5565217,0.5565217,0.5565217,0.5565217,0.5565217,0.5565217,0.5565217,0.5565217,0.5565217,0.5565217,0.5565217,0.5565217,0.5565217,SINAPI_familias_e_coeficientes_2025_06.xlsx,
4329,11975,"CHUMBADOR DE ACO ZINCADO, DIAMETRO 5/8"", COMPRIMENTO 6"", COM PORCA",UN,REPRESENTADO,10.8608696,10.8608696,10.8608696,10.8608696,10.8608696,10.8608696,10.8608696,10.8608696,10.8608696,10.8608696,10.8608696,10.8608696,10.8608696,10.8608696,10.8608696,10.8608696,10.8608696,10.8608696,10.8608696,10.8608696,10.8608696,10.8608696,10.8608696,10.8608696,10.8608696,10.8608696,10.8608696,SINAPI_familias_e_coeficientes_2025_06.xlsx,
4329,14211,"CONTRA-PORCA SEXTAVADA, DIAMETRO NOMINAL 1 3/8"", ALTURA 35 MM",UN,REPRESENTADO,20.6956522,20.6956522,20.6956522,20.6956522,20.6956522,20.6956522,20.6956522,20.6956522,20.6956522,20.6956522,20.6956522,20.6956522,20.6956522,20.6956522,20.6956522,20.6956522,20.6956522,20.6956522,20.6956522,20.6956522,20.6956522,20.6956522,20.6956522,20.6956522,20.6956522,20.6956522,20.6956522,SINAPI_familias_e_coeficientes_2025_06.xlsx,
4329,13343,"KIT DE MATERIAIS PARA BRACADEIRA PARA FIXACAO EM POSTE CIRCULAR, CONTEM TRES FIXADORES E UM ROLO DE FITA DE 3 M EM ACO CARBONO",UN,REPRESENTADO,20.6086957,20.6086957,20.6086957,20.6086957,20.6086957,20.6086957,20.6086957,20.6086957,20.6086957,20.6086957,20.6086957,20.6086957,20.6086957,20.6086957,20.6086957,20.6086957,20.6086957,20.6086957,20.6086957,20.6086957,20.6086957,20.6086957,20.6086957,20.6086957,20.6086957,20.6086957,20.6086957,SINAPI_familias_e_coeficientes_2025_06.xlsx,
4329,39438,"PARAFUSO CABECA TROMBETA E PONTA AGULHA (GN55), COMPRIMENTO 55 MM, EM ACO FOSFATIZADO, PARA FIXAR CHAPA DE GESSO EM PERFIL DRYWALL METALICO MAXIMO 0,7 MM",UN,REPRESENTADO,0.1213043,0.1213043,0.1213043,0.1213043,0.1213043,0.1213043,0.1213043,0.1213043,0.1213043,0.1213043,0.1213043,0.1213043,0.1213043,0.1213043,0.1213043,0.1213043,0.1213043,0.1213043,0.1213043,0.1213043,0.1213043,0.1213043,0.1213043,0.1213043,0.1213043,0.1213043,0.1213043,SINAPI_familias_e_coeficientes_2025_06.xlsx,
4329,4379,"PARAFUSO DE ACO ZINCADO COM ROSCA SOBERBA, CABECA CHATA E FENDA SIMPLES, DIAMETRO 2,5 MM, COMPRIMENTO * 9,5 * MM",UN,REPRESENTADO,0.0241739,0.0241739,0.0241739,0.0241739,0.0241739,0.0241739,0.0241739,0.0241739,0.0241739,0.0241739,0.0241739,0.0241739,0.0241739,0.0241739,0.0241739,0.0241739,0.0241739,0.0241739,0.0241739,0.0241739,0.0241739,0.0241739,0.0241739,0.0241739,0.0241739,0.0241739,0.0241739,SINAPI_familias_e_coeficientes_2025_06.xlsx,
4329,4377,"PARAFUSO DE ACO ZINCADO COM ROSCA SOBERBA, CABECA CHATA E FENDA SIMPLES, DIAMETRO 4,2 MM, COMPRIMENTO * 32 * MM",UN,REPRESENTADO,0.0869565,0.0869565,0.0869565,0.0869565,0.0869565,0.0869565,0.0869565,0.0869565,0.0869565,0.0869565,0.0869565,0.0869565,0.0869565,0.0869565,0.0869565,0.0869565,0.0869565,0.0869565,0.0869565,0.0869565,0.0869565,0.0869565,0.0869565,0.0869565,0.0869565,0.0869565,0.0869565,SINAPI_familias_e_coeficientes_2025_06.xlsx,
4329,4356,"PARAFUSO DE ACO ZINCADO COM ROSCA SOBERBA, CABECA CHATA E FENDA SIMPLES, DIAMETRO 4,8 MM, COMPRIMENTO 45 MM",UN,REPRESENTADO,0.1217391,0.1217391,0.1217391,0.1217391,0.1217391,0.1217391,0.1217391,0.1217391,0.1217391,0.1217391,0.1217391,0.1217391,0.1217391,0.1217391,0.1217391,0.1217391,0.1217391,0.1217391,0.1217391,0.1217391,0.1217391,0.1217391,0.1217391,0.1217391,0.1217391,0.1217391,0.1217391,SINAPI_familias_e_coeficientes_2025_06.xlsx,
4329,13246,"PARAFUSO DE ACO ZINCADO, SEXTAVADO, COM ROSCA INTEIRA, DIAMETRO 5/16"", COMPRIMENTO 3/4"", COM PORCA E ARRUELA LISA LEVE",UN,REPRESENTADO,0.2086957,0.2086957,0.2086957,0.2086957,0.2086957,0.2086957,0.2086957,0.2086957,0.2086957,0.2086957,0.2086957,0.2086957,0.2086957,0.2086957,0.2086957,0.2086957,0.2086957,0.2086957,0.2086957,0.2086957,0.2086957,0.2086957,0.2086957,0.2086957,0.2086957,0.2086957,0.2086957,SINAPI_familias_e_coeficientes_2025_06.xlsx,
4329,13294,"PARAFUSO DE ACO ZINCADO, SEXTAVADO, COM ROSCA SOBERBA, DIAMETRO 3/8"", COMPRIMENTO 80 MM",UN,REPRESENTADO,0.6956522,0.6956522,0.6956522,0.6956522,0.6956522,0.6956522,0.6956522,0.6956522,0.6956522,0.6956522,0.6956522,0.6956522,0.6956522,0.6956522,0.6956522,0.6956522,0.6956522,0.6956522,0.6956522,0.6956522,0.6956522,0.6956522,0.6956522,0.6956522,0.6956522,0.6956522,0.6956522,SINAPI_familias_e_coeficientes_2025_06.xlsx,
4329,11963,"PARAFUSO DE ACO ZINCADO, TIPO CHUMBADOR PARABOLT, DIAMETRO 1/2"", COMPRIMENTO 75 MM",UN,REPRESENTADO,4.373913,4.373913,4.373913,4.373913,4.373913,4.373913,4.373913,4.373913,4.373913,4.373913,4.373913,4.373913,4.373913,4.373913,4.373913,4.373913,4.373913,4.373913,4.373913,4.373913,4.373913,4.373913,4.373913,4.373913,4.373913,4.373913,4.373913,SINAPI_familias_e_coeficientes_2025_06.xlsx,
4329,11964,"PARAFUSO DE ACO ZINCADO, TIPO CHUMBADOR PARABOLT, DIAMETRO 3/8"", COMPRIMENTO 75 MM",UN,REPRESENTADO,1.1043478,1.1043478,1.1043478,1.1043478,1.1043478,1.1043478,1.1043478,1.1043478,1.1043478,1.1043478,1.1043478,1.1043478,1.1043478,1.1043478,1.1043478,1.1043478,1.1043478,1.1043478,1.1043478,1.1043478,1.1043478,1.1043478,1.1043478,1.1043478,1.1043478,1.1043478,1.1043478,SINAPI_familias_e_coeficientes_2025_06.xlsx,
4329,4346,"PARAFUSO DE FERRO POLIDO, SEXTAVADO, COM ROSCA PARCIAL, DIAMETRO 5/8"", COMPRIMENTO 6"", COM PORCA E ARRUELA DE PRESSAO MEDIA",UN,REPRESENTADO,4.6869565,4.6869565,4.6869565,4.6869565,4.6869565,4.6869565,4.6869565,4.6869565,4.6869565,4.6869565,4.6869565,4.6869565,4.6869565,4.6869565,4.6869565,4.6869565,4.6869565,4.6869565,4.6869565,4.6869565,4.6869565,4.6869565,4.6869565,4.6869565,4.6869565,4.6869565,4.6869565,SINAPI_familias_e_coeficientes_2025_06.xlsx,
4329,11955,"PARAFUSO DE LATAO COM ACABAMENTO CROMADO PARA FIXAR PECA SANITARIA, INCLUI PORCA CEGA, ARRUELA E BUCHA DE NYLON TAMANHO S-10",UN,REPRESENTADO,2.0521739,2.0521739,2.0521739,2.0521739,2.0521739,2.0521739,2.0521739,2.0521739,2.0521739,2.0521739,2.0521739,2.0521739,2.0521739,2.0521739,2.0521739,2.0521739,2.0521739,2.0521739,2.0521739,2.0521739,2.0521739,2.0521739,2.0521739,2.0521739,2.0521739,2.0521739,2.0521739,SINAPI_familias_e_coeficientes_2025_06.xlsx,
4329,11960,"PARAFUSO DE LATAO COM ROSCA SOBERBA, CABECA CHATA E FENDA SIMPLES, DIAMETRO 2,5 MM, COMPRIMENTO 12 MM",UN,REPRESENTADO,0.0695652,0.0695652,0.0695652,0.0695652,0.0695652,0.0695652,0.0695652,0.0695652,0.0695652,0.0695652,0.0695652,0.0695652,0.0695652,0.0695652,0.0695652,0.0695652,0.0695652,0.0695652,0.0695652,0.0695652,0.0695652,0.0695652,0.0695652,0.0695652,0.0695652,0.0695652,0.0695652,SINAPI_familias_e_coeficientes_2025_06.xlsx,
4329,4333,"PARAFUSO DE LATAO COM ROSCA SOBERBA, CABECA CHATA E FENDA SIMPLES, DIAMETRO 3,2 MM, COMPRIMENTO 16 MM",UN,REPRESENTADO,0.1217391,0.1217391,0.1217391,0.1217391,0.1217391,0.1217391,0.1217391,0.1217391,0.1217391,0.1217391,0.1217391,0.1217391,0.1217391,0.1217391,0.1217391,0.1217391,0.1217391,0.1217391,0.1217391,0.1217391,0.1217391,0.1217391,0.1217391,0.1217391,0.1217391,0.1217391,0.1217391,SINAPI_familias_e_coeficientes_2025_06.xlsx,
4329,4358,"PARAFUSO DE LATAO COM ROSCA SOBERBA, CABECA CHATA E FENDA SIMPLES, DIAMETRO 4,8 MM, COMPRIMENTO 65 MM",UN,REPRESENTADO,0.9391304,0.9391304,0.9391304,0.9391304,0.9391304,0.9391304,0.9391304,0.9391304,0.9391304,0.9391304,0.9391304,0.9391304,0.9391304,0.9391304,0.9391304,0.9391304,0.9391304,0.9391304,0.9391304,0.9391304,0.9391304,0.9391304,0.9391304,0.9391304,0.9391304,0.9391304,0.9391304,SINAPI_familias_e_coeficientes_2025_06.xlsx,
4329,39435,"PARAFUSO DRY WALL, EM ACO FOSFATIZADO, CABECA TROMBETA E PONTA AGULHA (TA), COMPRIMENTO 25 MM",UN,REPRESENTADO,0.0486413,0.0486413,0.0486413,0.0486413,0.0486413,0.0486413,0.0486413,0.0486413,0.0486413,0.0486413,0.0486413,0.0486413,0.0486413,0.0486413,0.0486413,0.0486413,0.0486413,0.0486413,0.0486413,0.0486413,0.0486413,0.0486413,0.0486413,0.0486413,0.0486413,0.0486413,0.0486413,SINAPI_familias_e_coeficientes_2025_06.xlsx,
4329,39436,"PARAFUSO DRY WALL, EM ACO FOSFATIZADO, CABECA TROMBETA E PONTA AGULHA (TA), COMPRIMENTO 35 MM",UN,REPRESENTADO,0.0816304,0.0816304,0.0816304,0.0816304,0.0816304,0.0816304,0.0816304,0.0816304,0.0816304,0.0816304,0.0816304,0.0816304,0.0816304,0.0816304,0.0816304,0.0816304,0.0816304,0.0816304,0.0816304,0.0816304,0.0816304,0.0816304,0.0816304,0.0816304,0.0816304,0.0816304,0.0816304,SINAPI_familias_e_coeficientes_2025_06.xlsx,
4329,39437,"PARAFUSO DRY WALL, EM ACO FOSFATIZADO, CABECA TROMBETA E PONTA AGULHA (TA), COMPRIMENTO 45 MM",UN,REPRESENTADO,0.1067174,0.1067174,0.1067174,0.1067174,0.1067174,0.1067174,0.1067174,0.1067174,0.1067174,0.1067174,0.1067174,0.1067174,0.1067174,0.1067174,0.1067174,0.1067174,0.1067174,0.1067174,0.1067174,0.1067174,0.1067174,0.1067174,0.1067174,0.1067174,0.1067174,0.1067174,0.1067174,SINAPI_familias_e_coeficientes_2025_06.xlsx,
4329,39439,"PARAFUSO DRY WALL, EM ACO FOSFATIZADO, CABECA TROMBETA E PONTA BROCA (TB), COMPRIMENTO 25 MM",UN,REPRESENTADO,0.0732609,0.0732609,0.0732609,0.0732609,0.0732609,0.0732609,0.0732609,0.0732609,0.0732609,0.0732609,0.0732609,0.0732609,0.0732609,0.0732609,0.0732609,0.0732609,0.0732609,0.0732609,0.0732609,0.0732609,0.0732609,0.0732609,0.0732609,0.0732609,0.0732609,0.0732609,0.0732609,SINAPI_familias_e_coeficientes_2025_06.xlsx,
4329,39440,"PARAFUSO DRY WALL, EM ACO FOSFATIZADO, CABECA TROMBETA E PONTA BROCA (TB), COMPRIMENTO 35 MM",UN,REPRESENTADO,0.0944783,0.0944783,0.0944783,0.0944783,0.0944783,0.0944783,0.0944783,0.0944783,0.0944783,0.0944783,0.0944783,0.0944783,0.0944783,0.0944783,0.0944783,0.0944783,0.0944783,0.0944783,0.0944783,0.0944783,0.0944783,0.0944783,0.0944783,0.0944783,0.0944783,0.0944783,0.0944783,SINAPI_familias_e_coeficientes_2025_06.xlsx,
4329,39441,"PARAFUSO DRY WALL, EM ACO FOSFATIZADO, CABECA TROMBETA E PONTA BROCA (TB), COMPRIMENTO 45 MM",UN,REPRESENTADO,0.119087,0.119087,0.119087,0.119087,0.119087,0.119087,0.119087,0.119087,0.119087,0.119087,0.119087,0.119087,0.119087,0.119087,0.119087,0.119087,0.119087,0.119087,0.119087,0.119087,0.119087,0.119087,0.119087,0.119087,0.119087,0.119087,0.119087,SINAPI_familias_e_coeficientes_2025_06.xlsx,
4329,39442,"PARAFUSO DRY WALL, EM ACO ZINCADO, CABECA LENTILHA E PONTA AGULHA (LA), LARGURA 4,2 MM, COMPRIMENTO 13 MM",UN,REPRESENTADO,0.086087,0.086087,0.086087,0.086087,0.086087,0.086087,0.086087,0.086087,0.086087,0.086087,0.086087,0.086087,0.086087,0.086087,0.086087,0.086087,0.086087,0.086087,0.086087,0.086087,0.086087,0.086087,0.086087,0.086087,0.086087,0.086087,0.086087,SINAPI_familias_e_coeficientes_2025_06.xlsx,
4329,39443,"PARAFUSO DRY WALL, EM ACO ZINCADO, CABECA LENTILHA E PONTA BROCA (LB), LARGURA 4,2 MM, COMPRIMENTO 13 MM",UN,REPRESENTADO,0.1126087,0.1126087,0.1126087,0.1126087,0.1126087,0.1126087,0.1126087,0.1126087,0.1126087,0.1126087,0.1126087,0.1126087,0.1126087,0.1126087,0.1126087,0.1126087,0.1126087,0.1126087,0.1126087,0.1126087,0.1126087,0.1126087,0.1126087,0.1126087,0.1126087,0.1126087,0.1126087,SINAPI_familias_e_coeficientes_2025_06.xlsx,
4329,4383,"PARAFUSO FRANCES METRICO ZINCADO, DIAMETRO 12 MM, COMPRIMENTO 140MM, COM PORCA SEXTAVADA E ARRUELA DE PRESSAO MEDIA",UN,REPRESENTADO,9.0434783,9.0434783,9.0434783,9.0434783,9.0434783,9.0434783,9.0434783,9.0434783,9.0434783,9.0434783,9.0434783,9.0434783,9.0434783,9.0434783,9.0434783,9.0434783,9.0434783,9.0434783,9.0434783,9.0434783,9.0434783,9.0434783,9.0434783,9.0434783,9.0434783,9.0434783,9.0434783,SINAPI_familias_e_coeficientes_2025_06.xlsx,
4329,4344,"PARAFUSO FRANCES METRICO ZINCADO, DIAMETRO 12 MM, COMPRIMENTO 150 MM, COM PORCA SEXTAVADA E ARRUELA DE PRESSAO MEDIA",UN,REPRESENTADO,9.4782609,9.4782609,9.4782609,9.4782609,9.4782609,9.4782609,9.4782609,9.4782609,9.4782609,9.4782609,9.4782609,9.4782609,9.4782609,9.4782609,9.4782609,9.4782609,9.4782609,9.4782609,9.4782609,9.4782609,9.4782609,9.4782609,9.4782609,9.4782609,9.4782609,9.4782609,9.4782609,SINAPI_familias_e_coeficientes_2025_06.xlsx,
4329,4335,"PARAFUSO FRANCES ZINCADO, DIAMETRO 1/2"", COMPRIMENTO 12"", COM PORCA E ARRUELA LISA MEDIA",UN,REPRESENTADO,6.3652174,6.3652174,6.3652174,6.3652174,6.3652174,6.3652174,6.3652174,6.3652174,6.3652174,6.3652174,6.3652174,6.3652174,6.3652174,6.3652174,6.3652174,6.3652174,6.3652174,6.3652174,6.3652174,6.3652174,6.3652174,6.3652174,6.3652174,6.3652174,6.3652174,6.3652174,6.3652174,SINAPI_familias_e_coeficientes_2025_06.xlsx,
4329,4334,"PARAFUSO FRANCES ZINCADO, DIAMETRO 1/2"", COMPRIMENTO 15"", COM PORCA E ARRUELA LISA MEDIA",UN,REPRESENTADO,8.7304348,8.7304348,8.7304348,8.7304348,8.7304348,8.7304348,8.7304348,8.7304348,8.7304348,8.7304348,8.7304348,8.7304348,8.7304348,8.7304348,8.7304348,8.7304348,8.7304348,8.7304348,8.7304348,8.7304348,8.7304348,8.7304348,8.7304348,8.7304348,8.7304348,8.7304348,8.7304348,SINAPI_familias_e_coeficientes_2025_06.xlsx,
4329,11953,"PARAFUSO FRANCES ZINCADO, DIAMETRO 1/2"", COMPRIMENTO 2"", COM PORCA E ARRUELA",UN,REPRESENTADO,1.5043478,1.5043478,1.5043478,1.5043478,1.5043478,1.5043478,1.5043478,1.5043478,1.5043478,1.5043478,1.5043478,1.5043478,1.5043478,1.5043478,1.5043478,1.5043478,1.5043478,1.5043478,1.5043478,1.5043478,1.5043478,1.5043478,1.5043478,1.5043478,1.5043478,1.5043478,1.5043478,SINAPI_familias_e_coeficientes_2025_06.xlsx,
4329,4343,"PARAFUSO FRANCES ZINCADO, DIAMETRO 1/2"", COMPRIMENTO 4"", COM PORCA E ARRUELA",UN,REPRESENTADO,2.1478261,2.1478261,2.1478261,2.1478261,2.1478261,2.1478261,2.1478261,2.1478261,2.1478261,2.1478261,2.1478261,2.1478261,2.1478261,2.1478261,2.1478261,2.1478261,2.1478261,2.1478261,2.1478261,2.1478261,2.1478261,2.1478261,2.1478261,2.1478261,2.1478261,2.1478261,2.1478261,SINAPI_familias_e_coeficientes_2025_06.xlsx,
4329,4351,"PARAFUSO NIQUELADO 3 1/2"" COM ACABAMENTO CROMADO PARA FIXAR PECA SANITARIA, INCLUI PORCA CEGA, ARRUELA E BUCHA DE NYLON TAMANHO S-8",UN,REPRESENTADO,7.7043478,7.7043478,7.7043478,7.7043478,7.7043478,7.7043478,7.7043478,7.7043478,7.7043478,7.7043478,7.7043478,7.7043478,7.7043478,7.7043478,7.7043478,7.7043478,7.7043478,7.7043478,7.7043478,7.7043478,7.7043478,7.7043478,7.7043478,7.7043478,7.7043478,7.7043478,7.7043478,SINAPI_familias_e_coeficientes_2025_06.xlsx,
4329,4384,"PARAFUSO NIQUELADO COM ACABAMENTO CROMADO PARA FIXAR PECA SANITARIA, INCLUI PORCA CEGA, ARRUELA E BUCHA DE NYLON TAMANHO S-10",UN,REPRESENTADO,10.3913043,10.3913043,10.3913043,10.3913043,10.3913043,10.3913043,10.3913043,10.3913043,10.3913043,10.3913043,10.3913043,10.3913043,10.3913043,10.3913043,10.3913043,10.3913043,10.3913043,10.3913043,10.3913043,10.3913043,10.3913043,10.3913043,10.3913043,10.3913043,10.3913043,10.3913043,10.3913043,SINAPI_familias_e_coeficientes_2025_06.xlsx,
4329,40547,"PARAFUSO ZINCADO, AUTOBROCANTE, FLANGEADO, 4,2 MM X 19 MM",CENTO,REPRESENTADO,12.6262626,12.6262626,12.6262626,12.6262626,12.6262626,12.6262626,12.6262626,12.6262626,12.6262626,12.6262626,12.6262626,12.6262626,12.6262626,12.6262626,12.6262626,12.6262626,12.6262626,12.6262626,12.6262626,12.6262626,12.6262626,12.6262626,12.6262626,12.6262626,12.6262626,12.6262626,12.6262626,SINAPI_familias_e_coeficientes_2025_06.xlsx,
4329,11962,"PARAFUSO ZINCADO, SEXTAVADO, COM ROSCA INTEIRA, DIAMETRO 1/4"", COMPRIMENTO 1/2""",UN,REPRESENTADO,0.1043478,0.1043478,0.1043478,0.1043478,0.1043478,0.1043478,0.1043478,0.1043478,0.1043478,0.1043478,0.1043478,0.1043478,0.1043478,0.1043478,0.1043478,0.1043478,0.1043478,0.1043478,0.1043478,0.1043478,0.1043478,0.1043478,0.1043478,0.1043478,0.1043478,0.1043478,0.1043478,SINAPI_familias_e_coeficientes_2025_06.xlsx,
4329,4332,"PARAFUSO ZINCADO, SEXTAVADO, COM ROSCA INTEIRA, DIAMETRO 3/8"", COMPRIMENTO 2""",UN,REPRESENTADO,0.5043478,0.5043478,0.5043478,0.5043478,0.5043478,0.5043478,0.5043478,0.5043478,0.5043478,0.5043478,0.5043478,0.5043478,0.5043478,0.5043478,0.5043478,0.5043478,0.5043478,0.5043478,0.5043478,0.5043478,0.5043478,0.5043478,0.5043478,0.5043478,0.5043478,0.5043478,0.5043478,SINAPI_familias_e_coeficientes_2025_06.xlsx,
4329,4331,"PARAFUSO ZINCADO, SEXTAVADO, COM ROSCA INTEIRA, DIAMETRO 5/8"", COMPRIMENTO 2 1/4""",UN,REPRESENTADO,1.8956522,1.8956522,1.8956522,1.8956522,1.8956522,1.8956522,1.8956522,1.8956522,1.8956522,1.8956522,1.8956522,1.8956522,1.8956522,1.8956522,1.8956522,1.8956522,1.8956522,1.8956522,1.8956522,1.8956522,1.8956522,1.8956522,1.8956522,1.8956522,1.8956522,1.8956522,1.8956522,SINAPI_familias_e_coeficientes_2025_06.xlsx,
4329,4336,"PARAFUSO ZINCADO, SEXTAVADO, COM ROSCA INTEIRA, DIAMETRO 5/8"", COMPRIMENTO 3"", COM PORCA E ARRUELA DE PRESSAO MEDIA",UN,REPRESENTADO,2.426087,2.426087,2.426087,2.426087,2.426087,2.426087,2.426087,2.426087,2.426087,2.426087,2.426087,2.426087,2.426087,2.426087,2.426087,2.426087,2.426087,2.426087,2.426087,2.426087,2.426087,2.426087,2.426087,2.426087,2.426087,2.426087,2.426087,SINAPI_familias_e_coeficientes_2025_06.xlsx,
4329,11948,"PARAFUSO ZINCADO, SEXTAVADO, COM ROSCA SOBERBA, DIAMETRO 5/16"", COMPRIMENTO 40 MM",UN,REPRESENTADO,0.3130435,0.3130435,0.3130435,0.3130435,0.3130435,0.3130435,0.3130435,0.3130435,0.3130435,0.3130435,0.3130435,0.3130435,0.3130435,0.3130435,0.3130435,0.3130435,0.3130435,0.3130435,0.3130435,0.3130435,0.3130435,0.3130435,0.3130435,0.3130435,0.3130435,0.3130435,0.3130435,SINAPI_familias_e_coeficientes_2025_06.xlsx,
4329,4382,"PARAFUSO ZINCADO, SEXTAVADO, COM ROSCA SOBERBA, DIAMETRO 5/16"", COMPRIMENTO 80 MM",UN,REPRESENTADO,0.5217391,0.5217391,0.5217391,0.5217391,0.5217391,0.5217391,0.5217391,0.5217391,0.5217391,0.5217391,0.5217391,0.5217391,0.5217391,0.5217391,0.5217391,0.5217391,0.5217391,0.5217391,0.5217391,0.5217391,0.5217391,0.5217391,0.5217391,0.5217391,0.5217391,0.5217391,0.5217391,SINAPI_familias_e_coeficientes_2025_06.xlsx,
4329,4354,"PARAFUSO ZINCADO, SEXTAVADO, GRAU 5, ROSCA INTEIRA, DIAMETRO 1 1/2"", COMPRIMENTO 4""",UN,REPRESENTADO,21.7391304,21.7391304,21.7391304,21.7391304,21.7391304,21.7391304,21.7391304,21.7391304,21.7391304,21.7391304,21.7391304,21.7391304,21.7391304,21.7391304,21.7391304,21.7391304,21.7391304,21.7391304,21.7391304,21.7391304,21.7391304,21.7391304,21.7391304,21.7391304,21.7391304,21.7391304,21.7391304,SINAPI_familias_e_coeficientes_2025_06.xlsx,
4329,40839,"PARAFUSO, ASTM A307 - GRAU A, SEXTAVADO, ZINCADO, DIAMETRO 3/8"" (9,52 MM), COMPRIMENTO 1"" (25,4 MM)",CENTO,REPRESENTADO,52.3088023,52.3088023,52.3088023,52.3088023,52.3088023,52.3088023,52.3088023,52.3088023,52.3088023,52.3088023,52.3088023,52.3088023,52.3088023,52.3088023,52.3088023,52.3088023,52.3088023,52.3088023,52.3088023,52.3088023,52.3088023,52.3088023,52.3088023,52.3088023,52.3088023,52.3088023,52.3088023,SINAPI_familias_e_coeficientes_2025_06.xlsx,
4329,40552,"PARAFUSO, AUTOATARRAXANTE, CABECA CHATA, FENDA SIMPLES, EM ACO ZINCADO, 1/4"" (6,35 MM) X 25 MM",CENTO,REPRESENTADO,21.6450216,21.6450216,21.6450216,21.6450216,21.6450216,21.6450216,21.6450216,21.6450216,21.6450216,21.6450216,21.6450216,21.6450216,21.6450216,21.6450216,21.6450216,21.6450216,21.6450216,21.6450216,21.6450216,21.6450216,21.6450216,21.6450216,21.6450216,21.6450216,21.6450216,21.6450216,21.6450216,SINAPI_familias_e_coeficientes_2025_06.xlsx,
4329,40549,"PARAFUSO, COMUM, ASTM A307, SEXTAVADO, DIAMETRO 1/2"" (12,7 MM), COMPRIMENTO 1"" (25,4 MM)",CENTO,REPRESENTADO,85.6782107,85.6782107,85.6782107,85.6782107,85.6782107,85.6782107,85.6782107,85.6782107,85.6782107,85.6782107,85.6782107,85.6782107,85.6782107,85.6782107,85.6782107,85.6782107,85.6782107,85.6782107,85.6782107,85.6782107,85.6782107,85.6782107,85.6782107,85.6782107,85.6782107,85.6782107,85.6782107,SINAPI_familias_e_coeficientes_2025_06.xlsx,
4329,4341,"PORCA ZINCADA, QUADRADA, DIAMETRO 3/8""",UN,REPRESENTADO,0.4695652,0.4695652,0.4695652,0.4695652,0.4695652,0.4695652,0.4695652,0.4695652,0.4695652,0.4695652,0.4695652,0.4695652,0.4695652,0.4695652,0.4695652,0.4695652,0.4695652,0.4695652,0.4695652,0.4695652,0.4695652,0.4695652,0.4695652,0.4695652,0.4695652,0.4695652,0.4695652,SINAPI_familias_e_coeficientes_2025_06.xlsx,
4329,4337,"PORCA ZINCADA, QUADRADA, DIAMETRO 5/8""",UN,REPRESENTADO,1.1826087,1.1826087,1.1826087,1.1826087,1.1826087,1.1826087,1.1826087,1.1826087,1.1826087,1.1826087,1.1826087,1.1826087,1.1826087,1.1826087,1.1826087,1.1826087,1.1826087,1.1826087,1.1826087,1.1826087,1.1826087,1.1826087,1.1826087,1.1826087,1.1826087,1.1826087,1.1826087,SINAPI_familias_e_coeficientes_2025_06.xlsx,
4329,11971,"PORCA ZINCADA, SEXTAVADA, DIAMETRO 1""",UN,REPRESENTADO,1.9565217,1.9565217,1.9565217,1.9565217,1.9565217,1.9565217,1.9565217,1.9565217,1.9565217,1.9565217,1.9565217,1.9565217,1.9565217,1.9565217,1.9565217,1.9565217,1.9565217,1.9565217,1.9565217,1.9565217,1.9565217,1.9565217,1.9565217,1.9565217,1.9565217,1.9565217,1.9565217,SINAPI_familias_e_coeficientes_2025_06.xlsx,
4329,4339,"PORCA ZINCADA, SEXTAVADA, DIAMETRO 1/2""",UN,REPRESENTADO,0.2521739,0.2521739,0.2521739,0.2521739,0.2521739,0.2521739,0.2521739,0.2521739,0.2521739,0.2521739,0.2521739,0.2521739,0.2521739,0.2521739,0.2521739,0.2521739,0.2521739,0.2521739,0.2521739,0.2521739,0.2521739,0.2521739,0.2521739,0.2521739,0.2521739,0.2521739,0.2521739,SINAPI_familias_e_coeficientes_2025_06.xlsx,
4329,39997,"PORCA ZINCADA, SEXTAVADA, DIAMETRO 1/4""",UN,REPRESENTADO,0.1413043,0.1413043,0.1413043,0.1413043,0.1413043,0.1413043,0.1413043,0.1413043,0.1413043,0.1413043,0.1413043,0.1413043,0.1413043,0.1413043,0.1413043,0.1413043,0.1413043,0.1413043,0.1413043,0.1413043,0.1413043,0.1413043,0.1413043,0.1413043,0.1413043,0.1413043,0.1413043,SINAPI_familias_e_coeficientes_2025_06.xlsx,
4329,4342,"PORCA ZINCADA, SEXTAVADA, DIAMETRO 3/8""",UN,REPRESENTADO,0.1043478,0.1043478,0.1043478,0.1043478,0.1043478,0.1043478,0.1043478,0.1043478,0.1043478,0.1043478,0.1043478,0.1043478,0.1043478,0.1043478,0.1043478,0.1043478,0.1043478,0.1043478,0.1043478,0.1043478,0.1043478,0.1043478,0.1043478,0.1043478,0.1043478,0.1043478,0.1043478,SINAPI_familias_e_coeficientes_2025_06.xlsx,
4329,4330,"PORCA ZINCADA, SEXTAVADA, DIAMETRO 5/16""",UN,REPRESENTADO,0.0695652,0.0695652,0.0695652,0.0695652,0.0695652,0.0695652,0.0695652,0.0695652,0.0695652,0.0695652,0.0695652,0.0695652,0.0695652,0.0695652,0.0695652,0.0695652,0.0695652,0.0695652,0.0695652,0.0695652,0.0695652,0.0695652,0.0695652,0.0695652,0.0695652,0.0695652,0.0695652,SINAPI_familias_e_coeficientes_2025_06.xlsx,
4329,4340,"PORCA ZINCADA, SEXTAVADA, DIAMETRO 5/8""",UN,REPRESENTADO,0.5478261,0.5478261,0.5478261,0.5478261,0.5478261,0.5478261,0.5478261,0.5478261,0.5478261,0.5478261,0.5478261,0.5478261,0.5478261,0.5478261,0.5478261,0.5478261,0.5478261,0.5478261,0.5478261,0.5478261,0.5478261,0.5478261,0.5478261,0.5478261,0.5478261,0.5478261,0.5478261,SINAPI_familias_e_coeficientes_2025_06.xlsx,
4375,4375,BUCHA DE NYLON SEM ABA S6,UN,REPRESENTATIVO,1,1,1,1,1,1,1,1,1,1,1,1,1,1,1,1,1,1,1,1,1,1,1,1,1,1,1,SINAPI_familias_e_coeficientes_2025_06.xlsx,
4375,4374,BUCHA DE NYLON SEM ABA S10,UN,REPRESENTADO,3.7025928,3.7025928,3.7025928,3.7025928,3.7025928,3.7025928,3.7025928,3.7025928,3.7025928,3.7025928,3.7025928,3.7025928,3.7025928,3.7025928,3.7025928,3.7025928,3.7025928,3.7025928,3.7025928,3.7025928,3.7025928,3.7025928,3.7025928,3.7025928,3.7025928,3.7025928,3.7025928,SINAPI_familias_e_coeficientes_2025_06.xlsx,
4375,7568,"BUCHA DE NYLON SEM ABA S10, COM PARAFUSO DE 6,10 X 65 MM EM ACO ZINCADO COM ROSCA SOBERBA, CABECA CHATA E FENDA PHILLIPS",UN,REPRESENTADO,6.1458932,6.1458932,6.1458932,6.1458932,6.1458932,6.1458932,6.1458932,6.1458932,6.1458932,6.1458932,6.1458932,6.1458932,6.1458932,6.1458932,6.1458932,6.1458932,6.1458932,6.1458932,6.1458932,6.1458932,6.1458932,6.1458932,6.1458932,6.1458932,6.1458932,6.1458932,6.1458932,SINAPI_familias_e_coeficientes_2025_06.xlsx,
4375,7584,"BUCHA DE NYLON SEM ABA S12, COM PARAFUSO DE 5/16"" X 80 MM EM ACO ZINCADO COM ROSCA SOBERBA E CABECA SEXTAVADA",UN,REPRESENTADO,9.3624354,9.3624354,9.3624354,9.3624354,9.3624354,9.3624354,9.3624354,9.3624354,9.3624354,9.3624354,9.3624354,9.3624354,9.3624354,9.3624354,9.3624354,9.3624354,9.3624354,9.3624354,9.3624354,9.3624354,9.3624354,9.3624354,9.3624354,9.3624354,9.3624354,9.3624354,9.3624354,SINAPI_familias_e_coeficientes_2025_06.xlsx,
4375,11945,BUCHA DE NYLON SEM ABA S4,UN,REPRESENTADO,0.6117174,0.6117174,0.6117174,0.6117174,0.6117174,0.6117174,0.6117174,0.6117174,0.6117174,0.6117174,0.6117174,0.6117174,0.6117174,0.6117174,0.6117174,0.6117174,0.6117174,0.6117174,0.6117174,0.6117174,0.6117174,0.6117174,0.6117174,0.6117174,0.6117174,0.6117174,0.6117174,SINAPI_familias_e_coeficientes_2025_06.xlsx,
4375,11946,BUCHA DE NYLON SEM ABA S5,UN,REPRESENTADO,0.6947731,0.6947731,0.6947731,0.6947731,0.6947731,0.6947731,0.6947731,0.6947731,0.6947731,0.6947731,0.6947731,0.6947731,0.6947731,0.6947731,0.6947731,0.6947731,0.6947731,0.6947731,0.6947731,0.6947731,0.6947731,0.6947731,0.6947731,0.6947731,0.6947731,0.6947731,0.6947731,SINAPI_familias_e_coeficientes_2025_06.xlsx,
4375,11950,"BUCHA DE NYLON SEM ABA S6, COM PARAFUSO DE 4,20 X 40 MM EM ACO ZINCADO COM ROSCA SOBERBA, CABECA CHATA E FENDA PHILLIPS",UN,REPRESENTADO,2.0677771,2.0677771,2.0677771,2.0677771,2.0677771,2.0677771,2.0677771,2.0677771,2.0677771,2.0677771,2.0677771,2.0677771,2.0677771,2.0677771,2.0677771,2.0677771,2.0677771,2.0677771,2.0677771,2.0677771,2.0677771,2.0677771,2.0677771,2.0677771,2.0677771,2.0677771,2.0677771,SINAPI_familias_e_coeficientes_2025_06.xlsx,
4375,4376,BUCHA DE NYLON SEM ABA S8,UN,REPRESENTADO,1.9529006,1.9529006,1.9529006,1.9529006,1.9529006,1.9529006,1.9529006,1.9529006,1.9529006,1.9529006,1.9529006,1.9529006,1.9529006,1.9529006,1.9529006,1.9529006,1.9529006,1.9529006,1.9529006,1.9529006,1.9529006,1.9529006,1.9529006,1.9529006,1.9529006,1.9529006,1.9529006,SINAPI_familias_e_coeficientes_2025_06.xlsx,
4375,7583,"BUCHA DE NYLON SEM ABA S8, COM PARAFUSO DE 4,80 X 50 MM EM ACO ZINCADO COM ROSCA SOBERBA, CABECA CHATA E FENDA PHILLIPS",UN,REPRESENTADO,4.1929925,4.1929925,4.1929925,4.1929925,4.1929925,4.1929925,4.1929925,4.1929925,4.1929925,4.1929925,4.1929925,4.1929925,4.1929925,4.1929925,4.1929925,4.1929925,4.1929925,4.1929925,4.1929925,4.1929925,4.1929925,4.1929925,4.1929925,4.1929925,4.1929925,4.1929925,4.1929925,SINAPI_familias_e_coeficientes_2025_06.xlsx,
4430,4430,"CAIBRO NAO APARELHADO *5 X 6* CM, EM MACARANDUBA/MASSARANDUBA, ANGELIM OU EQUIVALENTE DA REGIAO - BRUTA",M,REPRESENTATIVO,1,1,1,1,1,1,1,1,1,1,1,1,1,1,1,1,1,1,1,1,1,1,1,1,1,1,1,SINAPI_familias_e_coeficientes_2025_06.xlsx,
4430,20212,"CAIBRO APARELHADO *6 X 8* CM, EM MACARANDUBA/MASSARANDUBA, ANGELIM OU EQUIVALENTE DA REGIAO",M,REPRESENTADO,1.7089381,1.7089381,1.7089381,1.7089381,1.7089381,1.7089381,1.7089381,1.7089381,1.7089381,1.7089381,1.7089381,1.7089381,1.7089381,1.7089381,1.7089381,1.7089381,1.7089381,1.7089381,1.7089381,1.7089381,1.7089381,1.7089381,1.7089381,1.7089381,1.7089381,1.7089381,1.7089381,SINAPI_familias_e_coeficientes_2025_06.xlsx,
4430,20209,"CAIBRO APARELHADO *7,5 X 7,5* CM, EM MACARANDUBA/MASSARANDUBA, ANGELIM OU EQUIVALENTE DA REGIAO",M,REPRESENTADO,2.0412529,2.0412529,2.0412529,2.0412529,2.0412529,2.0412529,2.0412529,2.0412529,2.0412529,2.0412529,2.0412529,2.0412529,2.0412529,2.0412529,2.0412529,2.0412529,2.0412529,2.0412529,2.0412529,2.0412529,2.0412529,2.0412529,2.0412529,2.0412529,2.0412529,2.0412529,2.0412529,SINAPI_familias_e_coeficientes_2025_06.xlsx,
4430,4433,"CAIBRO NAO APARELHADO *6 X 6* CM, EM MACARANDUBA/MASSARANDUBA, ANGELIM OU EQUIVALENTE DA REGIAO - BRUTA",M,REPRESENTADO,1.9556914,1.9556914,1.9556914,1.9556914,1.9556914,1.9556914,1.9556914,1.9556914,1.9556914,1.9556914,1.9556914,1.9556914,1.9556914,1.9556914,1.9556914,1.9556914,1.9556914,1.9556914,1.9556914,1.9556914,1.9556914,1.9556914,1.9556914,1.9556914,1.9556914,1.9556914,1.9556914,SINAPI_familias_e_coeficientes_2025_06.xlsx,
4430,4400,"CAIBRO NAO APARELHADO, *6 X 8* CM, EM MACARANDUBA/MASSARANDUBA, ANGELIM OU EQUIVALENTE DA REGIAO - BRUTA",M,REPRESENTADO,1.591673,1.591673,1.591673,1.591673,1.591673,1.591673,1.591673,1.591673,1.591673,1.591673,1.591673,1.591673,1.591673,1.591673,1.591673,1.591673,1.591673,1.591673,1.591673,1.591673,1.591673,1.591673,1.591673,1.591673,1.591673,1.591673,1.591673,SINAPI_familias_e_coeficientes_2025_06.xlsx,
4430,35274,"PILAR QUADRADO NAO APARELHADO *10 X 10* CM, EM MACARANDUBA/MASSARANDUBA, ANGELIM OU EQUIVALENTE DA REGIAO - BRUTA",M,REPRESENTADO,3.8063407,3.8063407,3.8063407,3.8063407,3.8063407,3.8063407,3.8063407,3.8063407,3.8063407,3.8063407,3.8063407,3.8063407,3.8063407,3.8063407,3.8063407,3.8063407,3.8063407,3.8063407,3.8063407,3.8063407,3.8063407,3.8063407,3.8063407,3.8063407,3.8063407,3.8063407,3.8063407,SINAPI_familias_e_coeficientes_2025_06.xlsx,
4430,35275,"PILAR QUADRADO NAO APARELHADO *15 X 15* CM, EM MACARANDUBA/MASSARANDUBA, ANGELIM OU EQUIVALENTE DA REGIAO - BRUTA",M,REPRESENTADO,8.078686,8.078686,8.078686,8.078686,8.078686,8.078686,8.078686,8.078686,8.078686,8.078686,8.078686,8.078686,8.078686,8.078686,8.078686,8.078686,8.078686,8.078686,8.078686,8.078686,8.078686,8.078686,8.078686,8.078686,8.078686,8.078686,8.078686,SINAPI_familias_e_coeficientes_2025_06.xlsx,
4430,35276,"PILAR QUADRADO NAO APARELHADO *20 X 20* CM, EM MACARANDUBA/MASSARANDUBA, ANGELIM OU EQUIVALENTE DA REGIAO - BRUTA",M,REPRESENTADO,14.0565317,14.0565317,14.0565317,14.0565317,14.0565317,14.0565317,14.0565317,14.0565317,14.0565317,14.0565317,14.0565317,14.0565317,14.0565317,14.0565317,14.0565317,14.0565317,14.0565317,14.0565317,14.0565317,14.0565317,14.0565317,14.0565317,14.0565317,14.0565317,14.0565317,14.0565317,14.0565317,SINAPI_familias_e_coeficientes_2025_06.xlsx,
4430,11844,"PRANCHA APARELHADA *4 X 30* CM, EM MACARANDUBA/MASSARANDUBA, ANGELIM OU EQUIVALENTE DA REGIAO",M,REPRESENTADO,3.9858671,3.9858671,3.9858671,3.9858671,3.9858671,3.9858671,3.9858671,3.9858671,3.9858671,3.9858671,3.9858671,3.9858671,3.9858671,3.9858671,3.9858671,3.9858671,3.9858671,3.9858671,3.9858671,3.9858671,3.9858671,3.9858671,3.9858671,3.9858671,3.9858671,3.9858671,3.9858671,SINAPI_familias_e_coeficientes_2025_06.xlsx,
4430,4465,"PRANCHA NAO APARELHADA *6 X 25* CM, EM MACARANDUBA/MASSARANDUBA, ANGELIM OU EQUIVALENTE DA REGIAO - BRUTA",M,REPRESENTADO,3.3124523,3.3124523,3.3124523,3.3124523,3.3124523,3.3124523,3.3124523,3.3124523,3.3124523,3.3124523,3.3124523,3.3124523,3.3124523,3.3124523,3.3124523,3.3124523,3.3124523,3.3124523,3.3124523,3.3124523,3.3124523,3.3124523,3.3124523,3.3124523,3.3124523,3.3124523,3.3124523,SINAPI_familias_e_coeficientes_2025_06.xlsx,
4430,35273,"PRANCHA NAO APARELHADA *6 X 30* CM, EM MACARANDUBA/MASSARANDUBA, ANGELIM OU EQUIVALENTE DA REGIAO - BRUTA",M,REPRESENTADO,3.9724981,3.9724981,3.9724981,3.9724981,3.9724981,3.9724981,3.9724981,3.9724981,3.9724981,3.9724981,3.9724981,3.9724981,3.9724981,3.9724981,3.9724981,3.9724981,3.9724981,3.9724981,3.9724981,3.9724981,3.9724981,3.9724981,3.9724981,3.9724981,3.9724981,3.9724981,3.9724981,SINAPI_familias_e_coeficientes_2025_06.xlsx,
4430,4470,"PRANCHA NAO APARELHADA *6 X 40* CM, EM MACARANDUBA/MASSARANDUBA, ANGELIM OU EQUIVALENTE DA REGIAO - BRUTA",M,REPRESENTADO,9.1673033,9.1673033,9.1673033,9.1673033,9.1673033,9.1673033,9.1673033,9.1673033,9.1673033,9.1673033,9.1673033,9.1673033,9.1673033,9.1673033,9.1673033,9.1673033,9.1673033,9.1673033,9.1673033,9.1673033,9.1673033,9.1673033,9.1673033,9.1673033,9.1673033,9.1673033,9.1673033,SINAPI_familias_e_coeficientes_2025_06.xlsx,
4430,20204,"PRANCHAO APARELHADO *7,5 X 23* CM, EM MACARANDUBA/MASSARANDUBA, ANGELIM OU EQUIVALENTE DA REGIAO",M,REPRESENTADO,6.1115355,6.1115355,6.1115355,6.1115355,6.1115355,6.1115355,6.1115355,6.1115355,6.1115355,6.1115355,6.1115355,6.1115355,6.1115355,6.1115355,6.1115355,6.1115355,6.1115355,6.1115355,6.1115355,6.1115355,6.1115355,6.1115355,6.1115355,6.1115355,6.1115355,6.1115355,6.1115355,SINAPI_familias_e_coeficientes_2025_06.xlsx,
4430,20208,"PRANCHAO APARELHADO *8 X 30* CM, EM MACARANDUBA/MASSARANDUBA, ANGELIM OU EQUIVALENTE DA REGIAO",M,REPRESENTADO,8.250573,8.250573,8.250573,8.250573,8.250573,8.250573,8.250573,8.250573,8.250573,8.250573,8.250573,8.250573,8.250573,8.250573,8.250573,8.250573,8.250573,8.250573,8.250573,8.250573,8.250573,8.250573,8.250573,8.250573,8.250573,8.250573,8.250573,SINAPI_familias_e_coeficientes_2025_06.xlsx,
4430,4437,"PRANCHAO NAO APARELHADO *7,5 X 23* CM, EM MACARANDUBA/MASSARANDUBA, ANGELIM OU EQUIVALENTE DA REGIAO - BRUTA",M,REPRESENTADO,6.8754775,6.8754775,6.8754775,6.8754775,6.8754775,6.8754775,6.8754775,6.8754775,6.8754775,6.8754775,6.8754775,6.8754775,6.8754775,6.8754775,6.8754775,6.8754775,6.8754775,6.8754775,6.8754775,6.8754775,6.8754775,6.8754775,6.8754775,6.8754775,6.8754775,6.8754775,6.8754775,SINAPI_familias_e_coeficientes_2025_06.xlsx,
4430,14580,"PRANCHAO NAO APARELHADO *8 X 30* CM, EM MACARANDUBA/MASSARANDUBA, ANGELIM OU EQUIVALENTE DA REGIAO - BRUTA",M,REPRESENTADO,6.8754775,6.8754775,6.8754775,6.8754775,6.8754775,6.8754775,6.8754775,6.8754775,6.8754775,6.8754775,6.8754775,6.8754775,6.8754775,6.8754775,6.8754775,6.8754775,6.8754775,6.8754775,6.8754775,6.8754775,6.8754775,6.8754775,6.8754775,6.8754775,6.8754775,6.8754775,6.8754775,SINAPI_familias_e_coeficientes_2025_06.xlsx,
4430,20205,"RIPA APARELHADA *1,5 X 5* CM, EM MACARANDUBA/MASSARANDUBA, ANGELIM OU EQUIVALENTE DA REGIAO",M,REPRESENTADO,0.2547746,0.2547746,0.2547746,0.2547746,0.2547746,0.2547746,0.2547746,0.2547746,0.2547746,0.2547746,0.2547746,0.2547746,0.2547746,0.2547746,0.2547746,0.2547746,0.2547746,0.2547746,0.2547746,0.2547746,0.2547746,0.2547746,0.2547746,0.2547746,0.2547746,0.2547746,0.2547746,SINAPI_familias_e_coeficientes_2025_06.xlsx,
4430,4412,"RIPA NAO APARELHADA *1 X 3* CM, EM MACARANDUBA/MASSARANDUBA, ANGELIM OU EQUIVALENTE DA REGIAO - BRUTA",M,REPRESENTADO,0.1527884,0.1527884,0.1527884,0.1527884,0.1527884,0.1527884,0.1527884,0.1527884,0.1527884,0.1527884,0.1527884,0.1527884,0.1527884,0.1527884,0.1527884,0.1527884,0.1527884,0.1527884,0.1527884,0.1527884,0.1527884,0.1527884,0.1527884,0.1527884,0.1527884,0.1527884,0.1527884,SINAPI_familias_e_coeficientes_2025_06.xlsx,
4430,4408,"RIPA NAO APARELHADA, *1,5 X 5* CM, EM MACARANDUBA/MASSARANDUBA, ANGELIM OU EQUIVALENTE DA REGIAO - BRUTA",M,REPRESENTADO,0.1906035,0.1906035,0.1906035,0.1906035,0.1906035,0.1906035,0.1906035,0.1906035,0.1906035,0.1906035,0.1906035,0.1906035,0.1906035,0.1906035,0.1906035,0.1906035,0.1906035,0.1906035,0.1906035,0.1906035,0.1906035,0.1906035,0.1906035,0.1906035,0.1906035,0.1906035,0.1906035,SINAPI_familias_e_coeficientes_2025_06.xlsx,
4430,20206,"SARRAFO APARELHADO *2 X 10* CM, EM MACARANDUBA/MASSARANDUBA, ANGELIM OU EQUIVALENTE DA REGIAO",M,REPRESENTADO,0.6875477,0.6875477,0.6875477,0.6875477,0.6875477,0.6875477,0.6875477,0.6875477,0.6875477,0.6875477,0.6875477,0.6875477,0.6875477,0.6875477,0.6875477,0.6875477,0.6875477,0.6875477,0.6875477,0.6875477,0.6875477,0.6875477,0.6875477,0.6875477,0.6875477,0.6875477,0.6875477,SINAPI_familias_e_coeficientes_2025_06.xlsx,
4430,4460,"SARRAFO NAO APARELHADO *2,5 X 10* CM, EM MACARANDUBA/MASSARANDUBA, ANGELIM OU EQUIVALENTE DA REGIAO - BRUTA",M,REPRESENTADO,0.7058824,0.7058824,0.7058824,0.7058824,0.7058824,0.7058824,0.7058824,0.7058824,0.7058824,0.7058824,0.7058824,0.7058824,0.7058824,0.7058824,0.7058824,0.7058824,0.7058824,0.7058824,0.7058824,0.7058824,0.7058824,0.7058824,0.7058824,0.7058824,0.7058824,0.7058824,0.7058824,SINAPI_familias_e_coeficientes_2025_06.xlsx,
4430,4415,"SARRAFO NAO APARELHADO *2,5 X 5* CM, EM MACARANDUBA/MASSARANDUBA, ANGELIM, PEROBA-ROSA OU EQUIVALENTE DA REGIAO - BRUTA",M,REPRESENTADO,0.3781513,0.3781513,0.3781513,0.3781513,0.3781513,0.3781513,0.3781513,0.3781513,0.3781513,0.3781513,0.3781513,0.3781513,0.3781513,0.3781513,0.3781513,0.3781513,0.3781513,0.3781513,0.3781513,0.3781513,0.3781513,0.3781513,0.3781513,0.3781513,0.3781513,0.3781513,0.3781513,SINAPI_familias_e_coeficientes_2025_06.xlsx,
4430,4417,"SARRAFO NAO APARELHADO *2,5 X 7* CM, EM MACARANDUBA/MASSARANDUBA, ANGELIM, PEROBA-ROSA OU EQUIVALENTE DA REGIAO - BRUTA",M,REPRESENTADO,0.5443086,0.5443086,0.5443086,0.5443086,0.5443086,0.5443086,0.5443086,0.5443086,0.5443086,0.5443086,0.5443086,0.5443086,0.5443086,0.5443086,0.5443086,0.5443086,0.5443086,0.5443086,0.5443086,0.5443086,0.5443086,0.5443086,0.5443086,0.5443086,0.5443086,0.5443086,0.5443086,SINAPI_familias_e_coeficientes_2025_06.xlsx,
4430,3993,"TABUA APARELHADA *2,5 X 15* CM, EM MACARANDUBA/MASSARANDUBA, ANGELIM OU EQUIVALENTE DA REGIAO",M2,REPRESENTADO,9.1342037,9.1342037,9.1342037,9.1342037,9.1342037,9.1342037,9.1342037,9.1342037,9.1342037,9.1342037,9.1342037,9.1342037,9.1342037,9.1342037,9.1342037,9.1342037,9.1342037,9.1342037,9.1342037,9.1342037,9.1342037,9.1342037,9.1342037,9.1342037,9.1342037,9.1342037,9.1342037,SINAPI_familias_e_coeficientes_2025_06.xlsx,
4430,3990,"TABUA APARELHADA *2,5 X 25* CM, EM MACARANDUBA/MASSARANDUBA, ANGELIM OU EQUIVALENTE DA REGIAO",M,REPRESENTADO,1.7188694,1.7188694,1.7188694,1.7188694,1.7188694,1.7188694,1.7188694,1.7188694,1.7188694,1.7188694,1.7188694,1.7188694,1.7188694,1.7188694,1.7188694,1.7188694,1.7188694,1.7188694,1.7188694,1.7188694,1.7188694,1.7188694,1.7188694,1.7188694,1.7188694,1.7188694,1.7188694,SINAPI_familias_e_coeficientes_2025_06.xlsx,
4430,3992,"TABUA APARELHADA *2,5 X 30* CM, EM MACARANDUBA/MASSARANDUBA, ANGELIM OU EQUIVALENTE DA REGIAO",M,REPRESENTADO,2.3204736,2.3204736,2.3204736,2.3204736,2.3204736,2.3204736,2.3204736,2.3204736,2.3204736,2.3204736,2.3204736,2.3204736,2.3204736,2.3204736,2.3204736,2.3204736,2.3204736,2.3204736,2.3204736,2.3204736,2.3204736,2.3204736,2.3204736,2.3204736,2.3204736,2.3204736,2.3204736,SINAPI_familias_e_coeficientes_2025_06.xlsx,
4430,43614,"TABUA NAO APARELHADA *2,5 X 15* CM, EM MACARANDUBA/MASSARANDUBA, ANGELIM OU EQUIVALENTE DA REGIAO - BRUTA",M,REPRESENTADO,1.1611917,1.1611917,1.1611917,1.1611917,1.1611917,1.1611917,1.1611917,1.1611917,1.1611917,1.1611917,1.1611917,1.1611917,1.1611917,1.1611917,1.1611917,1.1611917,1.1611917,1.1611917,1.1611917,1.1611917,1.1611917,1.1611917,1.1611917,1.1611917,1.1611917,1.1611917,1.1611917,SINAPI_familias_e_coeficientes_2025_06.xlsx,
4430,6193,"TABUA NAO APARELHADA *2,5 X 20* CM, EM MACARANDUBA/MASSARANDUBA, ANGELIM OU EQUIVALENTE DA REGIAO - BRUTA",M,REPRESENTADO,1.4132926,1.4132926,1.4132926,1.4132926,1.4132926,1.4132926,1.4132926,1.4132926,1.4132926,1.4132926,1.4132926,1.4132926,1.4132926,1.4132926,1.4132926,1.4132926,1.4132926,1.4132926,1.4132926,1.4132926,1.4132926,1.4132926,1.4132926,1.4132926,1.4132926,1.4132926,1.4132926,SINAPI_familias_e_coeficientes_2025_06.xlsx,
4430,6189,"TABUA NAO APARELHADA *2,5 X 30* CM, EM MACARANDUBA/MASSARANDUBA, ANGELIM OU EQUIVALENTE DA REGIAO - BRUTA",M,REPRESENTADO,2.0626432,2.0626432,2.0626432,2.0626432,2.0626432,2.0626432,2.0626432,2.0626432,2.0626432,2.0626432,2.0626432,2.0626432,2.0626432,2.0626432,2.0626432,2.0626432,2.0626432,2.0626432,2.0626432,2.0626432,2.0626432,2.0626432,2.0626432,2.0626432,2.0626432,2.0626432,2.0626432,SINAPI_familias_e_coeficientes_2025_06.xlsx,
4430,20213,"VIGA APARELHADA *6 X 12* CM, EM MACARANDUBA/MASSARANDUBA, ANGELIM OU EQUIVALENTE DA REGIAO",M,REPRESENTADO,1.9327731,1.9327731,1.9327731,1.9327731,1.9327731,1.9327731,1.9327731,1.9327731,1.9327731,1.9327731,1.9327731,1.9327731,1.9327731,1.9327731,1.9327731,1.9327731,1.9327731,1.9327731,1.9327731,1.9327731,1.9327731,1.9327731,1.9327731,1.9327731,1.9327731,1.9327731,1.9327731,SINAPI_familias_e_coeficientes_2025_06.xlsx,
4430,20211,"VIGA APARELHADA *6 X 16* CM, EM MACARANDUBA/MASSARANDUBA, ANGELIM OU EQUIVALENTE DA REGIAO",M,REPRESENTADO,2.5592055,2.5592055,2.5592055,2.5592055,2.5592055,2.5592055,2.5592055,2.5592055,2.5592055,2.5592055,2.5592055,2.5592055,2.5592055,2.5592055,2.5592055,2.5592055,2.5592055,2.5592055,2.5592055,2.5592055,2.5592055,2.5592055,2.5592055,2.5592055,2.5592055,2.5592055,2.5592055,SINAPI_familias_e_coeficientes_2025_06.xlsx,
4430,4425,"VIGA NAO APARELHADA *6 X 12* CM, EM MACARANDUBA/MASSARANDUBA, ANGELIM OU EQUIVALENTE DA REGIAO - BRUTA",M,REPRESENTADO,2.1153552,2.1153552,2.1153552,2.1153552,2.1153552,2.1153552,2.1153552,2.1153552,2.1153552,2.1153552,2.1153552,2.1153552,2.1153552,2.1153552,2.1153552,2.1153552,2.1153552,2.1153552,2.1153552,2.1153552,2.1153552,2.1153552,2.1153552,2.1153552,2.1153552,2.1153552,2.1153552,SINAPI_familias_e_coeficientes_2025_06.xlsx,
4430,4472,"VIGA NAO APARELHADA *6 X 16* CM, EM MACARANDUBA/MASSARANDUBA, ANGELIM OU EQUIVALENTE DA REGIAO - BRUTA",M,REPRESENTADO,2.6424752,2.6424752,2.6424752,2.6424752,2.6424752,2.6424752,2.6424752,2.6424752,2.6424752,2.6424752,2.6424752,2.6424752,2.6424752,2.6424752,2.6424752,2.6424752,2.6424752,2.6424752,2.6424752,2.6424752,2.6424752,2.6424752,2.6424752,2.6424752,2.6424752,2.6424752,2.6424752,SINAPI_familias_e_coeficientes_2025_06.xlsx,
4430,35272,"VIGA NAO APARELHADA *6 X 20* CM, EM MACARANDUBA/MASSARANDUBA, ANGELIM OU EQUIVALENTE DA REGIAO - BRUTA",M,REPRESENTADO,3.8197097,3.8197097,3.8197097,3.8197097,3.8197097,3.8197097,3.8197097,3.8197097,3.8197097,3.8197097,3.8197097,3.8197097,3.8197097,3.8197097,3.8197097,3.8197097,3.8197097,3.8197097,3.8197097,3.8197097,3.8197097,3.8197097,3.8197097,3.8197097,3.8197097,3.8197097,3.8197097,SINAPI_familias_e_coeficientes_2025_06.xlsx,
4430,4481,"VIGA NAO APARELHADA *8 X 16* CM EM MACARANDUBA/MASSARANDUBA, ANGELIM OU EQUIVALENTE DA REGIAO - BRUTA",M,REPRESENTADO,4.0886173,4.0886173,4.0886173,4.0886173,4.0886173,4.0886173,4.0886173,4.0886173,4.0886173,4.0886173,4.0886173,4.0886173,4.0886173,4.0886173,4.0886173,4.0886173,4.0886173,4.0886173,4.0886173,4.0886173,4.0886173,4.0886173,4.0886173,4.0886173,4.0886173,4.0886173,4.0886173,SINAPI_familias_e_coeficientes_2025_06.xlsx,
4718,4718,"PEDRA BRITADA N. 2 (19 A 38 MM) POSTO PEDREIRA/FORNECEDOR, SEM FRETE",M3,REPRESENTATIVO,1,1,1,1,1,1,1,1,1,1,1,1,1,1,1,1,1,1,1,1,1,1,1,1,1,1,1,SINAPI_familias_e_coeficientes_2025_06.xlsx,
4718,44479,"CALCARIO DOLOMITICO A (POSTO PEDREIRA/FORNECEDOR, SEM FRETE)",KG,REPRESENTADO,0.0015371,0.0015371,0.0015371,0.0015371,0.0015371,0.0015371,0.0015371,0.0015371,0.0015371,0.0015371,0.0015371,0.0015371,0.0015371,0.0015371,0.0015371,0.0015371,0.0015371,0.0015371,0.0015371,0.0015371,0.0015371,0.0015371,0.0015371,0.0015371,0.0015371,0.0015371,0.0015371,SINAPI_familias_e_coeficientes_2025_06.xlsx,
4718,4385,"PARALELEPIPEDO GRANITICO OU BASALTICO, PARA PAVIMENTACAO, SEM FRETE (VARIACAO REGIONAL DE PECAS POR M2)",MIL,REPRESENTADO,30.5452436,9.2807425,30.5452436,30.5452436,9.2807425,9.2807425,48.75,37.1229698,48.75,9.2807425,37.1229698,48.75,48.75,30.5452436,9.2807425,9.2807425,9.2807425,27.262181,37.1229698,9.2807425,30.5452436,30.5452436,27.262181,27.262181,9.2807425,37.1229698,30.5452436,SINAPI_familias_e_coeficientes_2025_06.xlsx,
4718,4720,"PEDRA BRITADA N. 0, OU PEDRISCO (4,8 A 9,5 MM) POSTO PEDREIRA/FORNECEDOR, SEM FRETE",M3,REPRESENTADO,1.1484919,1.1484919,1.1484919,1.1484919,1.1484919,1.1484919,1.1484919,1.1484919,1.1484919,1.1484919,1.1484919,1.1484919,1.1484919,1.1484919,1.1484919,1.1484919,1.1484919,1.1484919,1.1484919,1.1484919,1.1484919,1.1484919,1.1484919,1.1484919,1.1484919,1.1484919,1.1484919,SINAPI_familias_e_coeficientes_2025_06.xlsx,
4718,4721,"PEDRA BRITADA N. 1 (9,5 A 19 MM) POSTO PEDREIRA/FORNECEDOR, SEM FRETE",M3,REPRESENTADO,0.9947796,0.9947796,0.9947796,0.9947796,0.9947796,0.9947796,0.9947796,0.9947796,0.9947796,0.9947796,0.9947796,0.9947796,0.9947796,0.9947796,0.9947796,0.9947796,0.9947796,0.9947796,0.9947796,0.9947796,0.9947796,0.9947796,0.9947796,0.9947796,0.9947796,0.9947796,0.9947796,SINAPI_familias_e_coeficientes_2025_06.xlsx,
4718,4722,"PEDRA BRITADA N. 3 (38 A 50 MM) POSTO PEDREIRA/FORNECEDOR, SEM FRETE",M3,REPRESENTADO,0.9396752,0.9396752,0.9396752,0.9396752,0.9396752,0.9396752,0.9396752,0.9396752,0.9396752,0.9396752,0.9396752,0.9396752,0.9396752,0.9396752,0.9396752,0.9396752,0.9396752,0.9396752,0.9396752,0.9396752,0.9396752,0.9396752,0.9396752,0.9396752,0.9396752,0.9396752,0.9396752,SINAPI_familias_e_coeficientes_2025_06.xlsx,
4718,4730,"PEDRA DE MAO OU PEDRA RACHAO PARA ARRIMO/FUNDACAO (POSTO PEDREIRA/FORNECEDOR, SEM FRETE)",M3,REPRESENTADO,0.9350348,0.9350348,0.9350348,0.9350348,0.9350348,0.9350348,0.9350348,0.9350348,0.9350348,0.9350348,0.9350348,0.9350348,0.9350348,0.9350348,0.9350348,0.9350348,0.9350348,0.9350348,0.9350348,0.9350348,0.9350348,0.9350348,0.9350348,0.9350348,0.9350348,0.9350348,0.9350348,SINAPI_familias_e_coeficientes_2025_06.xlsx,
4718,13186,"PEDRA GRANITICA OU BASALTICA IRREGULAR, FAIXA GRANULOMETRICA 100 A 150 MM PARA PAVIMENTACAO OU CALCAMENTO POLIEDRICO, POSTO PEDREIRA / FORNECEDOR (SEM FRETE)",M3,REPRESENTADO,1.0788863,1.0788863,1.0788863,1.0788863,1.0788863,1.0788863,1.0788863,1.0788863,1.0788863,1.0788863,1.0788863,1.0788863,1.0788863,1.0788863,1.0788863,1.0788863,1.0788863,1.0788863,1.0788863,1.0788863,1.0788863,1.0788863,1.0788863,1.0788863,1.0788863,1.0788863,1.0788863,SINAPI_familias_e_coeficientes_2025_06.xlsx,
4718,4741,"PO DE PEDRA (POSTO PEDREIRA/FORNECEDOR, SEM FRETE)",M3,REPRESENTADO,0.9396752,0.9396752,0.9396752,0.9396752,0.9396752,0.9396752,0.9396752,0.9396752,0.9396752,0.9396752,0.9396752,0.9396752,0.9396752,0.9396752,0.9396752,0.9396752,0.9396752,0.9396752,0.9396752,0.9396752,0.9396752,0.9396752,0.9396752,0.9396752,0.9396752,0.9396752,0.9396752,SINAPI_familias_e_coeficientes_2025_06.xlsx,
4718,4734,"SEIXO ROLADO PARA APLICACAO EM CONCRETO (POSTO PEDREIRA/FORNECEDOR, SEM FRETE)",M3,REPRESENTADO,0.740741,3.27007,0.740741,0.740741,3.27007,3.27007,3.27007,3.27007,3.27007,3.27007,3.27007,3.27007,3.27007,0.740741,3.27007,3.27007,3.27007,3.27007,3.27007,3.27007,0.740741,0.740741,3.27007,3.27007,3.27007,3.27007,0.740741,SINAPI_familias_e_coeficientes_2025_06.xlsx,
4750,4750,PEDREIRO (HORISTA),H,REPRESENTATIVO,1,1,1,1,1,1,1,1,1,1,1,1,1,1,1,1,1,1,1,1,1,1,1,1,1,1,1,SINAPI_familias_e_coeficientes_2025_06.xlsx,
4750,378,ARMADOR (HORISTA),H,REPRESENTADO,1,1,1,1,1,1.0039134,1,1,1,1,1,1,1,1,1,1,1,1,0.9720441,1.0994408,1,1,1,1,1,1,1,SINAPI_familias_e_coeficientes_2025_06.xlsx,
4750,40911,ARMADOR (MENSALISTA),MES,REPRESENTADO,220,220,220,220,220,220.8609448,220,220,220,220,220,220,220,220,220,220,220,220,213.8496914,241.8769865,220,220,220,220,220,220,220,SINAPI_familias_e_coeficientes_2025_06.xlsx,
4750,34551,AUXILIAR DE AZULEJISTA (HORISTA),H,REPRESENTADO,0.6215596,0.7136135,0.7390591,0.6970639,0.6225025,0.6594575,0.6511025,0.6237374,0.6395664,0.7043478,0.6735751,0.7457627,0.7440515,0.7237621,0.7425099,0.7517532,0.7102228,0.7059484,0.7078398,0.7507431,0.8,0.5926243,0.7866667,0.6658768,0.6886628,0.8220365,0.6419937,SINAPI_familias_e_coeficientes_2025_06.xlsx,
4750,41078,AUXILIAR DE AZULEJISTA (MENSALISTA),MES,REPRESENTADO,136.7431193,156.9949611,162.5930051,153.3540498,136.9505423,145.0806404,143.2425422,137.2222222,140.704607,154.9565217,148.1865285,164.0677966,163.6913351,159.227654,163.3521878,165.3856942,156.2490176,155.308642,155.7247489,165.1634785,176,130.377344,173.0666667,146.492891,151.5058074,180.8480347,141.2386102,SINAPI_familias_e_coeficientes_2025_06.xlsx,
4750,4760,AZULEJISTA OU LADRILHEIRO (HORISTA),H,REPRESENTADO,1,1,1.2198843,1.1880374,1,1,1,1.0001466,1.0284553,1,1.0843559,1,1,1,1,1,1,1,1.0809972,1,1.0542453,1.1880374,1,1,1,1,1,SINAPI_familias_e_coeficientes_2025_06.xlsx,
4750,41069,AZULEJISTA OU LADRILHEIRO (MENSALISTA),MES,REPRESENTADO,220,220,268.3745452,261.3682384,220,220,220,220.0322581,226.2601626,220,238.5582902,220,220,220,220,220,220,220,237.8193876,220,231.9339623,261.3682384,220,220,220,220,220,SINAPI_familias_e_coeficientes_2025_06.xlsx,
4750,4759,CALCETEIRO / RASTELEIRO (HORISTA),H,REPRESENTADO,0.9057407,1,0.9057407,0.9057407,1.0021854,1,0.9057407,0.8484848,0.9057407,1,0.7142016,0.9057407,0.9057407,0.9057407,1,1.0006503,1,0.8496072,0.9627496,1,0.9057407,0.9057407,0.8542182,1,1,0.9999946,1,SINAPI_familias_e_coeficientes_2025_06.xlsx,
4750,41068,CALCETEIRO / RASTELEIRO (MENSALISTA),MES,REPRESENTADO,199.2629534,220,199.2629534,199.2629534,220.4807953,220,199.2629534,186.6666667,199.2629534,220,157.1243523,199.2629534,199.2629534,199.2629534,220,220.1430575,220,186.9135802,211.8049135,220,199.2629534,199.2629534,187.928,220,220,219.9988054,220,SINAPI_familias_e_coeficientes_2025_06.xlsx,
4750,12872,GESSEIRO (HORISTA),H,REPRESENTADO,0.9738935,0.7659185,0.9450711,0.9738935,1,1,1,0.716747,0.9053954,1,1.0297927,1.1274576,0.9558417,1,1.0006755,1,0.9661859,0.9535507,0.9744645,1,0.9738935,0.9738935,1,0.9911327,1,1,0.9639356,SINAPI_familias_e_coeficientes_2025_06.xlsx,
4750,41075,GESSEIRO (MENSALISTA),MES,REPRESENTADO,214.2565809,168.5020614,207.9156457,214.2565809,220,220,220,157.6843434,199.1869919,220,226.5544041,248.040678,210.2851646,220,220.1486071,220,212.5609076,209.7811448,214.3821856,220,214.2565809,214.2565809,220,218.0491943,220,220,212.0658365,SINAPI_familias_e_coeficientes_2025_06.xlsx,
4750,12873,IMPERMEABILIZADOR (HORISTA),H,REPRESENTADO,0.8957798,1.0217868,1,1.0124385,1.0618091,1,1,0.9168905,1.0002464,1,1,0.9911864,0.8780445,0.7737923,1.0006755,1,1,1,1.0043422,1,1.0124385,1.0124385,1.0686667,1,1,1,1.0124385,SINAPI_familias_e_coeficientes_2025_06.xlsx,
4750,41076,IMPERMEABILIZADOR (MENSALISTA),MES,REPRESENTADO,197.0715596,224.7930982,220,222.7364767,233.5980072,220,220,201.7159091,220.0542005,220,220,218.0610169,193.1697932,170.2343072,220.1486071,220,220,220,220.9552947,220,222.7364767,222.7364767,235.1066667,220,220,220,222.7364767,SINAPI_familias_e_coeficientes_2025_06.xlsx,
4750,4755,MARMORISTA / GRANITEIRO (HORISTA),H,REPRESENTADO,1,1,1.0628533,1.0628533,1,0.9782609,1,1.0075703,1,1,1.059821,1,1,1.0463618,1,1,0.9974945,1.1365422,0.7758538,1,1.0628533,1.0628533,0.9986667,0.7434123,0.9782609,1.0362497,1,SINAPI_familias_e_coeficientes_2025_06.xlsx,
4750,41067,MARMORISTA / GRANITEIRO (MENSALISTA),MES,REPRESENTADO,220,220,233.8277202,233.8277202,220,215.2173913,220,221.6654719,220,220,233.1606218,220,220,230.199595,220,220,219.4487919,250.0392817,170.6878373,220,233.8277202,233.8277202,219.7066667,163.5507109,215.2173913,227.9749358,220,SINAPI_familias_e_coeficientes_2025_06.xlsx,
4750,4751,PASTILHEIRO (HORISTA),H,REPRESENTADO,1.0843559,1,1,1.0843559,1.0843559,1,1,1.0001466,1,1,1.0001466,1,1,1,1,1,1,1,1.0809972,1,1.0843559,1,1,1,1,1,1,SINAPI_familias_e_coeficientes_2025_06.xlsx,
4750,41066,PASTILHEIRO (MENSALISTA),MES,REPRESENTADO,238.5582902,220,220,238.5582902,238.5582902,220,220,220.0322581,220,220,220.0322581,220,220,220,220,220,220,220,237.8193876,220,238.5582902,220,220,220,220,220,220,SINAPI_familias_e_coeficientes_2025_06.xlsx,
4750,41065,PEDREIRO (MENSALISTA),MES,REPRESENTADO,220,220,220,220,220,220,220,220,220,220,220,220,220,220,220,220,220,220,220,220,220,220,220,220,220,220,220,SINAPI_familias_e_coeficientes_2025_06.xlsx,
4750,6110,SERRALHEIRO (HORISTA),H,REPRESENTADO,1,1.0999632,1.2440174,1,1,1,1,1.1776581,1,1,1,1.023939,1,1,1,1,1,1,1,1,1,1.0000055,1,1,1,1.0269266,1,SINAPI_familias_e_coeficientes_2025_06.xlsx,
4750,40910,SERRALHEIRO (MENSALISTA),MES,REPRESENTADO,220,241.9919072,273.6838197,220,220,220,220,259.0847914,220,220,220,225.2665763,220,220,220,220,220,220,220,220,220,220.001207,220,220,220,225.9238626,220,SINAPI_familias_e_coeficientes_2025_06.xlsx,
4750,10489,VIDRACEIRO (HORISTA),H,REPRESENTADO,0.88309,0.7608696,0.88309,0.88309,0.664856,0.7608696,0.899546,0.8308895,0.8622814,0.7608696,0.755464,0.8622814,0.8622814,0.9861414,0.7880678,0.7608696,0.7608696,1.0152025,0.8649449,0.7608696,0.88309,0.88309,0.8780545,0.7582938,0.7608696,0.8221071,0.88309,SINAPI_familias_e_coeficientes_2025_06.xlsx,
4750,41073,VIDRACEIRO (MENSALISTA),MES,REPRESENTADO,194.2797927,167.3913043,194.2797927,194.2797927,146.2683297,167.3913043,197.9001297,182.7956989,189.701897,167.3913043,166.2020725,189.701897,189.701897,216.9511137,173.3749087,167.3913043,167.3913043,223.3445567,190.2878858,167.3913043,194.2797927,194.2797927,193.172,166.8246445,167.3913043,180.863564,194.2797927,SINAPI_familias_e_coeficientes_2025_06.xlsx,
4783,4783,PINTOR (HORISTA),H,REPRESENTATIVO,1,1,1,1,1,1,1,1,1,1,1,1,1,1,1,1,1,1,1,1,1,1,1,1,1,1,1,SINAPI_familias_e_coeficientes_2025_06.xlsx,
4783,41079,PINTOR (MENSALISTA),MES,REPRESENTADO,220,220,220,220,220,220,220,220,220,220,220,220,220,220,220,220,220,220,220,220,220,220,220,220,220,220,220,SINAPI_familias_e_coeficientes_2025_06.xlsx,
4783,12874,PINTOR DE LETREIROS (HORISTA),H,REPRESENTADO,0.9710692,0.9710692,0.9710692,0.9710692,1,0.9710692,0.9710692,0.9222065,0.9710692,0.9710692,0.9710692,0.9710692,0.9710692,0.9710692,0.9710692,0.9710692,0.9710692,0.9710692,0.9222065,0.9710692,0.9710692,0.9710692,0.9710692,0.9710692,1,0.9222065,0.9710692,SINAPI_familias_e_coeficientes_2025_06.xlsx,
4783,41082,PINTOR DE LETREIROS (MENSALISTA),MES,REPRESENTADO,213.6352201,213.6352201,213.6352201,213.6352201,220,213.6352201,213.6352201,202.8854246,213.6352201,213.6352201,213.6352201,213.6352201,213.6352201,213.6352201,213.6352201,213.6352201,213.6352201,213.6352201,202.8854246,213.6352201,213.6352201,213.6352201,213.6352201,213.6352201,220,202.8854246,213.6352201,SINAPI_familias_e_coeficientes_2025_06.xlsx,
4783,4785,PINTOR PARA TINTA EPOXI (HORISTA),H,REPRESENTADO,1,1,1,1,1.1566026,1,1,1,1,1,1,1,1,1,1,1,1,1,1,1,1,1,1,1,0.9732893,1,1,SINAPI_familias_e_coeficientes_2025_06.xlsx,
4783,41081,PINTOR PARA TINTA EPOXI (MENSALISTA),MES,REPRESENTADO,220,220,220,220,254.452581,220,220,220,220,220,220,220,220,220,220,220,220,220,220,220,220,220,220,220,214.1236495,220,220,SINAPI_familias_e_coeficientes_2025_06.xlsx,
4786,4786,"PISO EM GRANILITE, MARMORITE OU GRANITINA, AGREGADO COR PRETO, CINZA, PALHA OU BRANCO, E= *8* MM (INCLUSO EXECUCAO)",M2,REPRESENTATIVO,1,1,1,1,1,1,1,1,1,1,1,1,1,1,1,1,1,1,1,1,1,1,1,1,1,1,1,SINAPI_familias_e_coeficientes_2025_06.xlsx,
4786,10698,"DIVISORIA, PLACA PRE-MOLDADA EM GRANILITE, MARMORITE OU GRANITINA, E = *3 CM",M2,REPRESENTADO,1.9130434,1.9130434,1.9130434,1.9130434,1.9130434,1.9130434,1.9130434,1.9130434,1.9130434,1.9130434,1.9130434,1.9130434,1.9130434,1.9130434,1.9130434,1.9130434,1.9130434,1.9130434,1.9130434,1.9130434,1.9130434,1.9130434,1.9130434,1.9130434,1.9130434,1.9130434,1.9130434,SINAPI_familias_e_coeficientes_2025_06.xlsx,
4786,41975,"PEITORIL PRE-MOLDADO EM GRANILITE, MARMORITE OU GRANITINA, L = *15* CM",M2,REPRESENTADO,0.8695652,0.8695652,0.8695652,0.8695652,0.8695652,0.8695652,0.8695652,0.8695652,0.8695652,0.8695652,0.8695652,0.8695652,0.8695652,0.8695652,0.8695652,0.8695652,0.8695652,0.8695652,0.8695652,0.8695652,0.8695652,0.8695652,0.8695652,0.8695652,0.8695652,0.8695652,0.8695652,SINAPI_familias_e_coeficientes_2025_06.xlsx,
4786,40648,"PISO EPOXI AUTONIVELANTE, ESPESSURA *4* MM (INCLUSO EXECUCAO)",M2,REPRESENTADO,1.92,1.92,1.92,1.92,1.92,1.92,1.92,1.92,1.92,1.92,1.92,1.92,1.92,1.92,1.92,1.92,1.92,1.92,1.92,1.92,1.92,1.92,1.92,1.92,1.92,1.92,1.92,SINAPI_familias_e_coeficientes_2025_06.xlsx,
4786,40649,"PISO EPOXI MULTILAYER, ESPESSURA *2* MM (INCLUSO EXECUCAO)",M2,REPRESENTADO,1.1184,1.1184,1.1184,1.1184,1.1184,1.1184,1.1184,1.1184,1.1184,1.1184,1.1184,1.1184,1.1184,1.1184,1.1184,1.1184,1.1184,1.1184,1.1184,1.1184,1.1184,1.1184,1.1184,1.1184,1.1184,1.1184,1.1184,SINAPI_familias_e_coeficientes_2025_06.xlsx,
4786,40650,"PISO FULGET (GRANITO LAVADO) EM PLACAS DE *40 X 40* CM, E = 2,0 CM (SEM COLOCACAO)",M2,REPRESENTADO,1.44,1.44,1.44,1.44,1.44,1.44,1.44,1.44,1.44,1.44,1.44,1.44,1.44,1.44,1.44,1.44,1.44,1.44,1.44,1.44,1.44,1.44,1.44,1.44,1.44,1.44,1.44,SINAPI_familias_e_coeficientes_2025_06.xlsx,
4786,40651,"PISO FULGET (GRANITO LAVADO) EM PLACAS DE *75 X 75* CM, E = 2,0 CM (SEM COLOCACAO)",M2,REPRESENTADO,2.656,2.656,2.656,2.656,2.656,2.656,2.656,2.656,2.656,2.656,2.656,2.656,2.656,2.656,2.656,2.656,2.656,2.656,2.656,2.656,2.656,2.656,2.656,2.656,2.656,2.656,2.656,SINAPI_familias_e_coeficientes_2025_06.xlsx,
4786,40652,PISO FULGET (GRANITO LAVADO) MOLDADO IN LOCO (INCLUSO EXECUCAO),M2,REPRESENTADO,1.424,1.424,1.424,1.424,1.424,1.424,1.424,1.424,1.424,1.424,1.424,1.424,1.424,1.424,1.424,1.424,1.424,1.424,1.424,1.424,1.424,1.424,1.424,1.424,1.424,1.424,1.424,SINAPI_familias_e_coeficientes_2025_06.xlsx,
4786,40647,"PISO INDUSTRIAL EM CONCRETO ARMADO DE ACABAMENTO POLIDO, ESPESSURA 12 CM (CIMENTO QUEIMADO) (INCLUSO EXECUCAO)",M2,REPRESENTADO,1.568,1.568,1.568,1.568,1.568,1.568,1.568,1.568,1.568,1.568,1.568,1.568,1.568,1.568,1.568,1.568,1.568,1.568,1.568,1.568,1.568,1.568,1.568,1.568,1.568,1.568,1.568,SINAPI_familias_e_coeficientes_2025_06.xlsx,
4786,40653,PISO KORODUR (INCLUSO EXECUCAO),M2,REPRESENTADO,1.2,1.2,1.2,1.2,1.2,1.2,1.2,1.2,1.2,1.2,1.2,1.2,1.2,1.2,1.2,1.2,1.2,1.2,1.2,1.2,1.2,1.2,1.2,1.2,1.2,1.2,1.2,SINAPI_familias_e_coeficientes_2025_06.xlsx,
4786,40654,"PISO URETANO, VERSAO REVESTIMENTO AUTONIVELANTE, ESPESSURA VARIAVEL DE 3 A 4 MM (INCLUSO EXECUCAO)",M2,REPRESENTADO,1.864,1.864,1.864,1.864,1.864,1.864,1.864,1.864,1.864,1.864,1.864,1.864,1.864,1.864,1.864,1.864,1.864,1.864,1.864,1.864,1.864,1.864,1.864,1.864,1.864,1.864,1.864,SINAPI_familias_e_coeficientes_2025_06.xlsx,
4786,34684,"REVESTIMENTO DE PAREDE EM GRANILITE, MARMORITE OU GRANITINA - ESP = 5 MM (INCLUSO EXECUCAO)",M2,REPRESENTADO,2.3652173,2.3652173,2.3652173,2.3652173,2.3652173,2.3652173,2.3652173,2.3652173,2.3652173,2.3652173,2.3652173,2.3652173,2.3652173,2.3652173,2.3652173,2.3652173,2.3652173,2.3652173,2.3652173,2.3652173,2.3652173,2.3652173,2.3652173,2.3652173,2.3652173,2.3652173,2.3652173,SINAPI_familias_e_coeficientes_2025_06.xlsx,
4786,34683,"REVESTIMENTO DE PAREDE EM GRANILITE, MARMORITE OU GRANITINA COLORIDO - ESP = 5 MM (INCLUSO EXECUCAO)",M2,REPRESENTADO,1.4782608,1.4782608,1.4782608,1.4782608,1.4782608,1.4782608,1.4782608,1.4782608,1.4782608,1.4782608,1.4782608,1.4782608,1.4782608,1.4782608,1.4782608,1.4782608,1.4782608,1.4782608,1.4782608,1.4782608,1.4782608,1.4782608,1.4782608,1.4782608,1.4782608,1.4782608,1.4782608,SINAPI_familias_e_coeficientes_2025_06.xlsx,
4786,34682,"REVESTIMENTO PARA ESCADA EM GRANILITE, MARMORITE OU GRANITINA ESP = 8 MM (INCLUSO EXECUCAO)",M2,REPRESENTADO,1.1304347,1.1304347,1.1304347,1.1304347,1.1304347,1.1304347,1.1304347,1.1304347,1.1304347,1.1304347,1.1304347,1.1304347,1.1304347,1.1304347,1.1304347,1.1304347,1.1304347,1.1304347,1.1304347,1.1304347,1.1304347,1.1304347,1.1304347,1.1304347,1.1304347,1.1304347,1.1304347,SINAPI_familias_e_coeficientes_2025_06.xlsx,
4786,34680,"RODAPE PRE-MOLDADO DE GRANILITE, MARMORITE OU GRANITINA L = 10 CM",M,REPRESENTADO,0.347826,0.347826,0.347826,0.347826,0.347826,0.347826,0.347826,0.347826,0.347826,0.347826,0.347826,0.347826,0.347826,0.347826,0.347826,0.347826,0.347826,0.347826,0.347826,0.347826,0.347826,0.347826,0.347826,0.347826,0.347826,0.347826,0.347826,SINAPI_familias_e_coeficientes_2025_06.xlsx,
4786,10856,"SOLEIRA PRE-MOLDADA EM GRANILITE, MARMORITE OU GRANITINA, L = *15 CM",M,REPRESENTADO,0.9565217,0.9565217,0.9565217,0.9565217,0.9565217,0.9565217,0.9565217,0.9565217,0.9565217,0.9565217,0.9565217,0.9565217,0.9565217,0.9565217,0.9565217,0.9565217,0.9565217,0.9565217,0.9565217,0.9565217,0.9565217,0.9565217,0.9565217,0.9565217,0.9565217,0.9565217,0.9565217,SINAPI_familias_e_coeficientes_2025_06.xlsx,
4790,4790,"PLACA VINILICA SEMIFLEXIVEL PARA REVESTIMENTO DE PISOS E PAREDES, E = 2 MM (SEM COLOCACAO)",M2,REPRESENTATIVO,1,1,1,1,1,1,1,1,1,1,1,1,1,1,1,1,1,1,1,1,1,1,1,1,1,1,1,SINAPI_familias_e_coeficientes_2025_06.xlsx,
4790,39699,"MANTA / LENCOL DE BORRACHA, SBR, ANTIRRUIDO, E = 5 MM",M2,REPRESENTADO,0.1632653,0.1632653,0.1632653,0.1632653,0.1632653,0.1632653,0.1632653,0.1632653,0.1632653,0.1632653,0.1632653,0.1632653,0.1632653,0.1632653,0.1632653,0.1632653,0.1632653,0.1632653,0.1632653,0.1632653,0.1632653,0.1632653,0.1632653,0.1632653,0.1632653,0.1632653,0.1632653,SINAPI_familias_e_coeficientes_2025_06.xlsx,
4790,4801,"PISO DE BORRACHA CANELADO EM PLACAS 50 X 50 CM, E = *3,5* MM, PARA COLA",M2,REPRESENTADO,0.7779592,0.7779592,0.7779592,0.7779592,0.7779592,0.7779592,0.7779592,0.7779592,0.7779592,0.7779592,0.7779592,0.7779592,0.7779592,0.7779592,0.7779592,0.7779592,0.7779592,0.7779592,0.7779592,0.7779592,0.7779592,0.7779592,0.7779592,0.7779592,0.7779592,0.7779592,0.7779592,SINAPI_familias_e_coeficientes_2025_06.xlsx,
4790,4794,"PISO DE BORRACHA ESPORTIVO EM PLACAS 50 X 50 CM, E = 15 MM, PARA ARGAMASSA, PRETO",M2,REPRESENTADO,3.5430612,3.5430612,3.5430612,3.5430612,3.5430612,3.5430612,3.5430612,3.5430612,3.5430612,3.5430612,3.5430612,3.5430612,3.5430612,3.5430612,3.5430612,3.5430612,3.5430612,3.5430612,3.5430612,3.5430612,3.5430612,3.5430612,3.5430612,3.5430612,3.5430612,3.5430612,3.5430612,SINAPI_familias_e_coeficientes_2025_06.xlsx,
4790,4796,"PISO DE BORRACHA FRISADO OU PASTILHADO, PRETO, EM PLACAS 50 X 50 CM, E = 7 MM, PARA ARGAMASSA",M2,REPRESENTADO,2.1520408,2.1520408,2.1520408,2.1520408,2.1520408,2.1520408,2.1520408,2.1520408,2.1520408,2.1520408,2.1520408,2.1520408,2.1520408,2.1520408,2.1520408,2.1520408,2.1520408,2.1520408,2.1520408,2.1520408,2.1520408,2.1520408,2.1520408,2.1520408,2.1520408,2.1520408,2.1520408,SINAPI_familias_e_coeficientes_2025_06.xlsx,
4790,4800,"PISO DE BORRACHA PASTILHADO EM PLACAS 50 X 50 CM, E = *3,5* MM, PARA COLA, PRETO",M2,REPRESENTADO,0.5918367,0.5918367,0.5918367,0.5918367,0.5918367,0.5918367,0.5918367,0.5918367,0.5918367,0.5918367,0.5918367,0.5918367,0.5918367,0.5918367,0.5918367,0.5918367,0.5918367,0.5918367,0.5918367,0.5918367,0.5918367,0.5918367,0.5918367,0.5918367,0.5918367,0.5918367,0.5918367,SINAPI_familias_e_coeficientes_2025_06.xlsx,
4790,4795,"PISO DE BORRACHA PASTILHADO EM PLACAS 50 X 50 CM, E = 15 MM, PARA ARGAMASSA, PRETO",M2,REPRESENTADO,3.4489796,3.4489796,3.4489796,3.4489796,3.4489796,3.4489796,3.4489796,3.4489796,3.4489796,3.4489796,3.4489796,3.4489796,3.4489796,3.4489796,3.4489796,3.4489796,3.4489796,3.4489796,3.4489796,3.4489796,3.4489796,3.4489796,3.4489796,3.4489796,3.4489796,3.4489796,3.4489796,SINAPI_familias_e_coeficientes_2025_06.xlsx,
4790,38180,"PISO EM REGUA VINILICA SEMIFLEXIVEL, ENCAIXE CLICADO, E = 4 MM (SEM COLOCACAO)",M2,REPRESENTADO,1.7326531,1.7326531,1.7326531,1.7326531,1.7326531,1.7326531,1.7326531,1.7326531,1.7326531,1.7326531,1.7326531,1.7326531,1.7326531,1.7326531,1.7326531,1.7326531,1.7326531,1.7326531,1.7326531,1.7326531,1.7326531,1.7326531,1.7326531,1.7326531,1.7326531,1.7326531,1.7326531,SINAPI_familias_e_coeficientes_2025_06.xlsx,
4790,38181,"PISO TATIL ALERTA OU DIRECIONAL, DE BORRACHA, COLORIDO, 25 X 25 CM, E = 5 MM, PARA COLA",M2,REPRESENTADO,2.3653061,2.3653061,2.3653061,2.3653061,2.3653061,2.3653061,2.3653061,2.3653061,2.3653061,2.3653061,2.3653061,2.3653061,2.3653061,2.3653061,2.3653061,2.3653061,2.3653061,2.3653061,2.3653061,2.3653061,2.3653061,2.3653061,2.3653061,2.3653061,2.3653061,2.3653061,2.3653061,SINAPI_familias_e_coeficientes_2025_06.xlsx,
4790,38182,"PISO TATIL DE ALERTA OU DIRECIONAL DE BORRACHA, PRETO, 25 X 25 CM, E = 5 MM, PARA COLA",M2,REPRESENTADO,2.2530612,2.2530612,2.2530612,2.2530612,2.2530612,2.2530612,2.2530612,2.2530612,2.2530612,2.2530612,2.2530612,2.2530612,2.2530612,2.2530612,2.2530612,2.2530612,2.2530612,2.2530612,2.2530612,2.2530612,2.2530612,2.2530612,2.2530612,2.2530612,2.2530612,2.2530612,2.2530612,SINAPI_familias_e_coeficientes_2025_06.xlsx,
4790,38186,"PISO TATIL DE ALERTA OU DIRECIONAL, DE BORRACHA, COLORIDO, 25 X 25 CM, E = 12 MM, PARA ARGAMASSA",M2,REPRESENTADO,5.8564286,5.8564286,5.8564286,5.8564286,5.8564286,5.8564286,5.8564286,5.8564286,5.8564286,5.8564286,5.8564286,5.8564286,5.8564286,5.8564286,5.8564286,5.8564286,5.8564286,5.8564286,5.8564286,5.8564286,5.8564286,5.8564286,5.8564286,5.8564286,5.8564286,5.8564286,5.8564286,SINAPI_familias_e_coeficientes_2025_06.xlsx,
4790,38185,"PISO TATIL DE ALERTA OU DIRECIONAL, DE BORRACHA, PRETO, 25 X 25 CM, E = 12 MM, PARA ARGAMASSA",M2,REPRESENTADO,5.2142857,5.2142857,5.2142857,5.2142857,5.2142857,5.2142857,5.2142857,5.2142857,5.2142857,5.2142857,5.2142857,5.2142857,5.2142857,5.2142857,5.2142857,5.2142857,5.2142857,5.2142857,5.2142857,5.2142857,5.2142857,5.2142857,5.2142857,5.2142857,5.2142857,5.2142857,5.2142857,SINAPI_familias_e_coeficientes_2025_06.xlsx,
4790,4792,"PLACA VINILICA SEMIFLEXIVEL PARA PISOS, E = 3,2 MM, 30 X 30 CM (SEM COLOCACAO)",M2,REPRESENTADO,1.6632653,1.6632653,1.6632653,1.6632653,1.6632653,1.6632653,1.6632653,1.6632653,1.6632653,1.6632653,1.6632653,1.6632653,1.6632653,1.6632653,1.6632653,1.6632653,1.6632653,1.6632653,1.6632653,1.6632653,1.6632653,1.6632653,1.6632653,1.6632653,1.6632653,1.6632653,1.6632653,SINAPI_familias_e_coeficientes_2025_06.xlsx,
4790,4803,"RODAPE DE BORRACHA LISO, H = 70 MM, E = *2* MM, PARA ARGAMASSA, PRETO",M,REPRESENTADO,0.3163265,0.3163265,0.3163265,0.3163265,0.3163265,0.3163265,0.3163265,0.3163265,0.3163265,0.3163265,0.3163265,0.3163265,0.3163265,0.3163265,0.3163265,0.3163265,0.3163265,0.3163265,0.3163265,0.3163265,0.3163265,0.3163265,0.3163265,0.3163265,0.3163265,0.3163265,0.3163265,SINAPI_familias_e_coeficientes_2025_06.xlsx,
4790,4804,"RODAPE PLANO PARA PISO VINILICO, H = 5 CM",M,REPRESENTADO,0.2428571,0.2428571,0.2428571,0.2428571,0.2428571,0.2428571,0.2428571,0.2428571,0.2428571,0.2428571,0.2428571,0.2428571,0.2428571,0.2428571,0.2428571,0.2428571,0.2428571,0.2428571,0.2428571,0.2428571,0.2428571,0.2428571,0.2428571,0.2428571,0.2428571,0.2428571,0.2428571,SINAPI_familias_e_coeficientes_2025_06.xlsx,
4790,4806,"TESTEIRA ANTIDERRAPANTE PARA PISO VINILICO *5 X 2,5* CM, E = 2 MM",M,REPRESENTADO,0.1836735,0.1836735,0.1836735,0.1836735,0.1836735,0.1836735,0.1836735,0.1836735,0.1836735,0.1836735,0.1836735,0.1836735,0.1836735,0.1836735,0.1836735,0.1836735,0.1836735,0.1836735,0.1836735,0.1836735,0.1836735,0.1836735,0.1836735,0.1836735,0.1836735,0.1836735,0.1836735,SINAPI_familias_e_coeficientes_2025_06.xlsx,
4813,4813,"PLACA DE OBRA (PARA CONSTRUCAO CIVIL) EM CHAPA GALVANIZADA *N. 22*, ADESIVADA, DE *2,4 X 1,2* M (SEM POSTES PARA FIXACAO)",M2,REPRESENTATIVO,1,1,1,1,1,1,1,1,1,1,1,1,1,1,1,1,1,1,1,1,1,1,1,1,1,1,1,SINAPI_familias_e_coeficientes_2025_06.xlsx,
4813,34744,"PELICULA REFLETIVA, GT 7 ANOS PARA SINALIZACAO VERTICAL",M2,REPRESENTADO,0.0930009,0.0930009,0.0930009,0.0930009,0.0930009,0.0930009,0.0930009,0.0930009,0.0930009,0.0930009,0.0930009,0.0930009,0.0930009,0.0930009,0.0930009,0.0930009,0.0930009,0.0930009,0.0930009,0.0930009,0.0930009,0.0930009,0.0930009,0.0930009,0.0930009,0.0930009,0.0930009,SINAPI_familias_e_coeficientes_2025_06.xlsx,
4813,13521,"PLACA DE ACO ESMALTADA PARA IDENTIFICACAO DE RUA, *45 CM X 20* CM",UN,REPRESENTADO,0.3300033,0.3300033,0.3300033,0.3300033,0.3300033,0.3300033,0.3300033,0.3300033,0.3300033,0.3300033,0.3300033,0.3300033,0.3300033,0.3300033,0.3300033,0.3300033,0.3300033,0.3300033,0.3300033,0.3300033,0.3300033,0.3300033,0.3300033,0.3300033,0.3300033,0.3300033,0.3300033,SINAPI_familias_e_coeficientes_2025_06.xlsx,
4813,10849,PLACA DE INAUGURACAO EM BRONZE *35X 50*CM,UN,REPRESENTADO,4.800048,4.800048,4.800048,4.800048,4.800048,4.800048,4.800048,4.800048,4.800048,4.800048,4.800048,4.800048,4.800048,4.800048,4.800048,4.800048,4.800048,4.800048,4.800048,4.800048,4.800048,4.800048,4.800048,4.800048,4.800048,4.800048,4.800048,SINAPI_familias_e_coeficientes_2025_06.xlsx,
4813,10848,"PLACA DE INAUGURACAO METALICA, *40* CM X *60* CM",UN,REPRESENTADO,3.0150301,3.0150301,3.0150301,3.0150301,3.0150301,3.0150301,3.0150301,3.0150301,3.0150301,3.0150301,3.0150301,3.0150301,3.0150301,3.0150301,3.0150301,3.0150301,3.0150301,3.0150301,3.0150301,3.0150301,3.0150301,3.0150301,3.0150301,3.0150301,3.0150301,3.0150301,3.0150301,SINAPI_familias_e_coeficientes_2025_06.xlsx,
4813,34723,PLACA DE SINALIZACAO EM CHAPA DE ACO NUM 16 COM PINTURA REFLETIVA,M2,REPRESENTADO,2.3100231,2.3100231,2.3100231,2.3100231,2.3100231,2.3100231,2.3100231,2.3100231,2.3100231,2.3100231,2.3100231,2.3100231,2.3100231,2.3100231,2.3100231,2.3100231,2.3100231,2.3100231,2.3100231,2.3100231,2.3100231,2.3100231,2.3100231,2.3100231,2.3100231,2.3100231,2.3100231,SINAPI_familias_e_coeficientes_2025_06.xlsx,
4813,34721,"PLACA DE SINALIZACAO EM CHAPA DE ALUMINIO COM PINTURA REFLETIVA, E = 2 MM",M2,REPRESENTADO,2.8800288,2.8800288,2.8800288,2.8800288,2.8800288,2.8800288,2.8800288,2.8800288,2.8800288,2.8800288,2.8800288,2.8800288,2.8800288,2.8800288,2.8800288,2.8800288,2.8800288,2.8800288,2.8800288,2.8800288,2.8800288,2.8800288,2.8800288,2.8800288,2.8800288,2.8800288,2.8800288,SINAPI_familias_e_coeficientes_2025_06.xlsx,
4813,10850,PLACA NUMERACAO RESIDENCIAL EM CHAPA GALVANIZADA ESMALTADA 12 X 18 CM,UN,REPRESENTADO,0.1500015,0.1500015,0.1500015,0.1500015,0.1500015,0.1500015,0.1500015,0.1500015,0.1500015,0.1500015,0.1500015,0.1500015,0.1500015,0.1500015,0.1500015,0.1500015,0.1500015,0.1500015,0.1500015,0.1500015,0.1500015,0.1500015,0.1500015,0.1500015,0.1500015,0.1500015,0.1500015,SINAPI_familias_e_coeficientes_2025_06.xlsx,
4818,4818,"PISO/ REVESTIMENTO EM MARMORE, POLIDO, BRANCO COMUM, FORMATO MENOR OU IGUAL A 3025 CM2, E = *2* CM",M2,REPRESENTATIVO,1,1,1,1,1,1,1,1,1,1,1,1,1,1,1,1,1,1,1,1,1,1,1,1,1,1,1,SINAPI_familias_e_coeficientes_2025_06.xlsx,
4818,45333,ABERTURA PARA ENCAIXE DE CUBA OU LAVATORIO EM BANCADA DE MARMORE/ GRANITO OU OUTRO TIPO DE PEDRA NATURAL,UN,REPRESENTADO,0.3553976,0.3553976,0.3553976,0.3553976,0.3553976,0.3553976,0.3553976,0.3553976,0.3553976,0.3553976,0.3553976,0.3553976,0.3553976,0.3553976,0.3553976,0.3553976,0.3553976,0.3553976,0.3553976,0.3553976,0.3553976,0.3553976,0.3553976,0.3553976,0.3553976,0.3553976,0.3553976,SINAPI_familias_e_coeficientes_2025_06.xlsx,
4818,11692,"BANCADA/ BANCA/ BALCAO/ TAMPO EM MARMORE BRANCO COMUM, POLIDO, LISO, ACABAMENTO RETO, E= *3* CM (SEM FUROS)",M2,REPRESENTADO,1.2028432,1.2028432,1.2028432,1.2028432,1.2028432,1.2028432,1.2028432,1.2028432,1.2028432,1.2028432,1.2028432,1.2028432,1.2028432,1.2028432,1.2028432,1.2028432,1.2028432,1.2028432,1.2028432,1.2028432,1.2028432,1.2028432,1.2028432,1.2028432,1.2028432,1.2028432,1.2028432,SINAPI_familias_e_coeficientes_2025_06.xlsx,
4818,10629,"DIVISORIA EM MARMORE, COM DUAS FACES POLIDAS, BRANCO COMUM, E= *3,0* CM",M2,REPRESENTADO,1.5243003,1.5243003,1.5243003,1.5243003,1.5243003,1.5243003,1.5243003,1.5243003,1.5243003,1.5243003,1.5243003,1.5243003,1.5243003,1.5243003,1.5243003,1.5243003,1.5243003,1.5243003,1.5243003,1.5243003,1.5243003,1.5243003,1.5243003,1.5243003,1.5243003,1.5243003,1.5243003,SINAPI_familias_e_coeficientes_2025_06.xlsx,
4818,45334,FURO PARA TORNEIRA OU OUTROS ACESSORIOS EM BANCADA DE MARMORE/ GRANITO OU OUTRO TIPO DE PEDRA NATURAL,UN,REPRESENTADO,0.0533096,0.0533096,0.0533096,0.0533096,0.0533096,0.0533096,0.0533096,0.0533096,0.0533096,0.0533096,0.0533096,0.0533096,0.0533096,0.0533096,0.0533096,0.0533096,0.0533096,0.0533096,0.0533096,0.0533096,0.0533096,0.0533096,0.0533096,0.0533096,0.0533096,0.0533096,0.0533096,SINAPI_familias_e_coeficientes_2025_06.xlsx,
4818,4824,"GRANILHA/ GRANA/ PEDRISCO OU AGREGADO EM MARMORE/ GRANITO/ QUARTZO E CALCARIO, PRETO, CINZA, PALHA OU BRANCO",KG,REPRESENTADO,0.0014216,0.0014216,0.0014216,0.0014216,0.0014216,0.0014216,0.0014216,0.0014216,0.0014216,0.0014216,0.0014216,0.0014216,0.0014216,0.0014216,0.0014216,0.0014216,0.0014216,0.0014216,0.0014216,0.0014216,0.0014216,0.0014216,0.0014216,0.0014216,0.0014216,0.0014216,0.0014216,SINAPI_familias_e_coeficientes_2025_06.xlsx,
4818,34747,"PEITORIL EM MARMORE, POLIDO, BRANCO COMUM, L= *15* CM, E= *2,0* CM, COM PINGADEIRA",M,REPRESENTADO,0.2361617,0.2361617,0.2361617,0.2361617,0.2361617,0.2361617,0.2361617,0.2361617,0.2361617,0.2361617,0.2361617,0.2361617,0.2361617,0.2361617,0.2361617,0.2361617,0.2361617,0.2361617,0.2361617,0.2361617,0.2361617,0.2361617,0.2361617,0.2361617,0.2361617,0.2361617,0.2361617,SINAPI_familias_e_coeficientes_2025_06.xlsx,
4818,4826,"PEITORIL EM MARMORE, POLIDO, BRANCO COMUM, L= *15* CM, E= *3* CM, CORTE RETO",M,REPRESENTADO,0.2539316,0.2539316,0.2539316,0.2539316,0.2539316,0.2539316,0.2539316,0.2539316,0.2539316,0.2539316,0.2539316,0.2539316,0.2539316,0.2539316,0.2539316,0.2539316,0.2539316,0.2539316,0.2539316,0.2539316,0.2539316,0.2539316,0.2539316,0.2539316,0.2539316,0.2539316,0.2539316,SINAPI_familias_e_coeficientes_2025_06.xlsx,
4818,4825,"PEITORIL/ SOLEIRA EM MARMORE, POLIDO, BRANCO COMUM, L= *25* CM, E= *3* CM, CORTE RETO",M,REPRESENTADO,0.3514882,0.3514882,0.3514882,0.3514882,0.3514882,0.3514882,0.3514882,0.3514882,0.3514882,0.3514882,0.3514882,0.3514882,0.3514882,0.3514882,0.3514882,0.3514882,0.3514882,0.3514882,0.3514882,0.3514882,0.3514882,0.3514882,0.3514882,0.3514882,0.3514882,0.3514882,0.3514882,SINAPI_familias_e_coeficientes_2025_06.xlsx,
4818,4822,"PISO/ REVESTIMENTO EM MARMORE, POLIDO, BRANCO COMUM, FORMATO MAIOR OU IGUAL A 3025 CM2, E = *2* CM",M2,REPRESENTADO,0.9729009,0.9729009,0.9729009,0.9729009,0.9729009,0.9729009,0.9729009,0.9729009,0.9729009,0.9729009,0.9729009,0.9729009,0.9729009,0.9729009,0.9729009,0.9729009,0.9729009,0.9729009,0.9729009,0.9729009,0.9729009,0.9729009,0.9729009,0.9729009,0.9729009,0.9729009,0.9729009,SINAPI_familias_e_coeficientes_2025_06.xlsx,
4818,4829,"RODAPE EM MARMORE, POLIDO, BRANCO COMUM, L= *7* CM, E= *2* CM, CORTE RETO",M,REPRESENTADO,0.1190582,0.1190582,0.1190582,0.1190582,0.1190582,0.1190582,0.1190582,0.1190582,0.1190582,0.1190582,0.1190582,0.1190582,0.1190582,0.1190582,0.1190582,0.1190582,0.1190582,0.1190582,0.1190582,0.1190582,0.1190582,0.1190582,0.1190582,0.1190582,0.1190582,0.1190582,0.1190582,SINAPI_familias_e_coeficientes_2025_06.xlsx,
4818,4828,"SOLEIRA/ PEITORIL EM MARMORE, POLIDO, BRANCO COMUM, L= *15* CM, E= *2* CM, CORTE RETO",M,REPRESENTADO,0.1776988,0.1776988,0.1776988,0.1776988,0.1776988,0.1776988,0.1776988,0.1776988,0.1776988,0.1776988,0.1776988,0.1776988,0.1776988,0.1776988,0.1776988,0.1776988,0.1776988,0.1776988,0.1776988,0.1776988,0.1776988,0.1776988,0.1776988,0.1776988,0.1776988,0.1776988,0.1776988,SINAPI_familias_e_coeficientes_2025_06.xlsx,
4818,20249,"SOLEIRA/ TABEIRA EM MARMORE, POLIDO, BRANCO COMUM, L= 5 CM, E= *2,0* CM",M,REPRESENTADO,0.0973079,0.0973079,0.0973079,0.0973079,0.0973079,0.0973079,0.0973079,0.0973079,0.0973079,0.0973079,0.0973079,0.0973079,0.0973079,0.0973079,0.0973079,0.0973079,0.0973079,0.0973079,0.0973079,0.0973079,0.0973079,0.0973079,0.0973079,0.0973079,0.0973079,0.0973079,0.0973079,SINAPI_familias_e_coeficientes_2025_06.xlsx,
4917,4917,"PORTA DE ABRIR EM ALUMINIO TIPO VENEZIANA, ACABAMENTO ANODIZADO NATURAL, SEM GUARNICAO/ALIZAR/VISTA",M2,REPRESENTATIVO,1,1,1,1,1,1,1,1,1,1,1,1,1,1,1,1,1,1,1,1,1,1,1,1,1,1,1,SINAPI_familias_e_coeficientes_2025_06.xlsx,
4917,39024,"PORTA DE ABRIR EM ALUMINIO COM DIVISAO HORIZONTAL PARA VIDROS, ACABAMENTO ANODIZADO NATURAL, VIDROS INCLUSOS, SEM GUARNICAO/ALIZAR/VISTA, 87 CM X 210 CM",UN,REPRESENTADO,1.7858421,1.7858421,1.7858421,1.7858421,1.7858421,1.7858421,1.7858421,1.7858421,1.7858421,1.7858421,1.7858421,1.7858421,1.7858421,1.7858421,1.7858421,1.7858421,1.7858421,1.7858421,1.7858421,1.7858421,1.7858421,1.7858421,1.7858421,1.7858421,1.7858421,1.7858421,1.7858421,SINAPI_familias_e_coeficientes_2025_06.xlsx,
4917,4914,"PORTA DE ABRIR EM ALUMINIO COM LAMBRI HORIZONTAL/LAMINADA, ACABAMENTO ANODIZADO NATURAL, SEM GUARNICAO/ALIZAR/VISTA",M2,REPRESENTADO,1.4480059,1.4480059,1.4480059,1.4480059,1.4480059,1.4480059,1.4480059,1.4480059,1.4480059,1.4480059,1.4480059,1.4480059,1.4480059,1.4480059,1.4480059,1.4480059,1.4480059,1.4480059,1.4480059,1.4480059,1.4480059,1.4480059,1.4480059,1.4480059,1.4480059,1.4480059,1.4480059,SINAPI_familias_e_coeficientes_2025_06.xlsx,
4917,39025,"PORTA DE ABRIR, TIPO VENEZIANA, EM ALUMINIO, ACABAMENTO ANODIZADO NATURAL, 90 CM X 210 CM (LARGURA X ALTURA), SEM GUARNICAO/ALIZAR/VISTA",UN,REPRESENTADO,1.8311941,1.8311941,1.8311941,1.8311941,1.8311941,1.8311941,1.8311941,1.8311941,1.8311941,1.8311941,1.8311941,1.8311941,1.8311941,1.8311941,1.8311941,1.8311941,1.8311941,1.8311941,1.8311941,1.8311941,1.8311941,1.8311941,1.8311941,1.8311941,1.8311941,1.8311941,1.8311941,SINAPI_familias_e_coeficientes_2025_06.xlsx,
4917,4922,"PORTA DE CORRER EM ALUMINIO, DUAS FOLHAS MOVEIS COM VIDRO, FECHADURA E PUXADOR EMBUTIDO, ACABAMENTO ANODIZADO NATURAL, SEM GUARNICAO/ALIZAR/VISTA",M2,REPRESENTADO,0.9275972,0.9275972,0.9275972,0.9275972,0.9275972,0.9275972,0.9275972,0.9275972,0.9275972,0.9275972,0.9275972,0.9275972,0.9275972,0.9275972,0.9275972,0.9275972,0.9275972,0.9275972,0.9275972,0.9275972,0.9275972,0.9275972,0.9275972,0.9275972,0.9275972,0.9275972,0.9275972,SINAPI_familias_e_coeficientes_2025_06.xlsx,
4969,4969,"PORTA DE MADEIRA-DE-LEI TIPO VENEZIANA (ANGELIM OU EQUIVALENTE REGIONAL), E = *3,5* CM",M2,REPRESENTATIVO,1,1,1,1,1,1,1,1,1,1,1,1,1,1,1,1,1,1,1,1,1,1,1,1,1,1,1,SINAPI_familias_e_coeficientes_2025_06.xlsx,
4969,4998,"PORTA DE ABRIR / GIRO, EM MADEIRA MACICA (ANGELIM OU EQUIVALENTE REGIONAL), QUALQUER DESENHO (VERTICAL/DIAGONAL/HORIZ.), E = *3,5* CM, DIMENSOES 2,10 X 0,70 (SOMENTE FOLHA DE PORTA, ACABAMENTO NATURAL)",M2,REPRESENTADO,1.4368687,1.4368687,1.4368687,1.4368687,1.4368687,1.4368687,1.4368687,1.4368687,1.4368687,1.4368687,1.4368687,1.4368687,1.4368687,1.4368687,1.4368687,1.4368687,1.4368687,1.4368687,1.4368687,1.4368687,1.4368687,1.4368687,1.4368687,1.4368687,1.4368687,1.4368687,1.4368687,SINAPI_familias_e_coeficientes_2025_06.xlsx,
4969,5002,"PORTA DE MADEIRA QUADRICULADA PARA VIDRO, DE CORRER (EUCALIPTO OU EQUIVALENTE REGIONAL), E = *3,5* CM",M2,REPRESENTADO,1.0474512,1.0474512,1.0474512,1.0474512,1.0474512,1.0474512,1.0474512,1.0474512,1.0474512,1.0474512,1.0474512,1.0474512,1.0474512,1.0474512,1.0474512,1.0474512,1.0474512,1.0474512,1.0474512,1.0474512,1.0474512,1.0474512,1.0474512,1.0474512,1.0474512,1.0474512,1.0474512,SINAPI_familias_e_coeficientes_2025_06.xlsx,
4969,4977,"PORTA DE MADEIRA TIPO VENEZIANA (EUCALIPTO OU EQUIVALENTE REGIONAL), E = *3,5* CM",M2,REPRESENTADO,0.7070707,0.7070707,0.7070707,0.7070707,0.7070707,0.7070707,0.7070707,0.7070707,0.7070707,0.7070707,0.7070707,0.7070707,0.7070707,0.7070707,0.7070707,0.7070707,0.7070707,0.7070707,0.7070707,0.7070707,0.7070707,0.7070707,0.7070707,0.7070707,0.7070707,0.7070707,0.7070707,SINAPI_familias_e_coeficientes_2025_06.xlsx,
4969,5028,"PORTA DE MADEIRA-DE-LEI QUADRICULADA PARA VIDRO, DE CORRER (ANGELIM OU EQUIVALENTE REGIONAL), E = *3,5* CM",M2,REPRESENTADO,1.7300763,1.7300763,1.7300763,1.7300763,1.7300763,1.7300763,1.7300763,1.7300763,1.7300763,1.7300763,1.7300763,1.7300763,1.7300763,1.7300763,1.7300763,1.7300763,1.7300763,1.7300763,1.7300763,1.7300763,1.7300763,1.7300763,1.7300763,1.7300763,1.7300763,1.7300763,1.7300763,SINAPI_familias_e_coeficientes_2025_06.xlsx,
4981,4981,"PORTA DE ABRIR / GIRO, DE MADEIRA FOLHA MEDIA (NBR 15930) DE 700 X 2100 MM, DE 35 MM A 40 MM DE ESPESSURA, NUCLEO SEMI-SOLIDO (SARRAFEADO), CAPA LISA EM HDF, ACABAMENTO EM LAMINADO NATURAL PARA VERNIZ",UN,REPRESENTATIVO,1,1,1,1,1,1,1,1,1,1,1,1,1,1,1,1,1,1,1,1,1,1,1,1,1,1,1,SINAPI_familias_e_coeficientes_2025_06.xlsx,
4981,39482,"KIT PORTA PRONTA DE MADEIRA, FOLHA LEVE (NBR 15930) DE 600 X 2100 MM OU 700 X 2100 MM, DE 35 MM A 40 MM DE ESPESSURA, COM MARCO EM ACO, NUCLEO COLMEIA, CAPA LISA EM HDF, ACABAMENTO MELAMINICO BRANCO (INCLUI MARCO, ALIZARES, DOBRADICAS E FECHADURA)",UN,REPRESENTADO,2.8733459,2.8733459,2.8733459,2.8733459,2.8733459,2.8733459,2.8733459,2.8733459,2.8733459,2.8733459,2.8733459,2.8733459,2.8733459,2.8733459,2.8733459,2.8733459,2.8733459,2.8733459,2.8733459,2.8733459,2.8733459,2.8733459,2.8733459,2.8733459,2.8733459,2.8733459,2.8733459,SINAPI_familias_e_coeficientes_2025_06.xlsx,
4981,39486,"KIT PORTA PRONTA DE MADEIRA, FOLHA LEVE (NBR 15930) DE 600 X 2100 MM OU 700 X 2100 MM, DE 35 MM A 40 MM DE ESPESSURA, NUCLEO COLMEIA, ESTRUTURA USINADA PARA FECHADURA, CAPA LISA EM HDF, ACABAMENTO EM PRIMER PARA PINTURA (INCLUI MARCO, ALIZARES E DOBRADICAS)",UN,REPRESENTADO,2.3450536,2.3450536,2.3450536,2.3450536,2.3450536,2.3450536,2.3450536,2.3450536,2.3450536,2.3450536,2.3450536,2.3450536,2.3450536,2.3450536,2.3450536,2.3450536,2.3450536,2.3450536,2.3450536,2.3450536,2.3450536,2.3450536,2.3450536,2.3450536,2.3450536,2.3450536,2.3450536,SINAPI_familias_e_coeficientes_2025_06.xlsx,
4981,39484,"KIT PORTA PRONTA DE MADEIRA, FOLHA LEVE (NBR 15930) DE 800 X 2100 MM, DE 35 MM A 40 MM DE ESPESSURA, COM MARCO EM ACO, NUCLEO COLMEIA, CAPA LISA EM HDF, ACABAMENTO MELAMINICO BRANCO (INCLUI MARCO, ALIZARES, DOBRADICAS E FECHADURA)",UN,REPRESENTADO,2.8733459,2.8733459,2.8733459,2.8733459,2.8733459,2.8733459,2.8733459,2.8733459,2.8733459,2.8733459,2.8733459,2.8733459,2.8733459,2.8733459,2.8733459,2.8733459,2.8733459,2.8733459,2.8733459,2.8733459,2.8733459,2.8733459,2.8733459,2.8733459,2.8733459,2.8733459,2.8733459,SINAPI_familias_e_coeficientes_2025_06.xlsx,
4981,39488,"KIT PORTA PRONTA DE MADEIRA, FOLHA LEVE (NBR 15930) DE 800 X 2100 MM, DE 35 MM A 40 MM DE ESPESSURA, NUCLEO COLMEIA, ESTRUTURA USINADA PARA FECHADURA, CAPA LISA EM HDF, ACABAMENTO EM PRIMER PARA PINTURA (INCLUI MARCO, ALIZARES E DOBRADICAS)",UN,REPRESENTADO,2.3834489,2.3834489,2.3834489,2.3834489,2.3834489,2.3834489,2.3834489,2.3834489,2.3834489,2.3834489,2.3834489,2.3834489,2.3834489,2.3834489,2.3834489,2.3834489,2.3834489,2.3834489,2.3834489,2.3834489,2.3834489,2.3834489,2.3834489,2.3834489,2.3834489,2.3834489,2.3834489,SINAPI_familias_e_coeficientes_2025_06.xlsx,
4981,39485,"KIT PORTA PRONTA DE MADEIRA, FOLHA LEVE (NBR 15930) DE 900 X 2100 MM, DE 35 MM A 40 MM DE ESPESSURA, COM MARCO EM ACO, NUCLEO COLMEIA, CAPA LISA EM HDF, ACABAMENTO MELAMINICO BRANCO (INCLUI MARCO, ALIZARES, DOBRADICAS E FECHADURA)",UN,REPRESENTADO,2.8733459,2.8733459,2.8733459,2.8733459,2.8733459,2.8733459,2.8733459,2.8733459,2.8733459,2.8733459,2.8733459,2.8733459,2.8733459,2.8733459,2.8733459,2.8733459,2.8733459,2.8733459,2.8733459,2.8733459,2.8733459,2.8733459,2.8733459,2.8733459,2.8733459,2.8733459,2.8733459,SINAPI_familias_e_coeficientes_2025_06.xlsx,
4981,39489,"KIT PORTA PRONTA DE MADEIRA, FOLHA LEVE (NBR 15930) DE 900 X 2100 MM, DE 35 MM A 40 MM DE ESPESSURA, NUCLEO COLMEIA, ESTRUTURA USINADA PARA FECHADURA, CAPA LISA EM HDF, ACABAMENTO EM PRIMER PARA PINTURA (INCLUI MARCO, ALIZARES E DOBRADICAS)",UN,REPRESENTADO,2.4238605,2.4238605,2.4238605,2.4238605,2.4238605,2.4238605,2.4238605,2.4238605,2.4238605,2.4238605,2.4238605,2.4238605,2.4238605,2.4238605,2.4238605,2.4238605,2.4238605,2.4238605,2.4238605,2.4238605,2.4238605,2.4238605,2.4238605,2.4238605,2.4238605,2.4238605,2.4238605,SINAPI_familias_e_coeficientes_2025_06.xlsx,
4981,39490,"KIT PORTA PRONTA DE MADEIRA, FOLHA MEDIA (NBR 15930) DE 600 X 2100 MM OU 700 X 2100 MM, DE 35 MM A 40 MM DE ESPESSURA, NUCLEO SEMI-SOLIDO (SARRAFEADO), ESTRUTURA USINADA PARA FECHADURA, CAPA LISA EM HDF, ACABAMENTO MELAMINICO BRANCO (INCLUI MARCO, ALIZARES E DOBRADICAS)",UN,REPRESENTADO,3.6118463,3.6118463,3.6118463,3.6118463,3.6118463,3.6118463,3.6118463,3.6118463,3.6118463,3.6118463,3.6118463,3.6118463,3.6118463,3.6118463,3.6118463,3.6118463,3.6118463,3.6118463,3.6118463,3.6118463,3.6118463,3.6118463,3.6118463,3.6118463,3.6118463,3.6118463,3.6118463,SINAPI_familias_e_coeficientes_2025_06.xlsx,
4981,39494,"KIT PORTA PRONTA DE MADEIRA, FOLHA MEDIA (NBR 15930) DE 600 X 2100 MM, DE 35 MM A 40 MM DE ESPESSURA, NUCLEO SEMI-SOLIDO (SARRAFEADO), ESTRUTURA USINADA PARA FECHADURA, CAPA LISA EM HDF, ACABAMENTO EM PRIMER PARA PINTURA (INCLUI MARCO, ALIZARES E DOBRADICAS)",UN,REPRESENTADO,2.5936148,2.5936148,2.5936148,2.5936148,2.5936148,2.5936148,2.5936148,2.5936148,2.5936148,2.5936148,2.5936148,2.5936148,2.5936148,2.5936148,2.5936148,2.5936148,2.5936148,2.5936148,2.5936148,2.5936148,2.5936148,2.5936148,2.5936148,2.5936148,2.5936148,2.5936148,2.5936148,SINAPI_familias_e_coeficientes_2025_06.xlsx,
4981,39495,"KIT PORTA PRONTA DE MADEIRA, FOLHA MEDIA (NBR 15930) DE 700 X 2100 MM, DE 35 MM A 40 MM DE ESPESSURA, NUCLEO SEMI-SOLIDO (SARRAFEADO), ESTRUTURA USINADA PARA FECHADURA, CAPA LISA EM HDF, ACABAMENTO EM PRIMER PARA PINTURA (INCLUI MARCO, ALIZARES E DOBRADICAS)",UN,REPRESENTADO,2.9226633,2.9226633,2.9226633,2.9226633,2.9226633,2.9226633,2.9226633,2.9226633,2.9226633,2.9226633,2.9226633,2.9226633,2.9226633,2.9226633,2.9226633,2.9226633,2.9226633,2.9226633,2.9226633,2.9226633,2.9226633,2.9226633,2.9226633,2.9226633,2.9226633,2.9226633,2.9226633,SINAPI_familias_e_coeficientes_2025_06.xlsx,
4981,39496,"KIT PORTA PRONTA DE MADEIRA, FOLHA MEDIA (NBR 15930) DE 800 X 2100 MM, DE 35 MM A 40 MM DE ESPESSURA, NUCLEO SEMI-SOLIDO (SARRAFEADO), ESTRUTURA USINADA PARA FECHADURA, CAPA LISA EM HDF, ACABAMENTO EM PRIMER PARA PINTURA (INCLUI MARCO, ALIZARES E DOBRADICAS)",UN,REPRESENTADO,3.2149128,3.2149128,3.2149128,3.2149128,3.2149128,3.2149128,3.2149128,3.2149128,3.2149128,3.2149128,3.2149128,3.2149128,3.2149128,3.2149128,3.2149128,3.2149128,3.2149128,3.2149128,3.2149128,3.2149128,3.2149128,3.2149128,3.2149128,3.2149128,3.2149128,3.2149128,3.2149128,SINAPI_familias_e_coeficientes_2025_06.xlsx,
4981,39492,"KIT PORTA PRONTA DE MADEIRA, FOLHA MEDIA (NBR 15930) DE 800 X 2100 MM, DE 35 MM A 40 MM DE ESPESSURA, NUCLEO SEMI-SOLIDO (SARRAFEADO), ESTRUTURA USINADA PARA FECHADURA, CAPA LISA EM HDF, ACABAMENTO MELAMINICO BRANCO (INCLUI MARCO, ALIZARES E DOBRADICAS)",UN,REPRESENTADO,3.7219912,3.7219912,3.7219912,3.7219912,3.7219912,3.7219912,3.7219912,3.7219912,3.7219912,3.7219912,3.7219912,3.7219912,3.7219912,3.7219912,3.7219912,3.7219912,3.7219912,3.7219912,3.7219912,3.7219912,3.7219912,3.7219912,3.7219912,3.7219912,3.7219912,3.7219912,3.7219912,SINAPI_familias_e_coeficientes_2025_06.xlsx,
4981,39497,"KIT PORTA PRONTA DE MADEIRA, FOLHA MEDIA (NBR 15930) DE 900 X 2100 MM, DE 35 MM A 40 MM DE ESPESSURA, NUCLEO SEMI-SOLIDO (SARRAFEADO), ESTRUTURA USINADA PARA FECHADURA, CAPA LISA EM HDF, ACABAMENTO EM PRIMER PARA PINTURA (INCLUI MARCO, ALIZARES E DOBRADICAS)",UN,REPRESENTADO,3.3619408,3.3619408,3.3619408,3.3619408,3.3619408,3.3619408,3.3619408,3.3619408,3.3619408,3.3619408,3.3619408,3.3619408,3.3619408,3.3619408,3.3619408,3.3619408,3.3619408,3.3619408,3.3619408,3.3619408,3.3619408,3.3619408,3.3619408,3.3619408,3.3619408,3.3619408,3.3619408,SINAPI_familias_e_coeficientes_2025_06.xlsx,
4981,39493,"KIT PORTA PRONTA DE MADEIRA, FOLHA MEDIA (NBR 15930) DE 900 X 2100 MM, DE 35 MM A 40 MM DE ESPESSURA, NUCLEO SEMI-SOLIDO (SARRAFEADO), ESTRUTURA USINADA PARA FECHADURA, CAPA LISA EM HDF, ACABAMENTO MELAMINICO BRANCO (INCLUI MARCO, ALIZARES E DOBRADICAS)",UN,REPRESENTADO,3.9921865,3.9921865,3.9921865,3.9921865,3.9921865,3.9921865,3.9921865,3.9921865,3.9921865,3.9921865,3.9921865,3.9921865,3.9921865,3.9921865,3.9921865,3.9921865,3.9921865,3.9921865,3.9921865,3.9921865,3.9921865,3.9921865,3.9921865,3.9921865,3.9921865,3.9921865,3.9921865,SINAPI_familias_e_coeficientes_2025_06.xlsx,
4981,43628,"KIT PORTA PRONTA DE MADEIRA, FOLHA PESADA (NBR 15930) DE 800 X 2100 MM, DE 40 MM A 45 MM DE ESPESSURA, COM MARCO EM ACO, NUCLEO SOLIDO, CAPA LISA EM HDF, ACABAMENTO MELAMINICO BRANCO (INCLUI MARCO, ALIZARES, DOBRADICAS E FECHADURA)",UN,REPRESENTADO,4.2344045,4.2344045,4.2344045,4.2344045,4.2344045,4.2344045,4.2344045,4.2344045,4.2344045,4.2344045,4.2344045,4.2344045,4.2344045,4.2344045,4.2344045,4.2344045,4.2344045,4.2344045,4.2344045,4.2344045,4.2344045,4.2344045,4.2344045,4.2344045,4.2344045,4.2344045,4.2344045,SINAPI_familias_e_coeficientes_2025_06.xlsx,
4981,39500,"KIT PORTA PRONTA DE MADEIRA, FOLHA PESADA (NBR 15930) DE 800 X 2100 MM, DE 40 MM A 45 MM DE ESPESSURA, NUCLEO SOLIDO, CAPA LISA EM HDF, ACABAMENTO MELAMINICO BRANCO (INCLUI MARCO, ALIZARES, DOBRADICAS E FECHADURA EXTERNA)",UN,REPRESENTADO,4.3558076,4.3558076,4.3558076,4.3558076,4.3558076,4.3558076,4.3558076,4.3558076,4.3558076,4.3558076,4.3558076,4.3558076,4.3558076,4.3558076,4.3558076,4.3558076,4.3558076,4.3558076,4.3558076,4.3558076,4.3558076,4.3558076,4.3558076,4.3558076,4.3558076,4.3558076,4.3558076,SINAPI_familias_e_coeficientes_2025_06.xlsx,
4981,39498,"KIT PORTA PRONTA DE MADEIRA, FOLHA PESADA (NBR 15930) DE 800 X 2100 MM, DE 40 MM A 45 MM DE ESPESSURA, NUCLEO SOLIDO, ESTRUTURA USINADA PARA FECHADURA, CAPA LISA EM HDF, ACABAMENTO EM LAMINADO NATURAL COM VERNIZ (INCLUI MARCO, ALIZARES E DOBRADICAS)",UN,REPRESENTADO,5.3721487,5.3721487,5.3721487,5.3721487,5.3721487,5.3721487,5.3721487,5.3721487,5.3721487,5.3721487,5.3721487,5.3721487,5.3721487,5.3721487,5.3721487,5.3721487,5.3721487,5.3721487,5.3721487,5.3721487,5.3721487,5.3721487,5.3721487,5.3721487,5.3721487,5.3721487,5.3721487,SINAPI_familias_e_coeficientes_2025_06.xlsx,
4981,43621,"KIT PORTA PRONTA DE MADEIRA, FOLHA PESADA (NBR 15930) DE 900 X 2100 MM, DE 40 MM A 45 MM DE ESPESSURA, COM MARCO EM ACO, NUCLEO SOLIDO, CAPA LISA EM HDF, ACABAMENTO MELAMINICO BRANCO (INCLUI MARCO, ALIZARES, DOBRADICAS E FECHADURA)",UN,REPRESENTADO,4.4990548,4.4990548,4.4990548,4.4990548,4.4990548,4.4990548,4.4990548,4.4990548,4.4990548,4.4990548,4.4990548,4.4990548,4.4990548,4.4990548,4.4990548,4.4990548,4.4990548,4.4990548,4.4990548,4.4990548,4.4990548,4.4990548,4.4990548,4.4990548,4.4990548,4.4990548,4.4990548,SINAPI_familias_e_coeficientes_2025_06.xlsx,
4981,39501,"KIT PORTA PRONTA DE MADEIRA, FOLHA PESADA (NBR 15930) DE 900 X 2100 MM, DE 40 MM A 45 MM DE ESPESSURA, NUCLEO SOLIDO, CAPA LISA EM HDF, ACABAMENTO MELAMINICO BRANCO (INCLUI MARCO, ALIZARES, DOBRADICAS E FECHADURA EXTERNA)",UN,REPRESENTADO,4.473766,4.473766,4.473766,4.473766,4.473766,4.473766,4.473766,4.473766,4.473766,4.473766,4.473766,4.473766,4.473766,4.473766,4.473766,4.473766,4.473766,4.473766,4.473766,4.473766,4.473766,4.473766,4.473766,4.473766,4.473766,4.473766,4.473766,SINAPI_familias_e_coeficientes_2025_06.xlsx,
4981,39499,"KIT PORTA PRONTA DE MADEIRA, FOLHA PESADA (NBR 15930) DE 900 X 2100 MM, DE 40 MM A 45 MM DE ESPESSURA, NUCLEO SOLIDO, ESTRUTURA USINADA PARA FECHADURA, CAPA LISA EM HDF, ACABAMENTO EM LAMINADO NATURAL COM VERNIZ (INCLUI MARCO, ALIZARES E DOBRADICAS)",UN,REPRESENTADO,5.4484352,5.4484352,5.4484352,5.4484352,5.4484352,5.4484352,5.4484352,5.4484352,5.4484352,5.4484352,5.4484352,5.4484352,5.4484352,5.4484352,5.4484352,5.4484352,5.4484352,5.4484352,5.4484352,5.4484352,5.4484352,5.4484352,5.4484352,5.4484352,5.4484352,5.4484352,5.4484352,SINAPI_familias_e_coeficientes_2025_06.xlsx,
4981,4989,"PORTA DE ABRIR / GIRO, DE MADEIRA FOLHA MEDIA (NBR 15930) DE 1000 X 2100 MM, DE 35 MM A 40 MM DE ESPESSURA, NUCLEO SEMI-SOLIDO (SARRAFEADO), CAPA LISA EM HDF, ACABAMENTO EM LAMINADO NATURAL PARA VERNIZ",UN,REPRESENTADO,1.5185885,1.5185885,1.5185885,1.5185885,1.5185885,1.5185885,1.5185885,1.5185885,1.5185885,1.5185885,1.5185885,1.5185885,1.5185885,1.5185885,1.5185885,1.5185885,1.5185885,1.5185885,1.5185885,1.5185885,1.5185885,1.5185885,1.5185885,1.5185885,1.5185885,1.5185885,1.5185885,SINAPI_familias_e_coeficientes_2025_06.xlsx,
4981,4982,"PORTA DE ABRIR / GIRO, DE MADEIRA FOLHA MEDIA (NBR 15930) DE 1000 X 2100 MM, DE 35 MM A 40 MM DE ESPESSURA, NUCLEO SEMI-SOLIDO (SARRAFEADO), CAPA LISA EM HDF, ACABAMENTO EM PRIMER PARA PINTURA",UN,REPRESENTADO,1.4243646,1.4243646,1.4243646,1.4243646,1.4243646,1.4243646,1.4243646,1.4243646,1.4243646,1.4243646,1.4243646,1.4243646,1.4243646,1.4243646,1.4243646,1.4243646,1.4243646,1.4243646,1.4243646,1.4243646,1.4243646,1.4243646,1.4243646,1.4243646,1.4243646,1.4243646,1.4243646,SINAPI_familias_e_coeficientes_2025_06.xlsx,
4981,4962,"PORTA DE ABRIR / GIRO, DE MADEIRA FOLHA MEDIA (NBR 15930) DE 700 X 2100 MM, DE 35 MM A 40 MM DE ESPESSURA, NUCLEO SEMI-SOLIDO (SARRAFEADO), CAPA FRISADA EM HDF, ACABAMENTO MELAMINICO EM PADRAO MADEIRA",UN,REPRESENTADO,1.1232934,1.1232934,1.1232934,1.1232934,1.1232934,1.1232934,1.1232934,1.1232934,1.1232934,1.1232934,1.1232934,1.1232934,1.1232934,1.1232934,1.1232934,1.1232934,1.1232934,1.1232934,1.1232934,1.1232934,1.1232934,1.1232934,1.1232934,1.1232934,1.1232934,1.1232934,1.1232934,SINAPI_familias_e_coeficientes_2025_06.xlsx,
4981,4964,"PORTA DE ABRIR / GIRO, DE MADEIRA FOLHA MEDIA (NBR 15930) DE 800 X 2100 MM, DE 35 MM A 40 MM DE ESPESSURA, NUCLEO SEMI-SOLIDO (SARRAFEADO), CAPA FRISADA EM HDF, ACABAMENTO MELAMINICO EM PADRAO MADEIRA",UN,REPRESENTADO,1.268641,1.268641,1.268641,1.268641,1.268641,1.268641,1.268641,1.268641,1.268641,1.268641,1.268641,1.268641,1.268641,1.268641,1.268641,1.268641,1.268641,1.268641,1.268641,1.268641,1.268641,1.268641,1.268641,1.268641,1.268641,1.268641,1.268641,SINAPI_familias_e_coeficientes_2025_06.xlsx,
4981,4992,"PORTA DE ABRIR / GIRO, DE MADEIRA FOLHA MEDIA (NBR 15930) DE 800 X 2100 MM, DE 35 MM A 40 MM DE ESPESSURA, NUCLEO SEMI-SOLIDO (SARRAFEADO), CAPA LISA EM HDF, ACABAMENTO EM LAMINADO NATURAL PARA VERNIZ",UN,REPRESENTADO,1.2392355,1.2392355,1.2392355,1.2392355,1.2392355,1.2392355,1.2392355,1.2392355,1.2392355,1.2392355,1.2392355,1.2392355,1.2392355,1.2392355,1.2392355,1.2392355,1.2392355,1.2392355,1.2392355,1.2392355,1.2392355,1.2392355,1.2392355,1.2392355,1.2392355,1.2392355,1.2392355,SINAPI_familias_e_coeficientes_2025_06.xlsx,
4981,4987,"PORTA DE ABRIR / GIRO, DE MADEIRA FOLHA MEDIA (NBR 15930) DE 900 X 2100 MM, DE 35 MM A 40 MM DE ESPESSURA, NUCLEO SEMI-SOLIDO (SARRAFEADO), CAPA LISA EM HDF, ACABAMENTO EM LAMINADO NATURAL PARA VERNIZ",UN,REPRESENTADO,1.4177694,1.4177694,1.4177694,1.4177694,1.4177694,1.4177694,1.4177694,1.4177694,1.4177694,1.4177694,1.4177694,1.4177694,1.4177694,1.4177694,1.4177694,1.4177694,1.4177694,1.4177694,1.4177694,1.4177694,1.4177694,1.4177694,1.4177694,1.4177694,1.4177694,1.4177694,1.4177694,SINAPI_familias_e_coeficientes_2025_06.xlsx,
4981,11364,"PORTA DE MADEIRA, FOLHA LEVE (NBR 15930) DE 600 X 2100 MM, DE 35 MM A 40 MM DE ESPESSURA, NUCLEO COLMEIA, CAPA LISA EM HDF, ACABAMENTO EM PRIMER PARA PINTURA",UN,REPRESENTADO,0.8591052,0.8591052,0.8591052,0.8591052,0.8591052,0.8591052,0.8591052,0.8591052,0.8591052,0.8591052,0.8591052,0.8591052,0.8591052,0.8591052,0.8591052,0.8591052,0.8591052,0.8591052,0.8591052,0.8591052,0.8591052,0.8591052,0.8591052,0.8591052,0.8591052,0.8591052,0.8591052,SINAPI_familias_e_coeficientes_2025_06.xlsx,
4981,11365,"PORTA DE MADEIRA, FOLHA LEVE (NBR 15930) DE 700 X 2100 MM, DE 35 MM A 40 MM DE ESPESSURA, NUCLEO COLMEIA, CAPA LISA EM HDF, ACABAMENTO EM PRIMER PARA PINTURA",UN,REPRESENTADO,0.8915354,0.8915354,0.8915354,0.8915354,0.8915354,0.8915354,0.8915354,0.8915354,0.8915354,0.8915354,0.8915354,0.8915354,0.8915354,0.8915354,0.8915354,0.8915354,0.8915354,0.8915354,0.8915354,0.8915354,0.8915354,0.8915354,0.8915354,0.8915354,0.8915354,0.8915354,0.8915354,SINAPI_familias_e_coeficientes_2025_06.xlsx,
4981,11366,"PORTA DE MADEIRA, FOLHA LEVE (NBR 15930) DE 800 X 2100 MM, DE 35 MM A 40 MM DE ESPESSURA, NUCLEO COLMEIA, CAPA LISA EM HDF, ACABAMENTO EM PRIMER PARA PINTURA",UN,REPRESENTADO,0.9477001,0.9477001,0.9477001,0.9477001,0.9477001,0.9477001,0.9477001,0.9477001,0.9477001,0.9477001,0.9477001,0.9477001,0.9477001,0.9477001,0.9477001,0.9477001,0.9477001,0.9477001,0.9477001,0.9477001,0.9477001,0.9477001,0.9477001,0.9477001,0.9477001,0.9477001,0.9477001,SINAPI_familias_e_coeficientes_2025_06.xlsx,
4981,43777,"PORTA DE MADEIRA, FOLHA LEVE (NBR 15930), DE 600 X 2100 MM, E = 35 MM, NUCLEO COLMEIA, CAPA LISA EM HDF, ACABAMENTO MELAMINICO EM PADRAO MADEIRA",UN,REPRESENTADO,1.1132115,1.1132115,1.1132115,1.1132115,1.1132115,1.1132115,1.1132115,1.1132115,1.1132115,1.1132115,1.1132115,1.1132115,1.1132115,1.1132115,1.1132115,1.1132115,1.1132115,1.1132115,1.1132115,1.1132115,1.1132115,1.1132115,1.1132115,1.1132115,1.1132115,1.1132115,1.1132115,SINAPI_familias_e_coeficientes_2025_06.xlsx,
4981,20322,"PORTA DE MADEIRA, FOLHA MEDIA (NBR 15930) DE 600 X 2100 MM, DE 35 MM A 40 MM DE ESPESSURA, NUCLEO SEMI-SOLIDO (SARRAFEADO), CAPA FRISADA EM HDF, ACABAMENTO MELAMINICO EM PADRAO MADEIRA",UN,REPRESENTADO,1.0333963,1.0333963,1.0333963,1.0333963,1.0333963,1.0333963,1.0333963,1.0333963,1.0333963,1.0333963,1.0333963,1.0333963,1.0333963,1.0333963,1.0333963,1.0333963,1.0333963,1.0333963,1.0333963,1.0333963,1.0333963,1.0333963,1.0333963,1.0333963,1.0333963,1.0333963,1.0333963,SINAPI_familias_e_coeficientes_2025_06.xlsx,
4981,10553,"PORTA DE MADEIRA, FOLHA MEDIA (NBR 15930) DE 600 X 2100 MM, DE 35 MM A 40 MM DE ESPESSURA, NUCLEO SEMI-SOLIDO (SARRAFEADO), CAPA LISA EM HDF, ACABAMENTO EM PRIMER PARA PINTURA",UN,REPRESENTADO,0.9383323,0.9383323,0.9383323,0.9383323,0.9383323,0.9383323,0.9383323,0.9383323,0.9383323,0.9383323,0.9383323,0.9383323,0.9383323,0.9383323,0.9383323,0.9383323,0.9383323,0.9383323,0.9383323,0.9383323,0.9383323,0.9383323,0.9383323,0.9383323,0.9383323,0.9383323,0.9383323,SINAPI_familias_e_coeficientes_2025_06.xlsx,
4981,5020,"PORTA DE MADEIRA, FOLHA MEDIA (NBR 15930) DE 600 X 2100 MM, DE 35 MM A 40 MM DE ESPESSURA, NUCLEO SEMI-SOLIDO (SARRAFEADO), CAPA LISA EM HDF, ACABAMENTO LAMINADO NATURAL PARA VERNIZ",UN,REPRESENTADO,0.989288,0.989288,0.989288,0.989288,0.989288,0.989288,0.989288,0.989288,0.989288,0.989288,0.989288,0.989288,0.989288,0.989288,0.989288,0.989288,0.989288,0.989288,0.989288,0.989288,0.989288,0.989288,0.989288,0.989288,0.989288,0.989288,0.989288,SINAPI_familias_e_coeficientes_2025_06.xlsx,
4981,10554,"PORTA DE MADEIRA, FOLHA MEDIA (NBR 15930) DE 700 X 2100 MM, DE 35 MM A 40 MM DE ESPESSURA, NUCLEO SEMI-SOLIDO (SARRAFEADO), CAPA LISA EM HDF, ACABAMENTO EM PRIMER PARA PINTURA",UN,REPRESENTADO,0.9466499,0.9466499,0.9466499,0.9466499,0.9466499,0.9466499,0.9466499,0.9466499,0.9466499,0.9466499,0.9466499,0.9466499,0.9466499,0.9466499,0.9466499,0.9466499,0.9466499,0.9466499,0.9466499,0.9466499,0.9466499,0.9466499,0.9466499,0.9466499,0.9466499,0.9466499,0.9466499,SINAPI_familias_e_coeficientes_2025_06.xlsx,
4981,10555,"PORTA DE MADEIRA, FOLHA MEDIA (NBR 15930) DE 800 X 2100 MM, DE 35 MM A 40 MM DE ESPESSURA, NUCLEO SEMI-SOLIDO (SARRAFEADO), CAPA LISA EM HDF, ACABAMENTO EM PRIMER PARA PINTURA",UN,REPRESENTADO,1.0323461,1.0323461,1.0323461,1.0323461,1.0323461,1.0323461,1.0323461,1.0323461,1.0323461,1.0323461,1.0323461,1.0323461,1.0323461,1.0323461,1.0323461,1.0323461,1.0323461,1.0323461,1.0323461,1.0323461,1.0323461,1.0323461,1.0323461,1.0323461,1.0323461,1.0323461,1.0323461,SINAPI_familias_e_coeficientes_2025_06.xlsx,
4981,10556,"PORTA DE MADEIRA, FOLHA MEDIA (NBR 15930) DE 900 X 2100 MM, DE 35 MM A 40 MM DE ESPESSURA, NUCLEO SEMI-SOLIDO (SARRAFEADO), CAPA LISA EM HDF, ACABAMENTO EM PRIMER PARA PINTURA",UN,REPRESENTADO,1.3726108,1.3726108,1.3726108,1.3726108,1.3726108,1.3726108,1.3726108,1.3726108,1.3726108,1.3726108,1.3726108,1.3726108,1.3726108,1.3726108,1.3726108,1.3726108,1.3726108,1.3726108,1.3726108,1.3726108,1.3726108,1.3726108,1.3726108,1.3726108,1.3726108,1.3726108,1.3726108,SINAPI_familias_e_coeficientes_2025_06.xlsx,
4981,39502,"PORTA DE MADEIRA, FOLHA PESADA (NBR 15930) DE 800 X 2100 MM, DE 40 MM A 45 MM DE ESPESSURA, NUCLEO SOLIDO, CAPA LISA EM HDF, ACABAMENTO EM LAMINADO NATURAL PARA VERNIZ",UN,REPRESENTADO,1.9274522,1.9274522,1.9274522,1.9274522,1.9274522,1.9274522,1.9274522,1.9274522,1.9274522,1.9274522,1.9274522,1.9274522,1.9274522,1.9274522,1.9274522,1.9274522,1.9274522,1.9274522,1.9274522,1.9274522,1.9274522,1.9274522,1.9274522,1.9274522,1.9274522,1.9274522,1.9274522,SINAPI_familias_e_coeficientes_2025_06.xlsx,
4981,39504,"PORTA DE MADEIRA, FOLHA PESADA (NBR 15930) DE 800 X 2100 MM, DE 40 MM A 45 MM DE ESPESSURA, NUCLEO SOLIDO, CAPA LISA EM HDF, ACABAMENTO EM PRIMER PARA PINTURA",UN,REPRESENTADO,2.131401,2.131401,2.131401,2.131401,2.131401,2.131401,2.131401,2.131401,2.131401,2.131401,2.131401,2.131401,2.131401,2.131401,2.131401,2.131401,2.131401,2.131401,2.131401,2.131401,2.131401,2.131401,2.131401,2.131401,2.131401,2.131401,2.131401,SINAPI_familias_e_coeficientes_2025_06.xlsx,
4981,39503,"PORTA DE MADEIRA, FOLHA PESADA (NBR 15930) DE 900 X 2100 MM, DE 40 MM A 45 MM DE ESPESSURA, NUCLEO SOLIDO, CAPA LISA EM HDF, ACABAMENTO EM LAMINADO NATURAL PARA VERNIZ",UN,REPRESENTADO,2.2432262,2.2432262,2.2432262,2.2432262,2.2432262,2.2432262,2.2432262,2.2432262,2.2432262,2.2432262,2.2432262,2.2432262,2.2432262,2.2432262,2.2432262,2.2432262,2.2432262,2.2432262,2.2432262,2.2432262,2.2432262,2.2432262,2.2432262,2.2432262,2.2432262,2.2432262,2.2432262,SINAPI_familias_e_coeficientes_2025_06.xlsx,
4981,39505,"PORTA DE MADEIRA, FOLHA PESADA (NBR 15930) DE 900 X 2100 MM, DE 40 MM A 45 MM DE ESPESSURA, NUCLEO SOLIDO, CAPA LISA EM HDF, ACABAMENTO EM PRIMER PARA PINTURA",UN,REPRESENTADO,2.4173913,2.4173913,2.4173913,2.4173913,2.4173913,2.4173913,2.4173913,2.4173913,2.4173913,2.4173913,2.4173913,2.4173913,2.4173913,2.4173913,2.4173913,2.4173913,2.4173913,2.4173913,2.4173913,2.4173913,2.4173913,2.4173913,2.4173913,2.4173913,2.4173913,2.4173913,2.4173913,SINAPI_familias_e_coeficientes_2025_06.xlsx,
5031,5031,"VIDRO TEMPERADO INCOLOR PARA PORTA DE ABRIR, E = 10 MM (SEM FERRAGENS E SEM COLOCACAO)",M2,REPRESENTATIVO,1,1,1,1,1,1,1,1,1,1,1,1,1,1,1,1,1,1,1,1,1,1,1,1,1,1,1,SINAPI_familias_e_coeficientes_2025_06.xlsx,
5031,34713,"PORTA VIDRO TEMPERADO INCOLOR, 2 FOLHAS DE CORRER, E = 10 MM (SEM FERRAGENS E SEM COLOCACAO)",M2,REPRESENTADO,0.9479921,0.9479921,0.9479921,0.9479921,0.9479921,0.9479921,0.9479921,0.9479921,0.9479921,0.9479921,0.9479921,0.9479921,0.9479921,0.9479921,0.9479921,0.9479921,0.9479921,0.9479921,0.9479921,0.9479921,0.9479921,0.9479921,0.9479921,0.9479921,0.9479921,0.9479921,0.9479921,SINAPI_familias_e_coeficientes_2025_06.xlsx,
5031,10507,"VIDRO TEMPERADO INCOLOR E = 10 MM, SEM COLOCACAO",M2,REPRESENTADO,0.9245556,0.9245556,0.9245556,0.9245556,0.9245556,0.9245556,0.9245556,0.9245556,0.9245556,0.9245556,0.9245556,0.9245556,0.9245556,0.9245556,0.9245556,0.9245556,0.9245556,0.9245556,0.9245556,0.9245556,0.9245556,0.9245556,0.9245556,0.9245556,0.9245556,0.9245556,0.9245556,SINAPI_familias_e_coeficientes_2025_06.xlsx,
5031,10505,"VIDRO TEMPERADO INCOLOR E = 6 MM, SEM COLOCACAO",M2,REPRESENTADO,0.5455563,0.5455563,0.5455563,0.5455563,0.5455563,0.5455563,0.5455563,0.5455563,0.5455563,0.5455563,0.5455563,0.5455563,0.5455563,0.5455563,0.5455563,0.5455563,0.5455563,0.5455563,0.5455563,0.5455563,0.5455563,0.5455563,0.5455563,0.5455563,0.5455563,0.5455563,0.5455563,SINAPI_familias_e_coeficientes_2025_06.xlsx,
5031,10506,"VIDRO TEMPERADO INCOLOR E = 8 MM, SEM COLOCACAO",M2,REPRESENTADO,0.7121791,0.7121791,0.7121791,0.7121791,0.7121791,0.7121791,0.7121791,0.7121791,0.7121791,0.7121791,0.7121791,0.7121791,0.7121791,0.7121791,0.7121791,0.7121791,0.7121791,0.7121791,0.7121791,0.7121791,0.7121791,0.7121791,0.7121791,0.7121791,0.7121791,0.7121791,0.7121791,SINAPI_familias_e_coeficientes_2025_06.xlsx,
5031,10502,"VIDRO TEMPERADO VERDE E = 10 MM, SEM COLOCACAO",M2,REPRESENTADO,1.1652403,1.1652403,1.1652403,1.1652403,1.1652403,1.1652403,1.1652403,1.1652403,1.1652403,1.1652403,1.1652403,1.1652403,1.1652403,1.1652403,1.1652403,1.1652403,1.1652403,1.1652403,1.1652403,1.1652403,1.1652403,1.1652403,1.1652403,1.1652403,1.1652403,1.1652403,1.1652403,SINAPI_familias_e_coeficientes_2025_06.xlsx,
5031,10501,"VIDRO TEMPERADO VERDE E = 6 MM, SEM COLOCACAO",M2,REPRESENTADO,0.6583278,0.6583278,0.6583278,0.6583278,0.6583278,0.6583278,0.6583278,0.6583278,0.6583278,0.6583278,0.6583278,0.6583278,0.6583278,0.6583278,0.6583278,0.6583278,0.6583278,0.6583278,0.6583278,0.6583278,0.6583278,0.6583278,0.6583278,0.6583278,0.6583278,0.6583278,0.6583278,SINAPI_familias_e_coeficientes_2025_06.xlsx,
5031,10503,"VIDRO TEMPERADO VERDE E = 8 MM, SEM COLOCACAO",M2,REPRESENTADO,0.8894009,0.8894009,0.8894009,0.8894009,0.8894009,0.8894009,0.8894009,0.8894009,0.8894009,0.8894009,0.8894009,0.8894009,0.8894009,0.8894009,0.8894009,0.8894009,0.8894009,0.8894009,0.8894009,0.8894009,0.8894009,0.8894009,0.8894009,0.8894009,0.8894009,0.8894009,0.8894009,SINAPI_familias_e_coeficientes_2025_06.xlsx,
5033,5033,"POSTE DE CONCRETO ARMADO DE SECAO DUPLO T, EXTENSAO DE 9,00 M, RESISTENCIA DE 300 A 400 DAN, TIPO B OU D",UN,REPRESENTATIVO,1,1,1,1,1,1,1,1,1,1,1,1,1,1,1,1,1,1,1,1,1,1,1,1,1,1,1,SINAPI_familias_e_coeficientes_2025_06.xlsx,
5033,34519,"CRUZETA DE CONCRETO LEVE, COMP. 2000 MM SECAO, 90 X 90 MM",UN,REPRESENTADO,0.1012829,0.1012829,0.1012829,0.1012829,0.1012829,0.1012829,0.1012829,0.1012829,0.1012829,0.1012829,0.1012829,0.1012829,0.1012829,0.1012829,0.1012829,0.1012829,0.1012829,0.1012829,0.1012829,0.1012829,0.1012829,0.1012829,0.1012829,0.1012829,0.1012829,0.1012829,0.1012829,SINAPI_familias_e_coeficientes_2025_06.xlsx,
5033,12366,"POSTE DE CONCRETO ARMADO DE SECAO CIRCULAR, EXTENSAO DE 10,00 M, RESISTENCIA DE 150 A 200 DAN, TIPO C-14",UN,REPRESENTADO,1.29237,1.29237,1.29237,1.29237,1.29237,1.29237,1.29237,1.29237,1.29237,1.29237,1.29237,1.29237,1.29237,1.29237,1.29237,1.29237,1.29237,1.29237,1.29237,1.29237,1.29237,1.29237,1.29237,1.29237,1.29237,1.29237,1.29237,SINAPI_familias_e_coeficientes_2025_06.xlsx,
5033,5045,"POSTE DE CONCRETO ARMADO DE SECAO CIRCULAR, EXTENSAO DE 11,00 M, RESISTENCIA DE 200 A 300 DAN, TIPO C-14",UN,REPRESENTADO,1.7853342,1.7853342,1.7853342,1.7853342,1.7853342,1.7853342,1.7853342,1.7853342,1.7853342,1.7853342,1.7853342,1.7853342,1.7853342,1.7853342,1.7853342,1.7853342,1.7853342,1.7853342,1.7853342,1.7853342,1.7853342,1.7853342,1.7853342,1.7853342,1.7853342,1.7853342,1.7853342,SINAPI_familias_e_coeficientes_2025_06.xlsx,
5033,5035,"POSTE DE CONCRETO ARMADO DE SECAO CIRCULAR, EXTENSAO DE 11,00 M, RESISTENCIA DE 300 A 400 DAN, TIPO C-17",UN,REPRESENTADO,2.0527076,2.0527076,2.0527076,2.0527076,2.0527076,2.0527076,2.0527076,2.0527076,2.0527076,2.0527076,2.0527076,2.0527076,2.0527076,2.0527076,2.0527076,2.0527076,2.0527076,2.0527076,2.0527076,2.0527076,2.0527076,2.0527076,2.0527076,2.0527076,2.0527076,2.0527076,2.0527076,SINAPI_familias_e_coeficientes_2025_06.xlsx,
5033,41180,"POSTE DE CONCRETO ARMADO DE SECAO CIRCULAR, EXTENSAO DE 13,00 M, RESISTENCIA DE 1000 DAN, TIPO C-23",UN,REPRESENTADO,4.6144497,4.6144497,4.6144497,4.6144497,4.6144497,4.6144497,4.6144497,4.6144497,4.6144497,4.6144497,4.6144497,4.6144497,4.6144497,4.6144497,4.6144497,4.6144497,4.6144497,4.6144497,4.6144497,4.6144497,4.6144497,4.6144497,4.6144497,4.6144497,4.6144497,4.6144497,4.6144497,SINAPI_familias_e_coeficientes_2025_06.xlsx,
5033,41181,"POSTE DE CONCRETO ARMADO DE SECAO CIRCULAR, EXTENSAO DE 13,00 M, RESISTENCIA DE 1500 DAN, TIPO C-29",UN,REPRESENTADO,6.1093856,6.1093856,6.1093856,6.1093856,6.1093856,6.1093856,6.1093856,6.1093856,6.1093856,6.1093856,6.1093856,6.1093856,6.1093856,6.1093856,6.1093856,6.1093856,6.1093856,6.1093856,6.1093856,6.1093856,6.1093856,6.1093856,6.1093856,6.1093856,6.1093856,6.1093856,6.1093856,SINAPI_familias_e_coeficientes_2025_06.xlsx,
5033,41182,"POSTE DE CONCRETO ARMADO DE SECAO CIRCULAR, EXTENSAO DE 13,00 M, RESISTENCIA DE 2000 DAN, TIPO C-29",UN,REPRESENTADO,8.7644159,8.7644159,8.7644159,8.7644159,8.7644159,8.7644159,8.7644159,8.7644159,8.7644159,8.7644159,8.7644159,8.7644159,8.7644159,8.7644159,8.7644159,8.7644159,8.7644159,8.7644159,8.7644159,8.7644159,8.7644159,8.7644159,8.7644159,8.7644159,8.7644159,8.7644159,8.7644159,SINAPI_familias_e_coeficientes_2025_06.xlsx,
5033,41183,"POSTE DE CONCRETO ARMADO DE SECAO CIRCULAR, EXTENSAO DE 13,00 M, RESISTENCIA DE 2500 DAN, TIPO C-29",UN,REPRESENTADO,10.9425523,10.9425523,10.9425523,10.9425523,10.9425523,10.9425523,10.9425523,10.9425523,10.9425523,10.9425523,10.9425523,10.9425523,10.9425523,10.9425523,10.9425523,10.9425523,10.9425523,10.9425523,10.9425523,10.9425523,10.9425523,10.9425523,10.9425523,10.9425523,10.9425523,10.9425523,10.9425523,SINAPI_familias_e_coeficientes_2025_06.xlsx,
5033,41184,"POSTE DE CONCRETO ARMADO DE SECAO CIRCULAR, EXTENSAO DE 13,00 M, RESISTENCIA DE 3000 DAN, TIPO C-29",UN,REPRESENTADO,16.6607022,16.6607022,16.6607022,16.6607022,16.6607022,16.6607022,16.6607022,16.6607022,16.6607022,16.6607022,16.6607022,16.6607022,16.6607022,16.6607022,16.6607022,16.6607022,16.6607022,16.6607022,16.6607022,16.6607022,16.6607022,16.6607022,16.6607022,16.6607022,16.6607022,16.6607022,16.6607022,SINAPI_familias_e_coeficientes_2025_06.xlsx,
5033,41185,"POSTE DE CONCRETO ARMADO DE SECAO CIRCULAR, EXTENSAO DE 14,00 M, RESISTENCIA DE 1000 DAN, TIPO C-23",UN,REPRESENTADO,6.1785415,6.1785415,6.1785415,6.1785415,6.1785415,6.1785415,6.1785415,6.1785415,6.1785415,6.1785415,6.1785415,6.1785415,6.1785415,6.1785415,6.1785415,6.1785415,6.1785415,6.1785415,6.1785415,6.1785415,6.1785415,6.1785415,6.1785415,6.1785415,6.1785415,6.1785415,6.1785415,SINAPI_familias_e_coeficientes_2025_06.xlsx,
5033,41186,"POSTE DE CONCRETO ARMADO DE SECAO CIRCULAR, EXTENSAO DE 14,00 M, RESISTENCIA DE 1500 DAN, TIPO C-29",UN,REPRESENTADO,8.6585078,8.6585078,8.6585078,8.6585078,8.6585078,8.6585078,8.6585078,8.6585078,8.6585078,8.6585078,8.6585078,8.6585078,8.6585078,8.6585078,8.6585078,8.6585078,8.6585078,8.6585078,8.6585078,8.6585078,8.6585078,8.6585078,8.6585078,8.6585078,8.6585078,8.6585078,8.6585078,SINAPI_familias_e_coeficientes_2025_06.xlsx,
5033,41187,"POSTE DE CONCRETO ARMADO DE SECAO CIRCULAR, EXTENSAO DE 14,00 M, RESISTENCIA DE 2000 DAN, TIPO C-29",UN,REPRESENTADO,11.6117758,11.6117758,11.6117758,11.6117758,11.6117758,11.6117758,11.6117758,11.6117758,11.6117758,11.6117758,11.6117758,11.6117758,11.6117758,11.6117758,11.6117758,11.6117758,11.6117758,11.6117758,11.6117758,11.6117758,11.6117758,11.6117758,11.6117758,11.6117758,11.6117758,11.6117758,11.6117758,SINAPI_familias_e_coeficientes_2025_06.xlsx,
5033,41188,"POSTE DE CONCRETO ARMADO DE SECAO CIRCULAR, EXTENSAO DE 14,00 M, RESISTENCIA DE 2500 DAN, TIPO C-29",UN,REPRESENTADO,14.8488724,14.8488724,14.8488724,14.8488724,14.8488724,14.8488724,14.8488724,14.8488724,14.8488724,14.8488724,14.8488724,14.8488724,14.8488724,14.8488724,14.8488724,14.8488724,14.8488724,14.8488724,14.8488724,14.8488724,14.8488724,14.8488724,14.8488724,14.8488724,14.8488724,14.8488724,14.8488724,SINAPI_familias_e_coeficientes_2025_06.xlsx,
5033,5036,"POSTE DE CONCRETO ARMADO DE SECAO CIRCULAR, EXTENSAO DE 14,00 M, RESISTENCIA DE 300 A 400 DAN, TIPO C-17",UN,REPRESENTADO,3.1492235,3.1492235,3.1492235,3.1492235,3.1492235,3.1492235,3.1492235,3.1492235,3.1492235,3.1492235,3.1492235,3.1492235,3.1492235,3.1492235,3.1492235,3.1492235,3.1492235,3.1492235,3.1492235,3.1492235,3.1492235,3.1492235,3.1492235,3.1492235,3.1492235,3.1492235,3.1492235,SINAPI_familias_e_coeficientes_2025_06.xlsx,
5033,41189,"POSTE DE CONCRETO ARMADO DE SECAO CIRCULAR, EXTENSAO DE 14,00 M, RESISTENCIA DE 3000 DAN, TIPO C-29",UN,REPRESENTADO,19.0897772,19.0897772,19.0897772,19.0897772,19.0897772,19.0897772,19.0897772,19.0897772,19.0897772,19.0897772,19.0897772,19.0897772,19.0897772,19.0897772,19.0897772,19.0897772,19.0897772,19.0897772,19.0897772,19.0897772,19.0897772,19.0897772,19.0897772,19.0897772,19.0897772,19.0897772,19.0897772,SINAPI_familias_e_coeficientes_2025_06.xlsx,
5033,41190,"POSTE DE CONCRETO ARMADO DE SECAO CIRCULAR, EXTENSAO DE 15,00 M, RESISTENCIA DE 1000 DAN, TIPO C-23",UN,REPRESENTADO,6.6387576,6.6387576,6.6387576,6.6387576,6.6387576,6.6387576,6.6387576,6.6387576,6.6387576,6.6387576,6.6387576,6.6387576,6.6387576,6.6387576,6.6387576,6.6387576,6.6387576,6.6387576,6.6387576,6.6387576,6.6387576,6.6387576,6.6387576,6.6387576,6.6387576,6.6387576,6.6387576,SINAPI_familias_e_coeficientes_2025_06.xlsx,
5033,41191,"POSTE DE CONCRETO ARMADO DE SECAO CIRCULAR, EXTENSAO DE 15,00 M, RESISTENCIA DE 1500 DAN, TIPO C-29",UN,REPRESENTADO,10.1802836,10.1802836,10.1802836,10.1802836,10.1802836,10.1802836,10.1802836,10.1802836,10.1802836,10.1802836,10.1802836,10.1802836,10.1802836,10.1802836,10.1802836,10.1802836,10.1802836,10.1802836,10.1802836,10.1802836,10.1802836,10.1802836,10.1802836,10.1802836,10.1802836,10.1802836,10.1802836,SINAPI_familias_e_coeficientes_2025_06.xlsx,
5033,41192,"POSTE DE CONCRETO ARMADO DE SECAO CIRCULAR, EXTENSAO DE 15,00 M, RESISTENCIA DE 2000 DAN, TIPO C-29",UN,REPRESENTADO,10.6128697,10.6128697,10.6128697,10.6128697,10.6128697,10.6128697,10.6128697,10.6128697,10.6128697,10.6128697,10.6128697,10.6128697,10.6128697,10.6128697,10.6128697,10.6128697,10.6128697,10.6128697,10.6128697,10.6128697,10.6128697,10.6128697,10.6128697,10.6128697,10.6128697,10.6128697,10.6128697,SINAPI_familias_e_coeficientes_2025_06.xlsx,
5033,41193,"POSTE DE CONCRETO ARMADO DE SECAO CIRCULAR, EXTENSAO DE 15,00 M, RESISTENCIA DE 2500 DAN, TIPO C-29",UN,REPRESENTADO,17.3410736,17.3410736,17.3410736,17.3410736,17.3410736,17.3410736,17.3410736,17.3410736,17.3410736,17.3410736,17.3410736,17.3410736,17.3410736,17.3410736,17.3410736,17.3410736,17.3410736,17.3410736,17.3410736,17.3410736,17.3410736,17.3410736,17.3410736,17.3410736,17.3410736,17.3410736,17.3410736,SINAPI_familias_e_coeficientes_2025_06.xlsx,
5033,41194,"POSTE DE CONCRETO ARMADO DE SECAO CIRCULAR, EXTENSAO DE 15,00 M, RESISTENCIA DE 3000 DAN, TIPO C-29",UN,REPRESENTADO,20.6918298,20.6918298,20.6918298,20.6918298,20.6918298,20.6918298,20.6918298,20.6918298,20.6918298,20.6918298,20.6918298,20.6918298,20.6918298,20.6918298,20.6918298,20.6918298,20.6918298,20.6918298,20.6918298,20.6918298,20.6918298,20.6918298,20.6918298,20.6918298,20.6918298,20.6918298,20.6918298,SINAPI_familias_e_coeficientes_2025_06.xlsx,
5033,5044,"POSTE DE CONCRETO ARMADO DE SECAO CIRCULAR, EXTENSAO DE 9,00 M, RESISTENCIA DE 200 A 300 DAN, TIPO C-14",UN,REPRESENTADO,1.1134369,1.1134369,1.1134369,1.1134369,1.1134369,1.1134369,1.1134369,1.1134369,1.1134369,1.1134369,1.1134369,1.1134369,1.1134369,1.1134369,1.1134369,1.1134369,1.1134369,1.1134369,1.1134369,1.1134369,1.1134369,1.1134369,1.1134369,1.1134369,1.1134369,1.1134369,1.1134369,SINAPI_familias_e_coeficientes_2025_06.xlsx,
5033,5059,"POSTE DE CONCRETO ARMADO DE SECAO CIRCULAR, EXTENSAO DE 9,00 M, RESISTENCIA DE 300 A 400 DAN, TIPO C-17",UN,REPRESENTADO,1.3315327,1.3315327,1.3315327,1.3315327,1.3315327,1.3315327,1.3315327,1.3315327,1.3315327,1.3315327,1.3315327,1.3315327,1.3315327,1.3315327,1.3315327,1.3315327,1.3315327,1.3315327,1.3315327,1.3315327,1.3315327,1.3315327,1.3315327,1.3315327,1.3315327,1.3315327,1.3315327,SINAPI_familias_e_coeficientes_2025_06.xlsx,
5033,41201,"POSTE DE CONCRETO ARMADO DE SECAO DUPLO T, EXTENSAO DE 10,00 M, RESISTENCIA DE 1000 DAN, TIPO B-1,5",UN,REPRESENTADO,2.7022282,2.7022282,2.7022282,2.7022282,2.7022282,2.7022282,2.7022282,2.7022282,2.7022282,2.7022282,2.7022282,2.7022282,2.7022282,2.7022282,2.7022282,2.7022282,2.7022282,2.7022282,2.7022282,2.7022282,2.7022282,2.7022282,2.7022282,2.7022282,2.7022282,2.7022282,2.7022282,SINAPI_familias_e_coeficientes_2025_06.xlsx,
5033,41199,"POSTE DE CONCRETO ARMADO DE SECAO DUPLO T, EXTENSAO DE 10,00 M, RESISTENCIA DE 150 DAN, TIPO D",UN,REPRESENTADO,0.8683322,0.8683322,0.8683322,0.8683322,0.8683322,0.8683322,0.8683322,0.8683322,0.8683322,0.8683322,0.8683322,0.8683322,0.8683322,0.8683322,0.8683322,0.8683322,0.8683322,0.8683322,0.8683322,0.8683322,0.8683322,0.8683322,0.8683322,0.8683322,0.8683322,0.8683322,0.8683322,SINAPI_familias_e_coeficientes_2025_06.xlsx,
5033,5057,"POSTE DE CONCRETO ARMADO DE SECAO DUPLO T, EXTENSAO DE 10,00 M, RESISTENCIA DE 300 A 400 DAN, TIPO B OU D",UN,REPRESENTADO,1.1755571,1.1755571,1.1755571,1.1755571,1.1755571,1.1755571,1.1755571,1.1755571,1.1755571,1.1755571,1.1755571,1.1755571,1.1755571,1.1755571,1.1755571,1.1755571,1.1755571,1.1755571,1.1755571,1.1755571,1.1755571,1.1755571,1.1755571,1.1755571,1.1755571,1.1755571,1.1755571,SINAPI_familias_e_coeficientes_2025_06.xlsx,
5033,41200,"POSTE DE CONCRETO ARMADO DE SECAO DUPLO T, EXTENSAO DE 10,00 M, RESISTENCIA DE 600 DAN, TIPO B",UN,REPRESENTADO,1.6900743,1.6900743,1.6900743,1.6900743,1.6900743,1.6900743,1.6900743,1.6900743,1.6900743,1.6900743,1.6900743,1.6900743,1.6900743,1.6900743,1.6900743,1.6900743,1.6900743,1.6900743,1.6900743,1.6900743,1.6900743,1.6900743,1.6900743,1.6900743,1.6900743,1.6900743,1.6900743,SINAPI_familias_e_coeficientes_2025_06.xlsx,
5033,41205,"POSTE DE CONCRETO ARMADO DE SECAO DUPLO T, EXTENSAO DE 11,00 M, RESISTENCIA DE 1000 DAN, TIPO B-1,5",UN,REPRESENTADO,3.1316678,3.1316678,3.1316678,3.1316678,3.1316678,3.1316678,3.1316678,3.1316678,3.1316678,3.1316678,3.1316678,3.1316678,3.1316678,3.1316678,3.1316678,3.1316678,3.1316678,3.1316678,3.1316678,3.1316678,3.1316678,3.1316678,3.1316678,3.1316678,3.1316678,3.1316678,3.1316678,SINAPI_familias_e_coeficientes_2025_06.xlsx,
5033,41202,"POSTE DE CONCRETO ARMADO DE SECAO DUPLO T, EXTENSAO DE 11,00 M, RESISTENCIA DE 150 DAN, TIPO D",UN,REPRESENTADO,0.913842,0.913842,0.913842,0.913842,0.913842,0.913842,0.913842,0.913842,0.913842,0.913842,0.913842,0.913842,0.913842,0.913842,0.913842,0.913842,0.913842,0.913842,0.913842,0.913842,0.913842,0.913842,0.913842,0.913842,0.913842,0.913842,0.913842,SINAPI_familias_e_coeficientes_2025_06.xlsx,
5033,41206,"POSTE DE CONCRETO ARMADO DE SECAO DUPLO T, EXTENSAO DE 11,00 M, RESISTENCIA DE 1500 DAN, TIPO B-3,0",UN,REPRESENTADO,4.1289669,4.1289669,4.1289669,4.1289669,4.1289669,4.1289669,4.1289669,4.1289669,4.1289669,4.1289669,4.1289669,4.1289669,4.1289669,4.1289669,4.1289669,4.1289669,4.1289669,4.1289669,4.1289669,4.1289669,4.1289669,4.1289669,4.1289669,4.1289669,4.1289669,4.1289669,4.1289669,SINAPI_familias_e_coeficientes_2025_06.xlsx,
5033,12372,"POSTE DE CONCRETO ARMADO DE SECAO DUPLO T, EXTENSAO DE 11,00 M, RESISTENCIA DE 200 DAN, TIPO D",UN,REPRESENTADO,0.9595409,0.9595409,0.9595409,0.9595409,0.9595409,0.9595409,0.9595409,0.9595409,0.9595409,0.9595409,0.9595409,0.9595409,0.9595409,0.9595409,0.9595409,0.9595409,0.9595409,0.9595409,0.9595409,0.9595409,0.9595409,0.9595409,0.9595409,0.9595409,0.9595409,0.9595409,0.9595409,SINAPI_familias_e_coeficientes_2025_06.xlsx,
5033,41207,"POSTE DE CONCRETO ARMADO DE SECAO DUPLO T, EXTENSAO DE 11,00 M, RESISTENCIA DE 2000 DAN, TIPO B-4,5",UN,REPRESENTADO,5.5584065,5.5584065,5.5584065,5.5584065,5.5584065,5.5584065,5.5584065,5.5584065,5.5584065,5.5584065,5.5584065,5.5584065,5.5584065,5.5584065,5.5584065,5.5584065,5.5584065,5.5584065,5.5584065,5.5584065,5.5584065,5.5584065,5.5584065,5.5584065,5.5584065,5.5584065,5.5584065,SINAPI_familias_e_coeficientes_2025_06.xlsx,
5033,41203,"POSTE DE CONCRETO ARMADO DE SECAO DUPLO T, EXTENSAO DE 11,00 M, RESISTENCIA DE 300 DAN, TIPO B",UN,REPRESENTADO,1.4638758,1.4638758,1.4638758,1.4638758,1.4638758,1.4638758,1.4638758,1.4638758,1.4638758,1.4638758,1.4638758,1.4638758,1.4638758,1.4638758,1.4638758,1.4638758,1.4638758,1.4638758,1.4638758,1.4638758,1.4638758,1.4638758,1.4638758,1.4638758,1.4638758,1.4638758,1.4638758,SINAPI_familias_e_coeficientes_2025_06.xlsx,
5033,41204,"POSTE DE CONCRETO ARMADO DE SECAO DUPLO T, EXTENSAO DE 11,00 M, RESISTENCIA DE 600 DAN, TIPO B",UN,REPRESENTADO,2.0695476,2.0695476,2.0695476,2.0695476,2.0695476,2.0695476,2.0695476,2.0695476,2.0695476,2.0695476,2.0695476,2.0695476,2.0695476,2.0695476,2.0695476,2.0695476,2.0695476,2.0695476,2.0695476,2.0695476,2.0695476,2.0695476,2.0695476,2.0695476,2.0695476,2.0695476,2.0695476,SINAPI_familias_e_coeficientes_2025_06.xlsx,
5033,41210,"POSTE DE CONCRETO ARMADO DE SECAO DUPLO T, EXTENSAO DE 12,00 M, RESISTENCIA DE 1000 DAN, TIPO B-1,5",UN,REPRESENTADO,3.4571236,3.4571236,3.4571236,3.4571236,3.4571236,3.4571236,3.4571236,3.4571236,3.4571236,3.4571236,3.4571236,3.4571236,3.4571236,3.4571236,3.4571236,3.4571236,3.4571236,3.4571236,3.4571236,3.4571236,3.4571236,3.4571236,3.4571236,3.4571236,3.4571236,3.4571236,3.4571236,SINAPI_familias_e_coeficientes_2025_06.xlsx,
5033,41208,"POSTE DE CONCRETO ARMADO DE SECAO DUPLO T, EXTENSAO DE 12,00 M, RESISTENCIA DE 150 DAN, TIPO D",UN,REPRESENTADO,1.2101958,1.2101958,1.2101958,1.2101958,1.2101958,1.2101958,1.2101958,1.2101958,1.2101958,1.2101958,1.2101958,1.2101958,1.2101958,1.2101958,1.2101958,1.2101958,1.2101958,1.2101958,1.2101958,1.2101958,1.2101958,1.2101958,1.2101958,1.2101958,1.2101958,1.2101958,1.2101958,SINAPI_familias_e_coeficientes_2025_06.xlsx,
5033,41211,"POSTE DE CONCRETO ARMADO DE SECAO DUPLO T, EXTENSAO DE 12,00 M, RESISTENCIA DE 1500 DAN, TIPO B-3,0",UN,REPRESENTADO,4.8710331,4.8710331,4.8710331,4.8710331,4.8710331,4.8710331,4.8710331,4.8710331,4.8710331,4.8710331,4.8710331,4.8710331,4.8710331,4.8710331,4.8710331,4.8710331,4.8710331,4.8710331,4.8710331,4.8710331,4.8710331,4.8710331,4.8710331,4.8710331,4.8710331,4.8710331,4.8710331,SINAPI_familias_e_coeficientes_2025_06.xlsx,
5033,13339,"POSTE DE CONCRETO ARMADO DE SECAO DUPLO T, EXTENSAO DE 12,00 M, RESISTENCIA DE 300 A 400 DAN, TIPO B OU D",UN,REPRESENTADO,1.640108,1.640108,1.640108,1.640108,1.640108,1.640108,1.640108,1.640108,1.640108,1.640108,1.640108,1.640108,1.640108,1.640108,1.640108,1.640108,1.640108,1.640108,1.640108,1.640108,1.640108,1.640108,1.640108,1.640108,1.640108,1.640108,1.640108,SINAPI_familias_e_coeficientes_2025_06.xlsx,
5033,41213,"POSTE DE CONCRETO ARMADO DE SECAO DUPLO T, EXTENSAO DE 12,00 M, RESISTENCIA DE 3000 DAN, TIPO B-6,0",UN,REPRESENTADO,10.0964551,10.0964551,10.0964551,10.0964551,10.0964551,10.0964551,10.0964551,10.0964551,10.0964551,10.0964551,10.0964551,10.0964551,10.0964551,10.0964551,10.0964551,10.0964551,10.0964551,10.0964551,10.0964551,10.0964551,10.0964551,10.0964551,10.0964551,10.0964551,10.0964551,10.0964551,10.0964551,SINAPI_familias_e_coeficientes_2025_06.xlsx,
5033,41209,"POSTE DE CONCRETO ARMADO DE SECAO DUPLO T, EXTENSAO DE 12,00 M, RESISTENCIA DE 600 DAN, TIPO B",UN,REPRESENTADO,2.2565834,2.2565834,2.2565834,2.2565834,2.2565834,2.2565834,2.2565834,2.2565834,2.2565834,2.2565834,2.2565834,2.2565834,2.2565834,2.2565834,2.2565834,2.2565834,2.2565834,2.2565834,2.2565834,2.2565834,2.2565834,2.2565834,2.2565834,2.2565834,2.2565834,2.2565834,2.2565834,SINAPI_familias_e_coeficientes_2025_06.xlsx,
5033,41216,"POSTE DE CONCRETO ARMADO DE SECAO DUPLO T, EXTENSAO DE 13,00 M, RESISTENCIA DE 1000 DAN, TIPO B-1,5",UN,REPRESENTADO,4.2268737,4.2268737,4.2268737,4.2268737,4.2268737,4.2268737,4.2268737,4.2268737,4.2268737,4.2268737,4.2268737,4.2268737,4.2268737,4.2268737,4.2268737,4.2268737,4.2268737,4.2268737,4.2268737,4.2268737,4.2268737,4.2268737,4.2268737,4.2268737,4.2268737,4.2268737,4.2268737,SINAPI_familias_e_coeficientes_2025_06.xlsx,
5033,41217,"POSTE DE CONCRETO ARMADO DE SECAO DUPLO T, EXTENSAO DE 13,00 M, RESISTENCIA DE 1500 DAN, TIPO B-3,0",UN,REPRESENTADO,6.7771776,6.7771776,6.7771776,6.7771776,6.7771776,6.7771776,6.7771776,6.7771776,6.7771776,6.7771776,6.7771776,6.7771776,6.7771776,6.7771776,6.7771776,6.7771776,6.7771776,6.7771776,6.7771776,6.7771776,6.7771776,6.7771776,6.7771776,6.7771776,6.7771776,6.7771776,6.7771776,SINAPI_familias_e_coeficientes_2025_06.xlsx,
5033,41218,"POSTE DE CONCRETO ARMADO DE SECAO DUPLO T, EXTENSAO DE 13,00 M, RESISTENCIA DE 2000 DAN, TIPO B-4,5",UN,REPRESENTADO,9.0883997,9.0883997,9.0883997,9.0883997,9.0883997,9.0883997,9.0883997,9.0883997,9.0883997,9.0883997,9.0883997,9.0883997,9.0883997,9.0883997,9.0883997,9.0883997,9.0883997,9.0883997,9.0883997,9.0883997,9.0883997,9.0883997,9.0883997,9.0883997,9.0883997,9.0883997,9.0883997,SINAPI_familias_e_coeficientes_2025_06.xlsx,
5033,41214,"POSTE DE CONCRETO ARMADO DE SECAO DUPLO T, EXTENSAO DE 13,00 M, RESISTENCIA DE 300 DAN, TIPO B",UN,REPRESENTADO,1.9162728,1.9162728,1.9162728,1.9162728,1.9162728,1.9162728,1.9162728,1.9162728,1.9162728,1.9162728,1.9162728,1.9162728,1.9162728,1.9162728,1.9162728,1.9162728,1.9162728,1.9162728,1.9162728,1.9162728,1.9162728,1.9162728,1.9162728,1.9162728,1.9162728,1.9162728,1.9162728,SINAPI_familias_e_coeficientes_2025_06.xlsx,
5033,41215,"POSTE DE CONCRETO ARMADO DE SECAO DUPLO T, EXTENSAO DE 13,00 M, RESISTENCIA DE 600 DAN, TIPO B",UN,REPRESENTADO,2.8852127,2.8852127,2.8852127,2.8852127,2.8852127,2.8852127,2.8852127,2.8852127,2.8852127,2.8852127,2.8852127,2.8852127,2.8852127,2.8852127,2.8852127,2.8852127,2.8852127,2.8852127,2.8852127,2.8852127,2.8852127,2.8852127,2.8852127,2.8852127,2.8852127,2.8852127,2.8852127,SINAPI_familias_e_coeficientes_2025_06.xlsx,
5033,41221,"POSTE DE CONCRETO ARMADO DE SECAO DUPLO T, EXTENSAO DE 15,00 M, RESISTENCIA DE 1500 DAN, TIPO B-3,0",UN,REPRESENTADO,8.3541661,8.3541661,8.3541661,8.3541661,8.3541661,8.3541661,8.3541661,8.3541661,8.3541661,8.3541661,8.3541661,8.3541661,8.3541661,8.3541661,8.3541661,8.3541661,8.3541661,8.3541661,8.3541661,8.3541661,8.3541661,8.3541661,8.3541661,8.3541661,8.3541661,8.3541661,8.3541661,SINAPI_familias_e_coeficientes_2025_06.xlsx,
5033,41222,"POSTE DE CONCRETO ARMADO DE SECAO DUPLO T, EXTENSAO DE 15,00 M, RESISTENCIA DE 2000 DAN, TIPO B-4,5",UN,REPRESENTADO,11.9549088,11.9549088,11.9549088,11.9549088,11.9549088,11.9549088,11.9549088,11.9549088,11.9549088,11.9549088,11.9549088,11.9549088,11.9549088,11.9549088,11.9549088,11.9549088,11.9549088,11.9549088,11.9549088,11.9549088,11.9549088,11.9549088,11.9549088,11.9549088,11.9549088,11.9549088,11.9549088,SINAPI_familias_e_coeficientes_2025_06.xlsx,
5033,41195,"POSTE DE CONCRETO ARMADO DE SECAO DUPLO T, EXTENSAO DE 8,00 M, RESISTENCIA DE 150 DAN, TIPO D",UN,REPRESENTADO,0.6144497,0.6144497,0.6144497,0.6144497,0.6144497,0.6144497,0.6144497,0.6144497,0.6144497,0.6144497,0.6144497,0.6144497,0.6144497,0.6144497,0.6144497,0.6144497,0.6144497,0.6144497,0.6144497,0.6144497,0.6144497,0.6144497,0.6144497,0.6144497,0.6144497,0.6144497,0.6144497,SINAPI_familias_e_coeficientes_2025_06.xlsx,
5033,41198,"POSTE DE CONCRETO ARMADO DE SECAO DUPLO T, EXTENSAO DE 9,00 M, RESISTENCIA DE 1000 DAN, TIPO B-1,5",UN,REPRESENTADO,2.4011209,2.4011209,2.4011209,2.4011209,2.4011209,2.4011209,2.4011209,2.4011209,2.4011209,2.4011209,2.4011209,2.4011209,2.4011209,2.4011209,2.4011209,2.4011209,2.4011209,2.4011209,2.4011209,2.4011209,2.4011209,2.4011209,2.4011209,2.4011209,2.4011209,2.4011209,2.4011209,SINAPI_familias_e_coeficientes_2025_06.xlsx,
5033,41196,"POSTE DE CONCRETO ARMADO DE SECAO DUPLO T, EXTENSAO DE 9,00 M, RESISTENCIA DE 150 DAN, TIPO D",UN,REPRESENTADO,0.7616475,0.7616475,0.7616475,0.7616475,0.7616475,0.7616475,0.7616475,0.7616475,0.7616475,0.7616475,0.7616475,0.7616475,0.7616475,0.7616475,0.7616475,0.7616475,0.7616475,0.7616475,0.7616475,0.7616475,0.7616475,0.7616475,0.7616475,0.7616475,0.7616475,0.7616475,0.7616475,SINAPI_familias_e_coeficientes_2025_06.xlsx,
5033,41197,"POSTE DE CONCRETO ARMADO DE SECAO DUPLO T, EXTENSAO DE 9,00 M, RESISTENCIA DE 600 DAN, TIPO B",UN,REPRESENTADO,1.4853747,1.4853747,1.4853747,1.4853747,1.4853747,1.4853747,1.4853747,1.4853747,1.4853747,1.4853747,1.4853747,1.4853747,1.4853747,1.4853747,1.4853747,1.4853747,1.4853747,1.4853747,1.4853747,1.4853747,1.4853747,1.4853747,1.4853747,1.4853747,1.4853747,1.4853747,1.4853747,SINAPI_familias_e_coeficientes_2025_06.xlsx,
5052,5052,"POSTE CONICO CONTINUO EM ACO GALVANIZADO, CURVO, BRACO SIMPLES, FLANGEADO, H = 7 M, DIAMETRO INFERIOR = *125* MM",UN,REPRESENTATIVO,1,1,1,1,1,1,1,1,1,1,1,1,1,1,1,1,1,1,1,1,1,1,1,1,1,1,1,SINAPI_familias_e_coeficientes_2025_06.xlsx,
5052,25398,"CONJUNTO PARA FUTSAL COM PAR DE TRAVES OFICIAIS DE 3,00 X 2,00 M EM TUBO DE ACO GALVANIZADO 3"" COM REQUADROS EM TUBO DE 1"", PINTURA EM PRIMER COM TINTA ESMALTE SINTETICO E REDES DE POLIETILENO FIO 4 MM",UN,REPRESENTADO,3.0761159,3.0761159,3.0761159,3.0761159,3.0761159,3.0761159,3.0761159,3.0761159,3.0761159,3.0761159,3.0761159,3.0761159,3.0761159,3.0761159,3.0761159,3.0761159,3.0761159,3.0761159,3.0761159,3.0761159,3.0761159,3.0761159,3.0761159,3.0761159,3.0761159,3.0761159,3.0761159,SINAPI_familias_e_coeficientes_2025_06.xlsx,
5052,25399,"CONJUNTO PARA QUADRA DE VOLEI COM POSTES EM TUBO DE ACO GALVANIZADO 3"", H = *255* CM, PINTURA EM TINTA ESMALTE SINTETICO, REDE DE NYLON COM 2 MM, MALHA 10 X 10 CM E ANTENAS OFICIAIS EM FIBRA DE VIDRO",UN,REPRESENTADO,1.8674715,1.8674715,1.8674715,1.8674715,1.8674715,1.8674715,1.8674715,1.8674715,1.8674715,1.8674715,1.8674715,1.8674715,1.8674715,1.8674715,1.8674715,1.8674715,1.8674715,1.8674715,1.8674715,1.8674715,1.8674715,1.8674715,1.8674715,1.8674715,1.8674715,1.8674715,1.8674715,SINAPI_familias_e_coeficientes_2025_06.xlsx,
5052,14164,"POSTE CONICO CONTINUO EM ACO GALVANIZADO, CURVO, BRACO DUPLO, ENGASTADO, H = 9 M, DIAMETRO INFERIOR/BASE = *135* MM",UN,REPRESENTADO,1.3885103,1.3885103,1.3885103,1.3885103,1.3885103,1.3885103,1.3885103,1.3885103,1.3885103,1.3885103,1.3885103,1.3885103,1.3885103,1.3885103,1.3885103,1.3885103,1.3885103,1.3885103,1.3885103,1.3885103,1.3885103,1.3885103,1.3885103,1.3885103,1.3885103,1.3885103,1.3885103,SINAPI_familias_e_coeficientes_2025_06.xlsx,
5052,14163,"POSTE CONICO CONTINUO EM ACO GALVANIZADO, CURVO, BRACO DUPLO, FLANGEADO, H = 9 M, DIAMETRO INFERIOR = *135* MM",UN,REPRESENTADO,1.5781326,1.5781326,1.5781326,1.5781326,1.5781326,1.5781326,1.5781326,1.5781326,1.5781326,1.5781326,1.5781326,1.5781326,1.5781326,1.5781326,1.5781326,1.5781326,1.5781326,1.5781326,1.5781326,1.5781326,1.5781326,1.5781326,1.5781326,1.5781326,1.5781326,1.5781326,1.5781326,SINAPI_familias_e_coeficientes_2025_06.xlsx,
5052,5051,"POSTE CONICO CONTINUO EM ACO GALVANIZADO, CURVO, BRACO SIMPLES, ENGASTADO, H = 9 M, DIAMETRO INFERIOR = *135* MM",UN,REPRESENTADO,1.3421812,1.3421812,1.3421812,1.3421812,1.3421812,1.3421812,1.3421812,1.3421812,1.3421812,1.3421812,1.3421812,1.3421812,1.3421812,1.3421812,1.3421812,1.3421812,1.3421812,1.3421812,1.3421812,1.3421812,1.3421812,1.3421812,1.3421812,1.3421812,1.3421812,1.3421812,1.3421812,SINAPI_familias_e_coeficientes_2025_06.xlsx,
5052,14162,"POSTE CONICO CONTINUO EM ACO GALVANIZADO, CURVO, BRACO SIMPLES, FLANGEADO, H = 9 M, DIAMETRO INFERIOR = *135* MM",UN,REPRESENTADO,1.3402327,1.3402327,1.3402327,1.3402327,1.3402327,1.3402327,1.3402327,1.3402327,1.3402327,1.3402327,1.3402327,1.3402327,1.3402327,1.3402327,1.3402327,1.3402327,1.3402327,1.3402327,1.3402327,1.3402327,1.3402327,1.3402327,1.3402327,1.3402327,1.3402327,1.3402327,1.3402327,SINAPI_familias_e_coeficientes_2025_06.xlsx,
5052,14166,"POSTE CONICO CONTINUO EM ACO GALVANIZADO, RETO, ENGASTADO, H = 7 M, DIAMETRO INFERIOR = *125* MM",UN,REPRESENTADO,1.0126996,1.0126996,1.0126996,1.0126996,1.0126996,1.0126996,1.0126996,1.0126996,1.0126996,1.0126996,1.0126996,1.0126996,1.0126996,1.0126996,1.0126996,1.0126996,1.0126996,1.0126996,1.0126996,1.0126996,1.0126996,1.0126996,1.0126996,1.0126996,1.0126996,1.0126996,1.0126996,SINAPI_familias_e_coeficientes_2025_06.xlsx,
5052,14165,"POSTE CONICO CONTINUO EM ACO GALVANIZADO, RETO, ENGASTADO, H = 9 M, DIAMETRO INFERIOR = *145* MM",UN,REPRESENTADO,1.4029541,1.4029541,1.4029541,1.4029541,1.4029541,1.4029541,1.4029541,1.4029541,1.4029541,1.4029541,1.4029541,1.4029541,1.4029541,1.4029541,1.4029541,1.4029541,1.4029541,1.4029541,1.4029541,1.4029541,1.4029541,1.4029541,1.4029541,1.4029541,1.4029541,1.4029541,1.4029541,SINAPI_familias_e_coeficientes_2025_06.xlsx,
5052,5050,"POSTE CONICO CONTINUO EM ACO GALVANIZADO, RETO, FLANGEADO, H = 3 M, DIAMETRO INFERIOR = *95* MM",UN,REPRESENTADO,0.3453016,0.3453016,0.3453016,0.3453016,0.3453016,0.3453016,0.3453016,0.3453016,0.3453016,0.3453016,0.3453016,0.3453016,0.3453016,0.3453016,0.3453016,0.3453016,0.3453016,0.3453016,0.3453016,0.3453016,0.3453016,0.3453016,0.3453016,0.3453016,0.3453016,0.3453016,0.3453016,SINAPI_familias_e_coeficientes_2025_06.xlsx,
5052,12388,"POSTE DECORATIVO PARA JARDIM EM ACO TUBULAR, SEM LUMINARIA, H = *2,5* M",UN,REPRESENTADO,0.204393,0.204393,0.204393,0.204393,0.204393,0.204393,0.204393,0.204393,0.204393,0.204393,0.204393,0.204393,0.204393,0.204393,0.204393,0.204393,0.204393,0.204393,0.204393,0.204393,0.204393,0.204393,0.204393,0.204393,0.204393,0.204393,0.204393,SINAPI_familias_e_coeficientes_2025_06.xlsx,
5061,5061,PREGO DE ACO POLIDO COM CABECA 18 X 27 (2 1/2 X 10),KG,REPRESENTATIVO,1,1,1,1,1,1,1,1,1,1,1,1,1,1,1,1,1,1,1,1,1,1,1,1,1,1,1,SINAPI_familias_e_coeficientes_2025_06.xlsx,
5061,5076,"GRAMPO DE ACO POLIDO 1"" X 9",KG,REPRESENTADO,1.0277778,1.0277778,1.0277778,1.0277778,1.0277778,1.0277778,1.0277778,1.0277778,1.0277778,1.0277778,1.0277778,1.0277778,1.0277778,1.0277778,1.0277778,1.0277778,1.0277778,1.0277778,1.0277778,1.0277778,1.0277778,1.0277778,1.0277778,1.0277778,1.0277778,1.0277778,1.0277778,SINAPI_familias_e_coeficientes_2025_06.xlsx,
5061,5077,"GRAMPO DE ACO POLIDO 7/8"" X 9",KG,REPRESENTADO,1.1358025,1.1358025,1.1358025,1.1358025,1.1358025,1.1358025,1.1358025,1.1358025,1.1358025,1.1358025,1.1358025,1.1358025,1.1358025,1.1358025,1.1358025,1.1358025,1.1358025,1.1358025,1.1358025,1.1358025,1.1358025,1.1358025,1.1358025,1.1358025,1.1358025,1.1358025,1.1358025,SINAPI_familias_e_coeficientes_2025_06.xlsx,
5061,5065,PREGO DE ACO POLIDO COM CABECA 10 X 10 (7/8 X 17),KG,REPRESENTADO,1.9351852,1.9351852,1.9351852,1.9351852,1.9351852,1.9351852,1.9351852,1.9351852,1.9351852,1.9351852,1.9351852,1.9351852,1.9351852,1.9351852,1.9351852,1.9351852,1.9351852,1.9351852,1.9351852,1.9351852,1.9351852,1.9351852,1.9351852,1.9351852,1.9351852,1.9351852,1.9351852,SINAPI_familias_e_coeficientes_2025_06.xlsx,
5061,5072,PREGO DE ACO POLIDO COM CABECA 10 X 11 (1 X 17),KG,REPRESENTADO,1.7901235,1.7901235,1.7901235,1.7901235,1.7901235,1.7901235,1.7901235,1.7901235,1.7901235,1.7901235,1.7901235,1.7901235,1.7901235,1.7901235,1.7901235,1.7901235,1.7901235,1.7901235,1.7901235,1.7901235,1.7901235,1.7901235,1.7901235,1.7901235,1.7901235,1.7901235,1.7901235,SINAPI_familias_e_coeficientes_2025_06.xlsx,
5061,5066,PREGO DE ACO POLIDO COM CABECA 12 X 12,KG,REPRESENTADO,1.340535,1.340535,1.340535,1.340535,1.340535,1.340535,1.340535,1.340535,1.340535,1.340535,1.340535,1.340535,1.340535,1.340535,1.340535,1.340535,1.340535,1.340535,1.340535,1.340535,1.340535,1.340535,1.340535,1.340535,1.340535,1.340535,1.340535,SINAPI_familias_e_coeficientes_2025_06.xlsx,
5061,5063,PREGO DE ACO POLIDO COM CABECA 14 X 18 (1 1/2 X 14),KG,REPRESENTADO,1.2139918,1.2139918,1.2139918,1.2139918,1.2139918,1.2139918,1.2139918,1.2139918,1.2139918,1.2139918,1.2139918,1.2139918,1.2139918,1.2139918,1.2139918,1.2139918,1.2139918,1.2139918,1.2139918,1.2139918,1.2139918,1.2139918,1.2139918,1.2139918,1.2139918,1.2139918,1.2139918,SINAPI_familias_e_coeficientes_2025_06.xlsx,
5061,20247,PREGO DE ACO POLIDO COM CABECA 15 X 15 (1 1/4 X 13),KG,REPRESENTADO,1.1265432,1.1265432,1.1265432,1.1265432,1.1265432,1.1265432,1.1265432,1.1265432,1.1265432,1.1265432,1.1265432,1.1265432,1.1265432,1.1265432,1.1265432,1.1265432,1.1265432,1.1265432,1.1265432,1.1265432,1.1265432,1.1265432,1.1265432,1.1265432,1.1265432,1.1265432,1.1265432,SINAPI_familias_e_coeficientes_2025_06.xlsx,
5061,5074,PREGO DE ACO POLIDO COM CABECA 15 X 18 (1 1/2 X 13),KG,REPRESENTADO,1.1399177,1.1399177,1.1399177,1.1399177,1.1399177,1.1399177,1.1399177,1.1399177,1.1399177,1.1399177,1.1399177,1.1399177,1.1399177,1.1399177,1.1399177,1.1399177,1.1399177,1.1399177,1.1399177,1.1399177,1.1399177,1.1399177,1.1399177,1.1399177,1.1399177,1.1399177,1.1399177,SINAPI_familias_e_coeficientes_2025_06.xlsx,
5061,5067,PREGO DE ACO POLIDO COM CABECA 16 X 24 (2 1/4 X 12),KG,REPRESENTADO,1.0843621,1.0843621,1.0843621,1.0843621,1.0843621,1.0843621,1.0843621,1.0843621,1.0843621,1.0843621,1.0843621,1.0843621,1.0843621,1.0843621,1.0843621,1.0843621,1.0843621,1.0843621,1.0843621,1.0843621,1.0843621,1.0843621,1.0843621,1.0843621,1.0843621,1.0843621,1.0843621,SINAPI_familias_e_coeficientes_2025_06.xlsx,
5061,5078,PREGO DE ACO POLIDO COM CABECA 16 X 27 (2 1/2 X 12),KG,REPRESENTADO,1.0720165,1.0720165,1.0720165,1.0720165,1.0720165,1.0720165,1.0720165,1.0720165,1.0720165,1.0720165,1.0720165,1.0720165,1.0720165,1.0720165,1.0720165,1.0720165,1.0720165,1.0720165,1.0720165,1.0720165,1.0720165,1.0720165,1.0720165,1.0720165,1.0720165,1.0720165,1.0720165,SINAPI_familias_e_coeficientes_2025_06.xlsx,
5061,5068,PREGO DE ACO POLIDO COM CABECA 17 X 21 (2 X 11),KG,REPRESENTADO,1.0174897,1.0174897,1.0174897,1.0174897,1.0174897,1.0174897,1.0174897,1.0174897,1.0174897,1.0174897,1.0174897,1.0174897,1.0174897,1.0174897,1.0174897,1.0174897,1.0174897,1.0174897,1.0174897,1.0174897,1.0174897,1.0174897,1.0174897,1.0174897,1.0174897,1.0174897,1.0174897,SINAPI_familias_e_coeficientes_2025_06.xlsx,
5061,5073,PREGO DE ACO POLIDO COM CABECA 17 X 24 (2 1/4 X 11),KG,REPRESENTADO,1.037037,1.037037,1.037037,1.037037,1.037037,1.037037,1.037037,1.037037,1.037037,1.037037,1.037037,1.037037,1.037037,1.037037,1.037037,1.037037,1.037037,1.037037,1.037037,1.037037,1.037037,1.037037,1.037037,1.037037,1.037037,1.037037,1.037037,SINAPI_familias_e_coeficientes_2025_06.xlsx,
5061,5069,PREGO DE ACO POLIDO COM CABECA 17 X 27 (2 1/2 X 11),KG,REPRESENTADO,1.037037,1.037037,1.037037,1.037037,1.037037,1.037037,1.037037,1.037037,1.037037,1.037037,1.037037,1.037037,1.037037,1.037037,1.037037,1.037037,1.037037,1.037037,1.037037,1.037037,1.037037,1.037037,1.037037,1.037037,1.037037,1.037037,1.037037,SINAPI_familias_e_coeficientes_2025_06.xlsx,
5061,5070,PREGO DE ACO POLIDO COM CABECA 17 X 30 (2 3/4 X 11),KG,REPRESENTADO,1.0483539,1.0483539,1.0483539,1.0483539,1.0483539,1.0483539,1.0483539,1.0483539,1.0483539,1.0483539,1.0483539,1.0483539,1.0483539,1.0483539,1.0483539,1.0483539,1.0483539,1.0483539,1.0483539,1.0483539,1.0483539,1.0483539,1.0483539,1.0483539,1.0483539,1.0483539,1.0483539,SINAPI_familias_e_coeficientes_2025_06.xlsx,
5061,5071,PREGO DE ACO POLIDO COM CABECA 18 X 24 (2 1/4 X 10),KG,REPRESENTADO,1.0174897,1.0174897,1.0174897,1.0174897,1.0174897,1.0174897,1.0174897,1.0174897,1.0174897,1.0174897,1.0174897,1.0174897,1.0174897,1.0174897,1.0174897,1.0174897,1.0174897,1.0174897,1.0174897,1.0174897,1.0174897,1.0174897,1.0174897,1.0174897,1.0174897,1.0174897,1.0174897,SINAPI_familias_e_coeficientes_2025_06.xlsx,
5061,5075,PREGO DE ACO POLIDO COM CABECA 18 X 30 (2 3/4 X 10),KG,REPRESENTADO,1.0174897,1.0174897,1.0174897,1.0174897,1.0174897,1.0174897,1.0174897,1.0174897,1.0174897,1.0174897,1.0174897,1.0174897,1.0174897,1.0174897,1.0174897,1.0174897,1.0174897,1.0174897,1.0174897,1.0174897,1.0174897,1.0174897,1.0174897,1.0174897,1.0174897,1.0174897,1.0174897,SINAPI_familias_e_coeficientes_2025_06.xlsx,
5061,5062,PREGO DE ACO POLIDO COM CABECA 19 X 33 (3 X 9),KG,REPRESENTADO,1.0308642,1.0308642,1.0308642,1.0308642,1.0308642,1.0308642,1.0308642,1.0308642,1.0308642,1.0308642,1.0308642,1.0308642,1.0308642,1.0308642,1.0308642,1.0308642,1.0308642,1.0308642,1.0308642,1.0308642,1.0308642,1.0308642,1.0308642,1.0308642,1.0308642,1.0308642,1.0308642,SINAPI_familias_e_coeficientes_2025_06.xlsx,
5061,39027,PREGO DE ACO POLIDO COM CABECA 19 X 36 (3 1/4 X 9),KG,REPRESENTADO,1.0164609,1.0164609,1.0164609,1.0164609,1.0164609,1.0164609,1.0164609,1.0164609,1.0164609,1.0164609,1.0164609,1.0164609,1.0164609,1.0164609,1.0164609,1.0164609,1.0164609,1.0164609,1.0164609,1.0164609,1.0164609,1.0164609,1.0164609,1.0164609,1.0164609,1.0164609,1.0164609,SINAPI_familias_e_coeficientes_2025_06.xlsx,
5061,40568,PREGO DE ACO POLIDO COM CABECA 22 X 48 (4 1/4 X 5),KG,REPRESENTADO,1.0250522,1.0250522,1.0250522,1.0250522,1.0250522,1.0250522,1.0250522,1.0250522,1.0250522,1.0250522,1.0250522,1.0250522,1.0250522,1.0250522,1.0250522,1.0250522,1.0250522,1.0250522,1.0250522,1.0250522,1.0250522,1.0250522,1.0250522,1.0250522,1.0250522,1.0250522,1.0250522,SINAPI_familias_e_coeficientes_2025_06.xlsx,
5061,40304,PREGO DE ACO POLIDO COM CABECA DUPLA 17 X 27 (2 1/2 X 11),KG,REPRESENTADO,1.2557411,1.2557411,1.2557411,1.2557411,1.2557411,1.2557411,1.2557411,1.2557411,1.2557411,1.2557411,1.2557411,1.2557411,1.2557411,1.2557411,1.2557411,1.2557411,1.2557411,1.2557411,1.2557411,1.2557411,1.2557411,1.2557411,1.2557411,1.2557411,1.2557411,1.2557411,1.2557411,SINAPI_familias_e_coeficientes_2025_06.xlsx,
5061,39026,PREGO DE ACO POLIDO SEM CABECA 15 X 15 (1 1/4 X 13),KG,REPRESENTADO,1.1440329,1.1440329,1.1440329,1.1440329,1.1440329,1.1440329,1.1440329,1.1440329,1.1440329,1.1440329,1.1440329,1.1440329,1.1440329,1.1440329,1.1440329,1.1440329,1.1440329,1.1440329,1.1440329,1.1440329,1.1440329,1.1440329,1.1440329,1.1440329,1.1440329,1.1440329,1.1440329,SINAPI_familias_e_coeficientes_2025_06.xlsx,
5090,5090,"CADEADO SIMPLES, CORPO EM LATAO MACICO, COM LARGURA DE 25 MM E ALTURA DE APROX 25 MM, HASTE CEMENTADA (NAO LONGA), EM ACO TEMPERADO COM DIAMETRO DE APROX 5,0 MM, INCLUINDO 2 CHAVES",UN,REPRESENTATIVO,1,1,1,1,1,1,1,1,1,1,1,1,1,1,1,1,1,1,1,1,1,1,1,1,1,1,1,SINAPI_familias_e_coeficientes_2025_06.xlsx,
5090,38167,"BORBOLETA PARA JANELA TIPO GUILHOTINA, EM ZAMAC CROMADO",PAR,REPRESENTADO,1.3625654,1.3625654,1.3625654,1.3625654,1.3625654,1.3625654,1.3625654,1.3625654,1.3625654,1.3625654,1.3625654,1.3625654,1.3625654,1.3625654,1.3625654,1.3625654,1.3625654,1.3625654,1.3625654,1.3625654,1.3625654,1.3625654,1.3625654,1.3625654,1.3625654,1.3625654,1.3625654,SINAPI_familias_e_coeficientes_2025_06.xlsx,
5090,5085,"CADEADO SIMPLES, CORPO EM LATAO MACICO, COM LARGURA DE 35 MM E ALTURA DE APROX 30 MM, HASTE CEMENTADA (NAO LONGA), EM ACO TEMPERADO COM DIAMETRO DE APROX 6,0 MM, INCLUINDO 2 CHAVES",UN,REPRESENTADO,1.4888743,1.4888743,1.4888743,1.4888743,1.4888743,1.4888743,1.4888743,1.4888743,1.4888743,1.4888743,1.4888743,1.4888743,1.4888743,1.4888743,1.4888743,1.4888743,1.4888743,1.4888743,1.4888743,1.4888743,1.4888743,1.4888743,1.4888743,1.4888743,1.4888743,1.4888743,1.4888743,SINAPI_familias_e_coeficientes_2025_06.xlsx,
5090,43603,"CADEADO SIMPLES, CORPO EM LATAO MACICO, COM LARGURA DE 50 MM E ALTURA DE APROX 40 MM, HASTE CEMENTADA EM ACO TEMPERADO COM DIAMETRO DE APROX 8,0 MM, INCLUINDO 2 CHAVES",UN,REPRESENTADO,2.1269634,2.1269634,2.1269634,2.1269634,2.1269634,2.1269634,2.1269634,2.1269634,2.1269634,2.1269634,2.1269634,2.1269634,2.1269634,2.1269634,2.1269634,2.1269634,2.1269634,2.1269634,2.1269634,2.1269634,2.1269634,2.1269634,2.1269634,2.1269634,2.1269634,2.1269634,2.1269634,SINAPI_familias_e_coeficientes_2025_06.xlsx,
5090,5091,"CARRANCA PARA JANELA VENEZIANA DE ABRIR, EM LATAO CROMADO, SIMPLES, PARA APARAFUSAR NA PAREDE",UN,REPRESENTADO,0.9765396,0.9765396,0.9765396,0.9765396,0.9765396,0.9765396,0.9765396,0.9765396,0.9765396,0.9765396,0.9765396,0.9765396,0.9765396,0.9765396,0.9765396,0.9765396,0.9765396,0.9765396,0.9765396,0.9765396,0.9765396,0.9765396,0.9765396,0.9765396,0.9765396,0.9765396,0.9765396,SINAPI_familias_e_coeficientes_2025_06.xlsx,
5090,38169,"CONJUNTO DE FERRAGENS PIVO, PARA PORTA PIVOTANTE DE ATE 100 KG, REGULAVEL COM ESFERA, CROMADO - SUPERIOR E INFERIOR - COMPLETO",CJ,REPRESENTADO,3.952346,3.952346,3.952346,3.952346,3.952346,3.952346,3.952346,3.952346,3.952346,3.952346,3.952346,3.952346,3.952346,3.952346,3.952346,3.952346,3.952346,3.952346,3.952346,3.952346,3.952346,3.952346,3.952346,3.952346,3.952346,3.952346,3.952346,SINAPI_familias_e_coeficientes_2025_06.xlsx,
5090,5086,"CORRENTE DE ELO CURTO COMUM, SOLDADA, GALVANIZADA, ESPESSURA DO ELO = 1/2"" (12,5 MM)",KG,REPRESENTADO,1.6363636,1.6363636,1.6363636,1.6363636,1.6363636,1.6363636,1.6363636,1.6363636,1.6363636,1.6363636,1.6363636,1.6363636,1.6363636,1.6363636,1.6363636,1.6363636,1.6363636,1.6363636,1.6363636,1.6363636,1.6363636,1.6363636,1.6363636,1.6363636,1.6363636,1.6363636,1.6363636,SINAPI_familias_e_coeficientes_2025_06.xlsx,
5090,43590,"CREMONA RETANGULAR INJETADA LISA COM CHAVE, COM CASTANHA / ALCA, EM LATAO, COM ACABAMENTO CROMADO, DE SOBREPOR / EMBUTIR",UN,REPRESENTADO,7.6066754,7.6066754,7.6066754,7.6066754,7.6066754,7.6066754,7.6066754,7.6066754,7.6066754,7.6066754,7.6066754,7.6066754,7.6066754,7.6066754,7.6066754,7.6066754,7.6066754,7.6066754,7.6066754,7.6066754,7.6066754,7.6066754,7.6066754,7.6066754,7.6066754,7.6066754,7.6066754,SINAPI_familias_e_coeficientes_2025_06.xlsx,
5090,43589,"CREMONA RETANGULAR INJETADA LISA, COM CASTANHA / ALCA, EM LATAO, COM ACABAMENTO CROMADO, DE SOBREPOR / EMBUTIR",UN,REPRESENTADO,1.3763089,1.3763089,1.3763089,1.3763089,1.3763089,1.3763089,1.3763089,1.3763089,1.3763089,1.3763089,1.3763089,1.3763089,1.3763089,1.3763089,1.3763089,1.3763089,1.3763089,1.3763089,1.3763089,1.3763089,1.3763089,1.3763089,1.3763089,1.3763089,1.3763089,1.3763089,1.3763089,SINAPI_familias_e_coeficientes_2025_06.xlsx,
5090,11558,"ESPELHO, RETO OU CURVO, EM LATAO CROMADO, ESPESSURA ATE 6 MM, LARGURA *40*MM, ALTURA *180*MM - PARA FECHADURA DE EMBUTIR",PAR,REPRESENTADO,0.7170088,0.7170088,0.7170088,0.7170088,0.7170088,0.7170088,0.7170088,0.7170088,0.7170088,0.7170088,0.7170088,0.7170088,0.7170088,0.7170088,0.7170088,0.7170088,0.7170088,0.7170088,0.7170088,0.7170088,0.7170088,0.7170088,0.7170088,0.7170088,0.7170088,0.7170088,0.7170088,SINAPI_familias_e_coeficientes_2025_06.xlsx,
5090,11557,"ESPELHO, RETO OU CURVO, EM LATAO CROMADO, ESPESSURA MINIMA 6 MM, LARGURA *43*MM, ALTURA *230*MM - PARA FECHADURA DE EMBUTIR",PAR,REPRESENTADO,1.8148827,1.8148827,1.8148827,1.8148827,1.8148827,1.8148827,1.8148827,1.8148827,1.8148827,1.8148827,1.8148827,1.8148827,1.8148827,1.8148827,1.8148827,1.8148827,1.8148827,1.8148827,1.8148827,1.8148827,1.8148827,1.8148827,1.8148827,1.8148827,1.8148827,1.8148827,1.8148827,SINAPI_familias_e_coeficientes_2025_06.xlsx,
5090,38165,"FECHO / FECHADURA COM PUXADOR CONCHA, COM TRANCA TIPO TRAVA, PARA JANELA / PORTA DE CORRER (INCLUI TESTA, FECHADURA, PUXADOR) - COMPLETA",CJ,REPRESENTADO,3.4486804,3.4486804,3.4486804,3.4486804,3.4486804,3.4486804,3.4486804,3.4486804,3.4486804,3.4486804,3.4486804,3.4486804,3.4486804,3.4486804,3.4486804,3.4486804,3.4486804,3.4486804,3.4486804,3.4486804,3.4486804,3.4486804,3.4486804,3.4486804,3.4486804,3.4486804,3.4486804,SINAPI_familias_e_coeficientes_2025_06.xlsx,
5090,38177,"FECHO / TRINCO TIPO AVIAO, EM ZAMAC CROMADO, *60* MM, PARA JANELAS - INCLUI PARAFUSOS",UN,REPRESENTADO,1.0248691,1.0248691,1.0248691,1.0248691,1.0248691,1.0248691,1.0248691,1.0248691,1.0248691,1.0248691,1.0248691,1.0248691,1.0248691,1.0248691,1.0248691,1.0248691,1.0248691,1.0248691,1.0248691,1.0248691,1.0248691,1.0248691,1.0248691,1.0248691,1.0248691,1.0248691,1.0248691,SINAPI_familias_e_coeficientes_2025_06.xlsx,
5090,11458,"FECHO DE SEGURANCA, TIPO BATOM, EM LATAO / ZAMAC, CROMADO, PARA PORTAS E JANELAS - INCLUI PARAFUSOS",UN,REPRESENTADO,1.223607,1.223607,1.223607,1.223607,1.223607,1.223607,1.223607,1.223607,1.223607,1.223607,1.223607,1.223607,1.223607,1.223607,1.223607,1.223607,1.223607,1.223607,1.223607,1.223607,1.223607,1.223607,1.223607,1.223607,1.223607,1.223607,1.223607,SINAPI_familias_e_coeficientes_2025_06.xlsx,
5090,3108,"FECHO QUEBRA UNHA, EM LATAO COM ACABAMENTO CROMADO, DE EMBUTIR, COM COMANDO ALAVANCA, ALTURA DE DE 22 CM, LARGURA MINIMA DE 1,90 CM E ESPESSURA MINIMA DE 1,90 MM, PARA PORTAS E JANELAS (INCLUI PARAFUSOS)",UN,REPRESENTADO,5.2009162,5.2009162,5.2009162,5.2009162,5.2009162,5.2009162,5.2009162,5.2009162,5.2009162,5.2009162,5.2009162,5.2009162,5.2009162,5.2009162,5.2009162,5.2009162,5.2009162,5.2009162,5.2009162,5.2009162,5.2009162,5.2009162,5.2009162,5.2009162,5.2009162,5.2009162,5.2009162,SINAPI_familias_e_coeficientes_2025_06.xlsx,
5090,3105,"FECHO QUEBRA UNHA, EM LATAO COM ACABAMENTO CROMADO, DE EMBUTIR, COM COMANDO ALAVANCA, ALTURA DE DE 40 CM, LARGURA MINIMA DE 1,90 CM E ESPESSURA MINIMA DE 1,90 MM, PARA PORTAS E JANELAS (INCLUI PARAFUSOS)",UN,REPRESENTADO,6.802356,6.802356,6.802356,6.802356,6.802356,6.802356,6.802356,6.802356,6.802356,6.802356,6.802356,6.802356,6.802356,6.802356,6.802356,6.802356,6.802356,6.802356,6.802356,6.802356,6.802356,6.802356,6.802356,6.802356,6.802356,6.802356,6.802356,SINAPI_familias_e_coeficientes_2025_06.xlsx,
5090,38178,"FECHO QUEBRA UNHA, EM LATAO COM ACABAMENTO CROMADO, DE EMBUTIR, COM COMANDO DESLIZANTE, ALTURA DE 12 CM, LARGURA MINIMA DE 1,90 CM E ESPESSURA MINIMA DE 1,90 MM",UN,REPRESENTADO,1.1276178,1.1276178,1.1276178,1.1276178,1.1276178,1.1276178,1.1276178,1.1276178,1.1276178,1.1276178,1.1276178,1.1276178,1.1276178,1.1276178,1.1276178,1.1276178,1.1276178,1.1276178,1.1276178,1.1276178,1.1276178,1.1276178,1.1276178,1.1276178,1.1276178,1.1276178,1.1276178,SINAPI_familias_e_coeficientes_2025_06.xlsx,
5090,43575,"FECHO QUEBRA UNHA, EM LATAO COM ACABAMENTO CROMADO, DE EMBUTIR, COM COMANDO DESLIZANTE, ALTURA DE 22 CM, LARGURA MINIMA DE 1,90 CM E ESPESSURA MINIMA DE 1,90 MM",UN,REPRESENTADO,2.4430628,2.4430628,2.4430628,2.4430628,2.4430628,2.4430628,2.4430628,2.4430628,2.4430628,2.4430628,2.4430628,2.4430628,2.4430628,2.4430628,2.4430628,2.4430628,2.4430628,2.4430628,2.4430628,2.4430628,2.4430628,2.4430628,2.4430628,2.4430628,2.4430628,2.4430628,2.4430628,SINAPI_familias_e_coeficientes_2025_06.xlsx,
5090,43577,"FECHO QUEBRA UNHA, EM LATAO COM ACABAMENTO CROMADO, DE EMBUTIR, COM COMANDO DESLIZANTE, ALTURA DE 40 CM, LARGURA MINIMA DE 1,90 CM E ESPESSURA MINIMA DE 1,90 MM",UN,REPRESENTADO,4.2473822,4.2473822,4.2473822,4.2473822,4.2473822,4.2473822,4.2473822,4.2473822,4.2473822,4.2473822,4.2473822,4.2473822,4.2473822,4.2473822,4.2473822,4.2473822,4.2473822,4.2473822,4.2473822,4.2473822,4.2473822,4.2473822,4.2473822,4.2473822,4.2473822,4.2473822,4.2473822,SINAPI_familias_e_coeficientes_2025_06.xlsx,
5090,3119,"FERROLHO COM FECHO / TRINCO REDONDO, EM ACO GALVANIZADO / ZINCADO, DE SOBREPOR, COM COMPRIMENTO DE 2"" E ESPESSURA MINIMA DA CHAPA DE 0,90 MM, PARA PORTAS E JANELAS",UN,REPRESENTADO,0.1325262,0.1325262,0.1325262,0.1325262,0.1325262,0.1325262,0.1325262,0.1325262,0.1325262,0.1325262,0.1325262,0.1325262,0.1325262,0.1325262,0.1325262,0.1325262,0.1325262,0.1325262,0.1325262,0.1325262,0.1325262,0.1325262,0.1325262,0.1325262,0.1325262,0.1325262,0.1325262,SINAPI_familias_e_coeficientes_2025_06.xlsx,
5090,3122,"FERROLHO COM FECHO / TRINCO REDONDO, EM ACO GALVANIZADO / ZINCADO, DE SOBREPOR, COM COMPRIMENTO DE 3"" A 4"" E ESPESSURA MINIMA DA CHAPA DE 0,90 MM",UN,REPRESENTADO,0.2696335,0.2696335,0.2696335,0.2696335,0.2696335,0.2696335,0.2696335,0.2696335,0.2696335,0.2696335,0.2696335,0.2696335,0.2696335,0.2696335,0.2696335,0.2696335,0.2696335,0.2696335,0.2696335,0.2696335,0.2696335,0.2696335,0.2696335,0.2696335,0.2696335,0.2696335,0.2696335,SINAPI_familias_e_coeficientes_2025_06.xlsx,
5090,3121,"FERROLHO COM FECHO / TRINCO REDONDO, EM ACO GALVANIZADO / ZINCADO, DE SOBREPOR, COM COMPRIMENTO DE 5"" E ESPESSURA MINIMA DA CHAPA DE 0,90 MM",UN,REPRESENTADO,0.3056283,0.3056283,0.3056283,0.3056283,0.3056283,0.3056283,0.3056283,0.3056283,0.3056283,0.3056283,0.3056283,0.3056283,0.3056283,0.3056283,0.3056283,0.3056283,0.3056283,0.3056283,0.3056283,0.3056283,0.3056283,0.3056283,0.3056283,0.3056283,0.3056283,0.3056283,0.3056283,SINAPI_familias_e_coeficientes_2025_06.xlsx,
5090,3120,"FERROLHO COM FECHO / TRINCO REDONDO, EM ACO GALVANIZADO / ZINCADO, DE SOBREPOR, COM COMPRIMENTO DE 6"" E ESPESSURA MINIMA DA CHAPA DE 1,50 MM",UN,REPRESENTADO,0.5791885,0.5791885,0.5791885,0.5791885,0.5791885,0.5791885,0.5791885,0.5791885,0.5791885,0.5791885,0.5791885,0.5791885,0.5791885,0.5791885,0.5791885,0.5791885,0.5791885,0.5791885,0.5791885,0.5791885,0.5791885,0.5791885,0.5791885,0.5791885,0.5791885,0.5791885,0.5791885,SINAPI_familias_e_coeficientes_2025_06.xlsx,
5090,11455,"FERROLHO COM FECHO / TRINCO REDONDO, EM ACO GALVANIZADO / ZINCADO, DE SOBREPOR, COM COMPRIMENTO DE 8"" E ESPESSURA MINIMA DA CHAPA DE 1,50 MM",UN,REPRESENTADO,0.8376963,0.8376963,0.8376963,0.8376963,0.8376963,0.8376963,0.8376963,0.8376963,0.8376963,0.8376963,0.8376963,0.8376963,0.8376963,0.8376963,0.8376963,0.8376963,0.8376963,0.8376963,0.8376963,0.8376963,0.8376963,0.8376963,0.8376963,0.8376963,0.8376963,0.8376963,0.8376963,SINAPI_familias_e_coeficientes_2025_06.xlsx,
5090,11456,"FERROLHO COM FECHO /TRINCO REDONDO, EM ACO GALVANIZADO / ZINCADO, DE SOBREPOR, COM COMPRIMENTO DE 10"" A 12"" E ESPESSURA MINIMA DA CHAPA DE 1,50 MM",UN,REPRESENTADO,1.0013089,1.0013089,1.0013089,1.0013089,1.0013089,1.0013089,1.0013089,1.0013089,1.0013089,1.0013089,1.0013089,1.0013089,1.0013089,1.0013089,1.0013089,1.0013089,1.0013089,1.0013089,1.0013089,1.0013089,1.0013089,1.0013089,1.0013089,1.0013089,1.0013089,1.0013089,1.0013089,SINAPI_familias_e_coeficientes_2025_06.xlsx,
5090,3107,"FERROLHO COM FECHO CHATO E PORTA CADEADO, EM ACO GALVANIZADO / ZINCADO, DE SOBREPOR, COM COMPRIMENTO DE 3"" A 4"", CHAPA COM ESPESSURA MINIMA DE 0,90 MM E LARGURA MINIMA DE 3,20 CM (FECHO SIMPLES / LEVE) (INCLUI PARAFUSOS)",UN,REPRESENTADO,0.4224476,0.4224476,0.4224476,0.4224476,0.4224476,0.4224476,0.4224476,0.4224476,0.4224476,0.4224476,0.4224476,0.4224476,0.4224476,0.4224476,0.4224476,0.4224476,0.4224476,0.4224476,0.4224476,0.4224476,0.4224476,0.4224476,0.4224476,0.4224476,0.4224476,0.4224476,0.4224476,SINAPI_familias_e_coeficientes_2025_06.xlsx,
5090,43583,"FERROLHO COM FECHO CHATO E PORTA CADEADO, EM ACO GALVANIZADO / ZINCADO, DE SOBREPOR, COM COMPRIMENTO DE 3"" A 4"", CHAPA COM ESPESSURA MINIMA DE 1,70 MM E LARGURA MINIMA DE 5,00 CM (FECHO REFORCADO)",UN,REPRESENTADO,0.4764398,0.4764398,0.4764398,0.4764398,0.4764398,0.4764398,0.4764398,0.4764398,0.4764398,0.4764398,0.4764398,0.4764398,0.4764398,0.4764398,0.4764398,0.4764398,0.4764398,0.4764398,0.4764398,0.4764398,0.4764398,0.4764398,0.4764398,0.4764398,0.4764398,0.4764398,0.4764398,SINAPI_familias_e_coeficientes_2025_06.xlsx,
5090,43586,"FERROLHO COM FECHO CHATO E PORTA CADEADO, EM ACO GALVANIZADO / ZINCADO, DE SOBREPOR, COM COMPRIMENTO DE 5"", CHAPA COM ESPESSURA MINIMA DE 0,90 MM E LARGURA MINIMA DE 3,20 CM (FECHO SIMPLES)",UN,REPRESENTADO,0.4882199,0.4882199,0.4882199,0.4882199,0.4882199,0.4882199,0.4882199,0.4882199,0.4882199,0.4882199,0.4882199,0.4882199,0.4882199,0.4882199,0.4882199,0.4882199,0.4882199,0.4882199,0.4882199,0.4882199,0.4882199,0.4882199,0.4882199,0.4882199,0.4882199,0.4882199,0.4882199,SINAPI_familias_e_coeficientes_2025_06.xlsx,
5090,11461,"FERROLHO COM FECHO CHATO E PORTA CADEADO, EM ACO GALVANIZADO / ZINCADO, DE SOBREPOR, COM COMPRIMENTO DE 5"", CHAPA COM ESPESSURA MINIMA DE 1,70 MM E LARGURA MINIMA DE 5,00 CM (FECHO REFORCADO)",UN,REPRESENTADO,0.5320681,0.5320681,0.5320681,0.5320681,0.5320681,0.5320681,0.5320681,0.5320681,0.5320681,0.5320681,0.5320681,0.5320681,0.5320681,0.5320681,0.5320681,0.5320681,0.5320681,0.5320681,0.5320681,0.5320681,0.5320681,0.5320681,0.5320681,0.5320681,0.5320681,0.5320681,0.5320681,SINAPI_familias_e_coeficientes_2025_06.xlsx,
5090,43587,"FERROLHO COM FECHO CHATO E PORTA CADEADO, EM ACO GALVANIZADO / ZINCADO, DE SOBREPOR, COM COMPRIMENTO DE 6"", CHAPA COM ESPESSURA MINIMA DE 0,90 MM E LARGURA MINIMA DE 3,80 CM (FECHO SIMPLES)",UN,REPRESENTADO,0.6138743,0.6138743,0.6138743,0.6138743,0.6138743,0.6138743,0.6138743,0.6138743,0.6138743,0.6138743,0.6138743,0.6138743,0.6138743,0.6138743,0.6138743,0.6138743,0.6138743,0.6138743,0.6138743,0.6138743,0.6138743,0.6138743,0.6138743,0.6138743,0.6138743,0.6138743,0.6138743,SINAPI_familias_e_coeficientes_2025_06.xlsx,
5090,3106,"FERROLHO COM FECHO CHATO E PORTA CADEADO, EM ACO GALVANIZADO / ZINCADO, DE SOBREPOR, COM COMPRIMENTO DE 6"", CHAPA COM ESPESSURA MINIMA DE 1,70 MM E LARGURA /MINIMA DE 5,00 CM (FECHO REFORCADO) (INCLUI PARAFUSOS)",UN,REPRESENTADO,0.7787958,0.7787958,0.7787958,0.7787958,0.7787958,0.7787958,0.7787958,0.7787958,0.7787958,0.7787958,0.7787958,0.7787958,0.7787958,0.7787958,0.7787958,0.7787958,0.7787958,0.7787958,0.7787958,0.7787958,0.7787958,0.7787958,0.7787958,0.7787958,0.7787958,0.7787958,0.7787958,SINAPI_familias_e_coeficientes_2025_06.xlsx,
5090,5092,"GONZO DE EMBUTIR, EM LATAO / ZAMAC, *20 X 48* MM, PARA JANELA BASCULANTE / PIVOTANTE, JOGO COM 4 PECAS (PAR) - INCLUI PARAFUSOS",PAR,REPRESENTADO,0.877566,0.877566,0.877566,0.877566,0.877566,0.877566,0.877566,0.877566,0.877566,0.877566,0.877566,0.877566,0.877566,0.877566,0.877566,0.877566,0.877566,0.877566,0.877566,0.877566,0.877566,0.877566,0.877566,0.877566,0.877566,0.877566,0.877566,SINAPI_familias_e_coeficientes_2025_06.xlsx,
5090,11462,"GONZO DE SOBREPOR, EM LATAO / ZAMAC, PARA JANELA PIVOTANTE - INCLUI PARAFUSOS",PAR,REPRESENTADO,0.8973607,0.8973607,0.8973607,0.8973607,0.8973607,0.8973607,0.8973607,0.8973607,0.8973607,0.8973607,0.8973607,0.8973607,0.8973607,0.8973607,0.8973607,0.8973607,0.8973607,0.8973607,0.8973607,0.8973607,0.8973607,0.8973607,0.8973607,0.8973607,0.8973607,0.8973607,0.8973607,SINAPI_familias_e_coeficientes_2025_06.xlsx,
5090,12032,"JOGO DE TRANQUETA E ROSETA QUADRADA DE SOBREPOR SEM FUROS, EM LATAO CROMADO, *50 X 50* MM, PARA FECHADURA DE PORTA DE BANHEIRO",JG,REPRESENTADO,2.7309384,2.7309384,2.7309384,2.7309384,2.7309384,2.7309384,2.7309384,2.7309384,2.7309384,2.7309384,2.7309384,2.7309384,2.7309384,2.7309384,2.7309384,2.7309384,2.7309384,2.7309384,2.7309384,2.7309384,2.7309384,2.7309384,2.7309384,2.7309384,2.7309384,2.7309384,2.7309384,SINAPI_familias_e_coeficientes_2025_06.xlsx,
5090,12030,"JOGO DE TRANQUETA E ROSETA REDONDA DE SOBREPOR SEM FUROS, EM LATAO CROMADO, DIAMETRO *50* MM, PARA FECHADURA DE PORTA DE BANHEIRO",JG,REPRESENTADO,2.5659824,2.5659824,2.5659824,2.5659824,2.5659824,2.5659824,2.5659824,2.5659824,2.5659824,2.5659824,2.5659824,2.5659824,2.5659824,2.5659824,2.5659824,2.5659824,2.5659824,2.5659824,2.5659824,2.5659824,2.5659824,2.5659824,2.5659824,2.5659824,2.5659824,2.5659824,2.5659824,SINAPI_familias_e_coeficientes_2025_06.xlsx,
5090,5093,"LEVANTADOR DE JANELA GUILHOTINA, EM LATAO CROMADO",PAR,REPRESENTADO,0.8680352,0.8680352,0.8680352,0.8680352,0.8680352,0.8680352,0.8680352,0.8680352,0.8680352,0.8680352,0.8680352,0.8680352,0.8680352,0.8680352,0.8680352,0.8680352,0.8680352,0.8680352,0.8680352,0.8680352,0.8680352,0.8680352,0.8680352,0.8680352,0.8680352,0.8680352,0.8680352,SINAPI_familias_e_coeficientes_2025_06.xlsx,
5090,11561,"MOLA HIDRAULICA AEREA, PARA PORTAS DE ATE 1.100 MM E PESO DE ATE 85 KG, COM CORPO EM ALUMINIO E BRACO EM ACO, SEM BRACO DE PARADA",UN,REPRESENTADO,11.5798429,11.5798429,11.5798429,11.5798429,11.5798429,11.5798429,11.5798429,11.5798429,11.5798429,11.5798429,11.5798429,11.5798429,11.5798429,11.5798429,11.5798429,11.5798429,11.5798429,11.5798429,11.5798429,11.5798429,11.5798429,11.5798429,11.5798429,11.5798429,11.5798429,11.5798429,11.5798429,SINAPI_familias_e_coeficientes_2025_06.xlsx,
5090,43604,"MOLA HIDRAULICA AEREA, PARA PORTAS DE ATE 850 MM E PESO DE ATE 50 KG, COM CORPO EM ALUMINIO E BRACO EM ACO, SEM BRACO DE PARADA",UN,REPRESENTADO,6.1734293,6.1734293,6.1734293,6.1734293,6.1734293,6.1734293,6.1734293,6.1734293,6.1734293,6.1734293,6.1734293,6.1734293,6.1734293,6.1734293,6.1734293,6.1734293,6.1734293,6.1734293,6.1734293,6.1734293,6.1734293,6.1734293,6.1734293,6.1734293,6.1734293,6.1734293,6.1734293,SINAPI_familias_e_coeficientes_2025_06.xlsx,
5090,11560,"MOLA HIDRAULICA AEREA, PARA PORTAS DE ATE 950 MM E PESO DE ATE 65 KG, COM CORPO EM ALUMINIO E BRACO EM ACO, SEM BRACO DE PARADA",UN,REPRESENTADO,8.9378272,8.9378272,8.9378272,8.9378272,8.9378272,8.9378272,8.9378272,8.9378272,8.9378272,8.9378272,8.9378272,8.9378272,8.9378272,8.9378272,8.9378272,8.9378272,8.9378272,8.9378272,8.9378272,8.9378272,8.9378272,8.9378272,8.9378272,8.9378272,8.9378272,8.9378272,8.9378272,SINAPI_familias_e_coeficientes_2025_06.xlsx,
5090,38175,"NUMERO / ALGARISMO PARA RESIDENCIA (FACHADA), EM ZAMAC, COM ALTURA DE APROX *45* MM, INCLUSIVE PARAFUSOS",UN,REPRESENTADO,0.2323298,0.2323298,0.2323298,0.2323298,0.2323298,0.2323298,0.2323298,0.2323298,0.2323298,0.2323298,0.2323298,0.2323298,0.2323298,0.2323298,0.2323298,0.2323298,0.2323298,0.2323298,0.2323298,0.2323298,0.2323298,0.2323298,0.2323298,0.2323298,0.2323298,0.2323298,0.2323298,SINAPI_familias_e_coeficientes_2025_06.xlsx,
5090,38176,"NUMERO / ALGARISMO PARA RESIDENCIA (FACHADA), EM ZAMAC, COM ALTURA DE APROX 125 MM, INCLUSIVE PARAFUSOS",UN,REPRESENTADO,0.6832461,0.6832461,0.6832461,0.6832461,0.6832461,0.6832461,0.6832461,0.6832461,0.6832461,0.6832461,0.6832461,0.6832461,0.6832461,0.6832461,0.6832461,0.6832461,0.6832461,0.6832461,0.6832461,0.6832461,0.6832461,0.6832461,0.6832461,0.6832461,0.6832461,0.6832461,0.6832461,SINAPI_familias_e_coeficientes_2025_06.xlsx,
5090,38170,"OLHO MAGICO PARA PORTAS, EM LATAO, COM LENTE DE POLICARBONATO, ANGULO DE *200* GRAUS, ESPESSURA ENTRE *25 E 46* MM, INCLUINDO FECHO JANELA",UN,REPRESENTADO,1.0150524,1.0150524,1.0150524,1.0150524,1.0150524,1.0150524,1.0150524,1.0150524,1.0150524,1.0150524,1.0150524,1.0150524,1.0150524,1.0150524,1.0150524,1.0150524,1.0150524,1.0150524,1.0150524,1.0150524,1.0150524,1.0150524,1.0150524,1.0150524,1.0150524,1.0150524,1.0150524,SINAPI_familias_e_coeficientes_2025_06.xlsx,
5090,11552,"PERFIL EM ALUMINIO, FORMATO U, ABAS IGUAIS, LARGURA DE 12,70 MM (1/2 POL), ESPESSURA 1,58 MM (1/16 POL) E PESO LINEAR DE APROXIMADAMENTE 0,149 KG/M",M,REPRESENTADO,0.3583115,0.3583115,0.3583115,0.3583115,0.3583115,0.3583115,0.3583115,0.3583115,0.3583115,0.3583115,0.3583115,0.3583115,0.3583115,0.3583115,0.3583115,0.3583115,0.3583115,0.3583115,0.3583115,0.3583115,0.3583115,0.3583115,0.3583115,0.3583115,0.3583115,0.3583115,0.3583115,SINAPI_familias_e_coeficientes_2025_06.xlsx,
5090,43606,"PINO GUIA RETO, EM LATAO, CHAPA COM 3 MM DE ESPESSURA E GUIA COM ROLETE DE 9 MM",UN,REPRESENTADO,0.4293194,0.4293194,0.4293194,0.4293194,0.4293194,0.4293194,0.4293194,0.4293194,0.4293194,0.4293194,0.4293194,0.4293194,0.4293194,0.4293194,0.4293194,0.4293194,0.4293194,0.4293194,0.4293194,0.4293194,0.4293194,0.4293194,0.4293194,0.4293194,0.4293194,0.4293194,0.4293194,SINAPI_familias_e_coeficientes_2025_06.xlsx,
5090,5088,"PORTA CADEADO EM ACO GALVANIZADO, COMPRIMENTO DE 3 1/2""",UN,REPRESENTADO,0.3350785,0.3350785,0.3350785,0.3350785,0.3350785,0.3350785,0.3350785,0.3350785,0.3350785,0.3350785,0.3350785,0.3350785,0.3350785,0.3350785,0.3350785,0.3350785,0.3350785,0.3350785,0.3350785,0.3350785,0.3350785,0.3350785,0.3350785,0.3350785,0.3350785,0.3350785,0.3350785,SINAPI_familias_e_coeficientes_2025_06.xlsx,
5090,11522,"PUXADOR DE EMBUTIR TIPO CONCHA, COM FURO PARA CHAVE, EM LATAO CROMADO, COMPRIMENTO DE APROX *100* MM E LARGURA DE APROX *40* MM",UN,REPRESENTADO,0.6492147,0.6492147,0.6492147,0.6492147,0.6492147,0.6492147,0.6492147,0.6492147,0.6492147,0.6492147,0.6492147,0.6492147,0.6492147,0.6492147,0.6492147,0.6492147,0.6492147,0.6492147,0.6492147,0.6492147,0.6492147,0.6492147,0.6492147,0.6492147,0.6492147,0.6492147,0.6492147,SINAPI_familias_e_coeficientes_2025_06.xlsx,
5090,43600,"PUXADOR TIPO ALCA, EM ZAMAC CROMADO, COM COMPRIMENTO DE APROX 150 MM, COM ROSETA PARA PORTAS DE MADEIRAS, INCLUINDO PARAFUSOS",UN,REPRESENTADO,2.6011126,2.6011126,2.6011126,2.6011126,2.6011126,2.6011126,2.6011126,2.6011126,2.6011126,2.6011126,2.6011126,2.6011126,2.6011126,2.6011126,2.6011126,2.6011126,2.6011126,2.6011126,2.6011126,2.6011126,2.6011126,2.6011126,2.6011126,2.6011126,2.6011126,2.6011126,2.6011126,SINAPI_familias_e_coeficientes_2025_06.xlsx,
5090,5080,"PUXADOR TIPO ALCA, EM ZAMAC CROMADO, COM ROSETAS, COMPRIMENTO DE APROX *100* MM, PARA PORTAS E JANELAS DE MADEIRA, INCLUINDO PARAFUSOS",UN,REPRESENTADO,1.0143979,1.0143979,1.0143979,1.0143979,1.0143979,1.0143979,1.0143979,1.0143979,1.0143979,1.0143979,1.0143979,1.0143979,1.0143979,1.0143979,1.0143979,1.0143979,1.0143979,1.0143979,1.0143979,1.0143979,1.0143979,1.0143979,1.0143979,1.0143979,1.0143979,1.0143979,1.0143979,SINAPI_familias_e_coeficientes_2025_06.xlsx,
5090,38168,"PUXADOR TUBULAR RETO DUPLO, EM ALUMINIO CROMADO, COMPRIMENTO DE APROX 400 MM E DIAMETRO DE 25 MM (1"")",UN,REPRESENTADO,7.0811518,7.0811518,7.0811518,7.0811518,7.0811518,7.0811518,7.0811518,7.0811518,7.0811518,7.0811518,7.0811518,7.0811518,7.0811518,7.0811518,7.0811518,7.0811518,7.0811518,7.0811518,7.0811518,7.0811518,7.0811518,7.0811518,7.0811518,7.0811518,7.0811518,7.0811518,7.0811518,SINAPI_familias_e_coeficientes_2025_06.xlsx,
5090,43601,"PUXADOR TUBULAR RETO SIMPLES, EM ALUMINIO CROMADO, COM COMPRIMENTO DE APROX 400 MM E DIAMETRO DE 25 MM",UN,REPRESENTADO,3.5405759,3.5405759,3.5405759,3.5405759,3.5405759,3.5405759,3.5405759,3.5405759,3.5405759,3.5405759,3.5405759,3.5405759,3.5405759,3.5405759,3.5405759,3.5405759,3.5405759,3.5405759,3.5405759,3.5405759,3.5405759,3.5405759,3.5405759,3.5405759,3.5405759,3.5405759,3.5405759,SINAPI_familias_e_coeficientes_2025_06.xlsx,
5090,11573,"RODIZIO TIPO NAPOLEAO PARA JANELAS DE CORRER, EM ZAMAC, COMPRIMENTO DE APROX 60 CM, COM ROLAMENTO EM ACO",UN,REPRESENTADO,0.2905759,0.2905759,0.2905759,0.2905759,0.2905759,0.2905759,0.2905759,0.2905759,0.2905759,0.2905759,0.2905759,0.2905759,0.2905759,0.2905759,0.2905759,0.2905759,0.2905759,0.2905759,0.2905759,0.2905759,0.2905759,0.2905759,0.2905759,0.2905759,0.2905759,0.2905759,0.2905759,SINAPI_familias_e_coeficientes_2025_06.xlsx,
5090,11575,"ROLDANA CONCAVA DUPLA, 4 RODAS, EM ZAMAC COM CHAPA DE LATAO, ROLAMENTOS EM ACO, PARA PORTAS E JANELAS DE CORRER",UN,REPRESENTADO,2.8010471,2.8010471,2.8010471,2.8010471,2.8010471,2.8010471,2.8010471,2.8010471,2.8010471,2.8010471,2.8010471,2.8010471,2.8010471,2.8010471,2.8010471,2.8010471,2.8010471,2.8010471,2.8010471,2.8010471,2.8010471,2.8010471,2.8010471,2.8010471,2.8010471,2.8010471,2.8010471,SINAPI_familias_e_coeficientes_2025_06.xlsx,
5090,38179,"ROLDANA CONCAVA DUPLA, 4 RODAS, PARA PORTA DE CORRER, EM ZAMAC COM CHAPA DE ACO, ROLAMENTO INTERNO BLINDADO DE ACO REVESTIDO EM NYLON",UN,REPRESENTADO,2.3160995,2.3160995,2.3160995,2.3160995,2.3160995,2.3160995,2.3160995,2.3160995,2.3160995,2.3160995,2.3160995,2.3160995,2.3160995,2.3160995,2.3160995,2.3160995,2.3160995,2.3160995,2.3160995,2.3160995,2.3160995,2.3160995,2.3160995,2.3160995,2.3160995,2.3160995,2.3160995,SINAPI_familias_e_coeficientes_2025_06.xlsx,
5090,11578,"ROSETA QUADRADA, SEM FUROS, EM ACO INOX POLIDO, LARGURA APROXIMADA DE 50 MM, PARA FECHADURA DE PORTA - PARAFUSOS INCLUIDOS",UN,REPRESENTADO,0.6048387,0.6048387,0.6048387,0.6048387,0.6048387,0.6048387,0.6048387,0.6048387,0.6048387,0.6048387,0.6048387,0.6048387,0.6048387,0.6048387,0.6048387,0.6048387,0.6048387,0.6048387,0.6048387,0.6048387,0.6048387,0.6048387,0.6048387,0.6048387,0.6048387,0.6048387,0.6048387,SINAPI_familias_e_coeficientes_2025_06.xlsx,
5090,11577,"ROSETA REDONDA DE SOBREPOR, SEM FUROS, EM ACO INOX POLIDO, DIAMETRO APROXIMADO DE 50 MM, PARA FECHADURA DE PORTA - PARAFUSOS INCLUIDOS",UN,REPRESENTADO,0.577346,0.577346,0.577346,0.577346,0.577346,0.577346,0.577346,0.577346,0.577346,0.577346,0.577346,0.577346,0.577346,0.577346,0.577346,0.577346,0.577346,0.577346,0.577346,0.577346,0.577346,0.577346,0.577346,0.577346,0.577346,0.577346,0.577346,SINAPI_familias_e_coeficientes_2025_06.xlsx,
5090,11457,"TARJETA LIVRE / OCUPADO PARA PORTA DE BANHEIRO, CORPO EM ZAMAC E ESPELHO EM LATAO",UN,REPRESENTADO,2.2899215,2.2899215,2.2899215,2.2899215,2.2899215,2.2899215,2.2899215,2.2899215,2.2899215,2.2899215,2.2899215,2.2899215,2.2899215,2.2899215,2.2899215,2.2899215,2.2899215,2.2899215,2.2899215,2.2899215,2.2899215,2.2899215,2.2899215,2.2899215,2.2899215,2.2899215,2.2899215,SINAPI_familias_e_coeficientes_2025_06.xlsx,
5090,11572,"TRAVA / PRENDEDOR DE PORTA, EM LATAO CROMADO, MONTADO EM PISO",UN,REPRESENTADO,1.5566099,1.5566099,1.5566099,1.5566099,1.5566099,1.5566099,1.5566099,1.5566099,1.5566099,1.5566099,1.5566099,1.5566099,1.5566099,1.5566099,1.5566099,1.5566099,1.5566099,1.5566099,1.5566099,1.5566099,1.5566099,1.5566099,1.5566099,1.5566099,1.5566099,1.5566099,1.5566099,SINAPI_familias_e_coeficientes_2025_06.xlsx,
5090,11581,"TRILHO PANTOGRAFICO CONCAVO, TIPO U, EM ALUMINIO, COM DIMENSOES DE APROX *35 X 35* MM, PARA ROLDANA DE PORTA DE CORRER",M,REPRESENTADO,1.0274869,1.0274869,1.0274869,1.0274869,1.0274869,1.0274869,1.0274869,1.0274869,1.0274869,1.0274869,1.0274869,1.0274869,1.0274869,1.0274869,1.0274869,1.0274869,1.0274869,1.0274869,1.0274869,1.0274869,1.0274869,1.0274869,1.0274869,1.0274869,1.0274869,1.0274869,1.0274869,SINAPI_familias_e_coeficientes_2025_06.xlsx,
5090,43605,"TRILHO PANTOGRAFICO RETO, EM ALUMINIO, TIPO U, COM DIMENSOES DE *38 X 38* MM PARA PORTA DE CORRER",M,REPRESENTADO,2.1020942,2.1020942,2.1020942,2.1020942,2.1020942,2.1020942,2.1020942,2.1020942,2.1020942,2.1020942,2.1020942,2.1020942,2.1020942,2.1020942,2.1020942,2.1020942,2.1020942,2.1020942,2.1020942,2.1020942,2.1020942,2.1020942,2.1020942,2.1020942,2.1020942,2.1020942,2.1020942,SINAPI_familias_e_coeficientes_2025_06.xlsx,
5090,11580,"TRILHO QUADRADO FRISADO PARA RODIZIO (VERGALHAO MACICO), EM ALUMINIO, COM DIMENSOES DE *6 X 6* MM",M,REPRESENTADO,0.4123037,0.4123037,0.4123037,0.4123037,0.4123037,0.4123037,0.4123037,0.4123037,0.4123037,0.4123037,0.4123037,0.4123037,0.4123037,0.4123037,0.4123037,0.4123037,0.4123037,0.4123037,0.4123037,0.4123037,0.4123037,0.4123037,0.4123037,0.4123037,0.4123037,0.4123037,0.4123037,SINAPI_familias_e_coeficientes_2025_06.xlsx,
5090,43595,"VARA FINA PARA CREMONA, EM FERRO ZINCADO BRANCO, COM DIAMETRO DE APROX 10 MM E COMPRIMENTO DE 1,20 M",UN,REPRESENTADO,0.9309555,0.9309555,0.9309555,0.9309555,0.9309555,0.9309555,0.9309555,0.9309555,0.9309555,0.9309555,0.9309555,0.9309555,0.9309555,0.9309555,0.9309555,0.9309555,0.9309555,0.9309555,0.9309555,0.9309555,0.9309555,0.9309555,0.9309555,0.9309555,0.9309555,0.9309555,0.9309555,SINAPI_familias_e_coeficientes_2025_06.xlsx,
5090,43596,"VARA FINA PARA CREMONA, EM FERRO ZINCADO BRANCO, COM DIAMETRO DE APROX 10 MM E COMPRIMENTO DE 1,50 M",UN,REPRESENTADO,1.0759162,1.0759162,1.0759162,1.0759162,1.0759162,1.0759162,1.0759162,1.0759162,1.0759162,1.0759162,1.0759162,1.0759162,1.0759162,1.0759162,1.0759162,1.0759162,1.0759162,1.0759162,1.0759162,1.0759162,1.0759162,1.0759162,1.0759162,1.0759162,1.0759162,1.0759162,1.0759162,SINAPI_familias_e_coeficientes_2025_06.xlsx,
5318,5318,DILUENTE AGUARRAS,L,REPRESENTATIVO,1,1,1,1,1,1,1,1,1,1,1,1,1,1,1,1,1,1,1,1,1,1,1,1,1,1,1,SINAPI_familias_e_coeficientes_2025_06.xlsx,
5318,3,"ACIDO CLORIDRICO / ACIDO MURIATICO, DILUICAO 10% A 12% PARA USO EM LIMPEZA",L,REPRESENTADO,0.7595228,0.7595228,0.7595228,0.7595228,0.7595228,0.7595228,0.7595228,0.7595228,0.7595228,0.7595228,0.7595228,0.7595228,0.7595228,0.7595228,0.7595228,0.7595228,0.7595228,0.7595228,0.7595228,0.7595228,0.7595228,0.7595228,0.7595228,0.7595228,0.7595228,0.7595228,0.7595228,SINAPI_familias_e_coeficientes_2025_06.xlsx,
5318,41967,CERA LIQUIDA INCOLOR MULTIPISO,L,REPRESENTADO,1.0438858,1.0438858,1.0438858,1.0438858,1.0438858,1.0438858,1.0438858,1.0438858,1.0438858,1.0438858,1.0438858,1.0438858,1.0438858,1.0438858,1.0438858,1.0438858,1.0438858,1.0438858,1.0438858,1.0438858,1.0438858,1.0438858,1.0438858,1.0438858,1.0438858,1.0438858,1.0438858,SINAPI_familias_e_coeficientes_2025_06.xlsx,
5318,44330,DESINFETANTE PRONTO USO,L,REPRESENTADO,0.472092,0.472092,0.472092,0.472092,0.472092,0.472092,0.472092,0.472092,0.472092,0.472092,0.472092,0.472092,0.472092,0.472092,0.472092,0.472092,0.472092,0.472092,0.472092,0.472092,0.472092,0.472092,0.472092,0.472092,0.472092,0.472092,0.472092,SINAPI_familias_e_coeficientes_2025_06.xlsx,
5318,44329,"DETERGENTE NEUTRO USO GERAL, CONCENTRADO",L,REPRESENTADO,0.6186621,0.6186621,0.6186621,0.6186621,0.6186621,0.6186621,0.6186621,0.6186621,0.6186621,0.6186621,0.6186621,0.6186621,0.6186621,0.6186621,0.6186621,0.6186621,0.6186621,0.6186621,0.6186621,0.6186621,0.6186621,0.6186621,0.6186621,0.6186621,0.6186621,0.6186621,0.6186621,SINAPI_familias_e_coeficientes_2025_06.xlsx,
5318,5330,DILUENTE EPOXI,L,REPRESENTADO,2.2795058,2.2795058,2.2795058,2.2795058,2.2795058,2.2795058,2.2795058,2.2795058,2.2795058,2.2795058,2.2795058,2.2795058,2.2795058,2.2795058,2.2795058,2.2795058,2.2795058,2.2795058,2.2795058,2.2795058,2.2795058,2.2795058,2.2795058,2.2795058,2.2795058,2.2795058,2.2795058,SINAPI_familias_e_coeficientes_2025_06.xlsx,
5318,44331,LIMPA VIDROS COM PULVERIZADOR,L,REPRESENTADO,2.4635705,2.4635705,2.4635705,2.4635705,2.4635705,2.4635705,2.4635705,2.4635705,2.4635705,2.4635705,2.4635705,2.4635705,2.4635705,2.4635705,2.4635705,2.4635705,2.4635705,2.4635705,2.4635705,2.4635705,2.4635705,2.4635705,2.4635705,2.4635705,2.4635705,2.4635705,2.4635705,SINAPI_familias_e_coeficientes_2025_06.xlsx,
5318,44073,"TARUGO DELIMITADOR DE PROFUNDIDADE EM ESPUMA DE POLIETILENO DE BAIXA DENSIDADE 10 MM, CINZA",M,REPRESENTADO,0.0352634,0.0352634,0.0352634,0.0352634,0.0352634,0.0352634,0.0352634,0.0352634,0.0352634,0.0352634,0.0352634,0.0352634,0.0352634,0.0352634,0.0352634,0.0352634,0.0352634,0.0352634,0.0352634,0.0352634,0.0352634,0.0352634,0.0352634,0.0352634,0.0352634,0.0352634,0.0352634,SINAPI_familias_e_coeficientes_2025_06.xlsx,
6005,6005,"REGISTRO GAVETA COM ACABAMENTO E CANOPLA CROMADOS, SIMPLES, BITOLA 3/4""",UN,REPRESENTATIVO,1,1,1,1,1,1,1,1,1,1,1,1,1,1,1,1,1,1,1,1,1,1,1,1,1,1,1,SINAPI_familias_e_coeficientes_2025_06.xlsx,
6005,6010,"REGISTRO GAVETA BRUTO EM LATAO FORJADO, BITOLA 1 1/2""",UN,REPRESENTADO,1.1133048,1.1133048,1.1133048,1.1133048,1.1133048,1.1133048,1.1133048,1.1133048,1.1133048,1.1133048,1.1133048,1.1133048,1.1133048,1.1133048,1.1133048,1.1133048,1.1133048,1.1133048,1.1133048,1.1133048,1.1133048,1.1133048,1.1133048,1.1133048,1.1133048,1.1133048,1.1133048,SINAPI_familias_e_coeficientes_2025_06.xlsx,
6005,6017,"REGISTRO GAVETA BRUTO EM LATAO FORJADO, BITOLA 1 1/4""",UN,REPRESENTADO,0.8818323,0.8818323,0.8818323,0.8818323,0.8818323,0.8818323,0.8818323,0.8818323,0.8818323,0.8818323,0.8818323,0.8818323,0.8818323,0.8818323,0.8818323,0.8818323,0.8818323,0.8818323,0.8818323,0.8818323,0.8818323,0.8818323,0.8818323,0.8818323,0.8818323,0.8818323,0.8818323,SINAPI_familias_e_coeficientes_2025_06.xlsx,
6005,6019,"REGISTRO GAVETA BRUTO EM LATAO FORJADO, BITOLA 1""",UN,REPRESENTADO,0.6470531,0.6470531,0.6470531,0.6470531,0.6470531,0.6470531,0.6470531,0.6470531,0.6470531,0.6470531,0.6470531,0.6470531,0.6470531,0.6470531,0.6470531,0.6470531,0.6470531,0.6470531,0.6470531,0.6470531,0.6470531,0.6470531,0.6470531,0.6470531,0.6470531,0.6470531,0.6470531,SINAPI_familias_e_coeficientes_2025_06.xlsx,
6005,6020,"REGISTRO GAVETA BRUTO EM LATAO FORJADO, BITOLA 1/2""",UN,REPRESENTADO,0.3886403,0.3886403,0.3886403,0.3886403,0.3886403,0.3886403,0.3886403,0.3886403,0.3886403,0.3886403,0.3886403,0.3886403,0.3886403,0.3886403,0.3886403,0.3886403,0.3886403,0.3886403,0.3886403,0.3886403,0.3886403,0.3886403,0.3886403,0.3886403,0.3886403,0.3886403,0.3886403,SINAPI_familias_e_coeficientes_2025_06.xlsx,
6005,6011,"REGISTRO GAVETA BRUTO EM LATAO FORJADO, BITOLA 2 1/2""",UN,REPRESENTADO,3.2159113,3.2159113,3.2159113,3.2159113,3.2159113,3.2159113,3.2159113,3.2159113,3.2159113,3.2159113,3.2159113,3.2159113,3.2159113,3.2159113,3.2159113,3.2159113,3.2159113,3.2159113,3.2159113,3.2159113,3.2159113,3.2159113,3.2159113,3.2159113,3.2159113,3.2159113,3.2159113,SINAPI_familias_e_coeficientes_2025_06.xlsx,
6005,6028,"REGISTRO GAVETA BRUTO EM LATAO FORJADO, BITOLA 2""",UN,REPRESENTADO,1.550671,1.550671,1.550671,1.550671,1.550671,1.550671,1.550671,1.550671,1.550671,1.550671,1.550671,1.550671,1.550671,1.550671,1.550671,1.550671,1.550671,1.550671,1.550671,1.550671,1.550671,1.550671,1.550671,1.550671,1.550671,1.550671,1.550671,SINAPI_familias_e_coeficientes_2025_06.xlsx,
6005,6012,"REGISTRO GAVETA BRUTO EM LATAO FORJADO, BITOLA 3""",UN,REPRESENTADO,3.8934059,3.8934059,3.8934059,3.8934059,3.8934059,3.8934059,3.8934059,3.8934059,3.8934059,3.8934059,3.8934059,3.8934059,3.8934059,3.8934059,3.8934059,3.8934059,3.8934059,3.8934059,3.8934059,3.8934059,3.8934059,3.8934059,3.8934059,3.8934059,3.8934059,3.8934059,3.8934059,SINAPI_familias_e_coeficientes_2025_06.xlsx,
6005,6016,"REGISTRO GAVETA BRUTO EM LATAO FORJADO, BITOLA 3/4""",UN,REPRESENTADO,0.4099397,0.4099397,0.4099397,0.4099397,0.4099397,0.4099397,0.4099397,0.4099397,0.4099397,0.4099397,0.4099397,0.4099397,0.4099397,0.4099397,0.4099397,0.4099397,0.4099397,0.4099397,0.4099397,0.4099397,0.4099397,0.4099397,0.4099397,0.4099397,0.4099397,0.4099397,0.4099397,SINAPI_familias_e_coeficientes_2025_06.xlsx,
6005,6027,"REGISTRO GAVETA BRUTO EM LATAO FORJADO, BITOLA 4""",UN,REPRESENTADO,8.1124294,8.1124294,8.1124294,8.1124294,8.1124294,8.1124294,8.1124294,8.1124294,8.1124294,8.1124294,8.1124294,8.1124294,8.1124294,8.1124294,8.1124294,8.1124294,8.1124294,8.1124294,8.1124294,8.1124294,8.1124294,8.1124294,8.1124294,8.1124294,8.1124294,8.1124294,8.1124294,SINAPI_familias_e_coeficientes_2025_06.xlsx,
6005,6015,"REGISTRO GAVETA COM ACABAMENTO E CANOPLA CROMADOS, SIMPLES, BITOLA 1 1/2""",UN,REPRESENTADO,1.7801984,1.7801984,1.7801984,1.7801984,1.7801984,1.7801984,1.7801984,1.7801984,1.7801984,1.7801984,1.7801984,1.7801984,1.7801984,1.7801984,1.7801984,1.7801984,1.7801984,1.7801984,1.7801984,1.7801984,1.7801984,1.7801984,1.7801984,1.7801984,1.7801984,1.7801984,1.7801984,SINAPI_familias_e_coeficientes_2025_06.xlsx,
6005,6014,"REGISTRO GAVETA COM ACABAMENTO E CANOPLA CROMADOS, SIMPLES, BITOLA 1 1/4""",UN,REPRESENTADO,1.7020035,1.7020035,1.7020035,1.7020035,1.7020035,1.7020035,1.7020035,1.7020035,1.7020035,1.7020035,1.7020035,1.7020035,1.7020035,1.7020035,1.7020035,1.7020035,1.7020035,1.7020035,1.7020035,1.7020035,1.7020035,1.7020035,1.7020035,1.7020035,1.7020035,1.7020035,1.7020035,SINAPI_familias_e_coeficientes_2025_06.xlsx,
6005,6013,"REGISTRO GAVETA COM ACABAMENTO E CANOPLA CROMADOS, SIMPLES, BITOLA 1""",UN,REPRESENTADO,1.2241781,1.2241781,1.2241781,1.2241781,1.2241781,1.2241781,1.2241781,1.2241781,1.2241781,1.2241781,1.2241781,1.2241781,1.2241781,1.2241781,1.2241781,1.2241781,1.2241781,1.2241781,1.2241781,1.2241781,1.2241781,1.2241781,1.2241781,1.2241781,1.2241781,1.2241781,1.2241781,SINAPI_familias_e_coeficientes_2025_06.xlsx,
6005,6006,"REGISTRO GAVETA COM ACABAMENTO E CANOPLA CROMADOS, SIMPLES, BITOLA 1/2""",UN,REPRESENTADO,0.8865006,0.8865006,0.8865006,0.8865006,0.8865006,0.8865006,0.8865006,0.8865006,0.8865006,0.8865006,0.8865006,0.8865006,0.8865006,0.8865006,0.8865006,0.8865006,0.8865006,0.8865006,0.8865006,0.8865006,0.8865006,0.8865006,0.8865006,0.8865006,0.8865006,0.8865006,0.8865006,SINAPI_familias_e_coeficientes_2025_06.xlsx,
6005,11756,"REGISTRO OU REGULADOR DE GAS COZINHA, VAZAO DE 2 KG/H, 2,8 KPA",UN,REPRESENTADO,0.4776308,0.4776308,0.4776308,0.4776308,0.4776308,0.4776308,0.4776308,0.4776308,0.4776308,0.4776308,0.4776308,0.4776308,0.4776308,0.4776308,0.4776308,0.4776308,0.4776308,0.4776308,0.4776308,0.4776308,0.4776308,0.4776308,0.4776308,0.4776308,0.4776308,0.4776308,0.4776308,SINAPI_familias_e_coeficientes_2025_06.xlsx,
6005,11752,"REGISTRO PRESSAO BRUTO EM LATAO FORJADO, BITOLA 1/2""",UN,REPRESENTADO,0.2754327,0.2754327,0.2754327,0.2754327,0.2754327,0.2754327,0.2754327,0.2754327,0.2754327,0.2754327,0.2754327,0.2754327,0.2754327,0.2754327,0.2754327,0.2754327,0.2754327,0.2754327,0.2754327,0.2754327,0.2754327,0.2754327,0.2754327,0.2754327,0.2754327,0.2754327,0.2754327,SINAPI_familias_e_coeficientes_2025_06.xlsx,
6005,11753,"REGISTRO PRESSAO BRUTO EM LATAO FORJADO, BITOLA 3/4""",UN,REPRESENTADO,0.328827,0.328827,0.328827,0.328827,0.328827,0.328827,0.328827,0.328827,0.328827,0.328827,0.328827,0.328827,0.328827,0.328827,0.328827,0.328827,0.328827,0.328827,0.328827,0.328827,0.328827,0.328827,0.328827,0.328827,0.328827,0.328827,0.328827,SINAPI_familias_e_coeficientes_2025_06.xlsx,
6005,6021,"REGISTRO PRESSAO COM ACABAMENTO E CANOPLA CROMADA, SIMPLES, BITOLA 1/2""",UN,REPRESENTADO,0.9124683,0.9124683,0.9124683,0.9124683,0.9124683,0.9124683,0.9124683,0.9124683,0.9124683,0.9124683,0.9124683,0.9124683,0.9124683,0.9124683,0.9124683,0.9124683,0.9124683,0.9124683,0.9124683,0.9124683,0.9124683,0.9124683,0.9124683,0.9124683,0.9124683,0.9124683,0.9124683,SINAPI_familias_e_coeficientes_2025_06.xlsx,
6005,6024,"REGISTRO PRESSAO COM ACABAMENTO E CANOPLA CROMADA, SIMPLES, BITOLA 3/4""",UN,REPRESENTADO,0.9432017,0.9432017,0.9432017,0.9432017,0.9432017,0.9432017,0.9432017,0.9432017,0.9432017,0.9432017,0.9432017,0.9432017,0.9432017,0.9432017,0.9432017,0.9432017,0.9432017,0.9432017,0.9432017,0.9432017,0.9432017,0.9432017,0.9432017,0.9432017,0.9432017,0.9432017,0.9432017,SINAPI_familias_e_coeficientes_2025_06.xlsx,
6005,11751,"VALVULA DE ESFERA BRUTA EM BRONZE, BITOLA 1 1/2""",UN,REPRESENTADO,1.630422,1.630422,1.630422,1.630422,1.630422,1.630422,1.630422,1.630422,1.630422,1.630422,1.630422,1.630422,1.630422,1.630422,1.630422,1.630422,1.630422,1.630422,1.630422,1.630422,1.630422,1.630422,1.630422,1.630422,1.630422,1.630422,1.630422,SINAPI_familias_e_coeficientes_2025_06.xlsx,
6005,11750,"VALVULA DE ESFERA BRUTA EM BRONZE, BITOLA 1 1/4""",UN,REPRESENTADO,1.3530441,1.3530441,1.3530441,1.3530441,1.3530441,1.3530441,1.3530441,1.3530441,1.3530441,1.3530441,1.3530441,1.3530441,1.3530441,1.3530441,1.3530441,1.3530441,1.3530441,1.3530441,1.3530441,1.3530441,1.3530441,1.3530441,1.3530441,1.3530441,1.3530441,1.3530441,1.3530441,SINAPI_familias_e_coeficientes_2025_06.xlsx,
6005,11746,"VALVULA DE ESFERA BRUTA EM BRONZE, BITOLA 1""",UN,REPRESENTADO,0.9078,0.9078,0.9078,0.9078,0.9078,0.9078,0.9078,0.9078,0.9078,0.9078,0.9078,0.9078,0.9078,0.9078,0.9078,0.9078,0.9078,0.9078,0.9078,0.9078,0.9078,0.9078,0.9078,0.9078,0.9078,0.9078,0.9078,SINAPI_familias_e_coeficientes_2025_06.xlsx,
6005,11748,"VALVULA DE ESFERA BRUTA EM BRONZE, BITOLA 1/2""",UN,REPRESENTADO,0.5825714,0.5825714,0.5825714,0.5825714,0.5825714,0.5825714,0.5825714,0.5825714,0.5825714,0.5825714,0.5825714,0.5825714,0.5825714,0.5825714,0.5825714,0.5825714,0.5825714,0.5825714,0.5825714,0.5825714,0.5825714,0.5825714,0.5825714,0.5825714,0.5825714,0.5825714,0.5825714,SINAPI_familias_e_coeficientes_2025_06.xlsx,
6005,11747,"VALVULA DE ESFERA BRUTA EM BRONZE, BITOLA 2""",UN,REPRESENTADO,2.5141023,2.5141023,2.5141023,2.5141023,2.5141023,2.5141023,2.5141023,2.5141023,2.5141023,2.5141023,2.5141023,2.5141023,2.5141023,2.5141023,2.5141023,2.5141023,2.5141023,2.5141023,2.5141023,2.5141023,2.5141023,2.5141023,2.5141023,2.5141023,2.5141023,2.5141023,2.5141023,SINAPI_familias_e_coeficientes_2025_06.xlsx,
6005,11749,"VALVULA DE ESFERA BRUTA EM BRONZE, BITOLA 3/4""",UN,REPRESENTADO,0.6724372,0.6724372,0.6724372,0.6724372,0.6724372,0.6724372,0.6724372,0.6724372,0.6724372,0.6724372,0.6724372,0.6724372,0.6724372,0.6724372,0.6724372,0.6724372,0.6724372,0.6724372,0.6724372,0.6724372,0.6724372,0.6724372,0.6724372,0.6724372,0.6724372,0.6724372,0.6724372,SINAPI_familias_e_coeficientes_2025_06.xlsx,
6031,6031,"REGISTRO DE ESFERA PVC, COM BORBOLETA, COM ROSCA EXTERNA, DE 3/4""",UN,REPRESENTATIVO,1,1,1,1,1,1,1,1,1,1,1,1,1,1,1,1,1,1,1,1,1,1,1,1,1,1,1,SINAPI_familias_e_coeficientes_2025_06.xlsx,
6031,6034,"REGISTRO DE ESFERA DE PASSEIO, PVC PARA POLIETILENO, 20 MM",UN,REPRESENTADO,0.625,0.625,0.625,0.625,0.625,0.625,0.625,0.625,0.625,0.625,0.625,0.625,0.625,0.625,0.625,0.625,0.625,0.625,0.625,0.625,0.625,0.625,0.625,0.625,0.625,0.625,0.625,SINAPI_familias_e_coeficientes_2025_06.xlsx,
6031,6036,"REGISTRO DE ESFERA PVC, COM BORBOLETA, COM ROSCA EXTERNA, DE 1/2""",UN,REPRESENTADO,0.8511905,0.8511905,0.8511905,0.8511905,0.8511905,0.8511905,0.8511905,0.8511905,0.8511905,0.8511905,0.8511905,0.8511905,0.8511905,0.8511905,0.8511905,0.8511905,0.8511905,0.8511905,0.8511905,0.8511905,0.8511905,0.8511905,0.8511905,0.8511905,0.8511905,0.8511905,0.8511905,SINAPI_familias_e_coeficientes_2025_06.xlsx,
6031,6029,"REGISTRO DE ESFERA PVC, COM CABECA QUADRADA, COM ROSCA EXTERNA, 1/2""",UN,REPRESENTADO,1.0107143,1.0107143,1.0107143,1.0107143,1.0107143,1.0107143,1.0107143,1.0107143,1.0107143,1.0107143,1.0107143,1.0107143,1.0107143,1.0107143,1.0107143,1.0107143,1.0107143,1.0107143,1.0107143,1.0107143,1.0107143,1.0107143,1.0107143,1.0107143,1.0107143,1.0107143,1.0107143,SINAPI_familias_e_coeficientes_2025_06.xlsx,
6031,6033,"REGISTRO DE ESFERA PVC, COM CABECA QUADRADA, COM ROSCA EXTERNA, 3/4""",UN,REPRESENTADO,1.3321429,1.3321429,1.3321429,1.3321429,1.3321429,1.3321429,1.3321429,1.3321429,1.3321429,1.3321429,1.3321429,1.3321429,1.3321429,1.3321429,1.3321429,1.3321429,1.3321429,1.3321429,1.3321429,1.3321429,1.3321429,1.3321429,1.3321429,1.3321429,1.3321429,1.3321429,1.3321429,SINAPI_familias_e_coeficientes_2025_06.xlsx,
6031,11672,"REGISTRO DE ESFERA, PVC, COM VOLANTE, VS, ROSCAVEL, DN 1 1/2"", COM CORPO DIVIDIDO",UN,REPRESENTADO,2.897619,2.897619,2.897619,2.897619,2.897619,2.897619,2.897619,2.897619,2.897619,2.897619,2.897619,2.897619,2.897619,2.897619,2.897619,2.897619,2.897619,2.897619,2.897619,2.897619,2.897619,2.897619,2.897619,2.897619,2.897619,2.897619,2.897619,SINAPI_familias_e_coeficientes_2025_06.xlsx,
6031,11669,"REGISTRO DE ESFERA, PVC, COM VOLANTE, VS, ROSCAVEL, DN 1 1/4"", COM CORPO DIVIDIDO",UN,REPRESENTADO,2.7595238,2.7595238,2.7595238,2.7595238,2.7595238,2.7595238,2.7595238,2.7595238,2.7595238,2.7595238,2.7595238,2.7595238,2.7595238,2.7595238,2.7595238,2.7595238,2.7595238,2.7595238,2.7595238,2.7595238,2.7595238,2.7595238,2.7595238,2.7595238,2.7595238,2.7595238,2.7595238,SINAPI_familias_e_coeficientes_2025_06.xlsx,
6031,20055,"REGISTRO DE ESFERA, PVC, COM VOLANTE, VS, ROSCAVEL, DN 1"", COM CORPO DIVIDIDO",UN,REPRESENTADO,2.0666667,2.0666667,2.0666667,2.0666667,2.0666667,2.0666667,2.0666667,2.0666667,2.0666667,2.0666667,2.0666667,2.0666667,2.0666667,2.0666667,2.0666667,2.0666667,2.0666667,2.0666667,2.0666667,2.0666667,2.0666667,2.0666667,2.0666667,2.0666667,2.0666667,2.0666667,2.0666667,SINAPI_familias_e_coeficientes_2025_06.xlsx,
6031,11670,"REGISTRO DE ESFERA, PVC, COM VOLANTE, VS, ROSCAVEL, DN 1/2"", COM CORPO DIVIDIDO",UN,REPRESENTADO,1.0571429,1.0571429,1.0571429,1.0571429,1.0571429,1.0571429,1.0571429,1.0571429,1.0571429,1.0571429,1.0571429,1.0571429,1.0571429,1.0571429,1.0571429,1.0571429,1.0571429,1.0571429,1.0571429,1.0571429,1.0571429,1.0571429,1.0571429,1.0571429,1.0571429,1.0571429,1.0571429,SINAPI_familias_e_coeficientes_2025_06.xlsx,
6031,11671,"REGISTRO DE ESFERA, PVC, COM VOLANTE, VS, ROSCAVEL, DN 2"", COM CORPO DIVIDIDO",UN,REPRESENTADO,4.4345238,4.4345238,4.4345238,4.4345238,4.4345238,4.4345238,4.4345238,4.4345238,4.4345238,4.4345238,4.4345238,4.4345238,4.4345238,4.4345238,4.4345238,4.4345238,4.4345238,4.4345238,4.4345238,4.4345238,4.4345238,4.4345238,4.4345238,4.4345238,4.4345238,4.4345238,4.4345238,SINAPI_familias_e_coeficientes_2025_06.xlsx,
6031,6032,"REGISTRO DE ESFERA, PVC, COM VOLANTE, VS, ROSCAVEL, DN 3/4"", COM CORPO DIVIDIDO",UN,REPRESENTADO,1.2666667,1.2666667,1.2666667,1.2666667,1.2666667,1.2666667,1.2666667,1.2666667,1.2666667,1.2666667,1.2666667,1.2666667,1.2666667,1.2666667,1.2666667,1.2666667,1.2666667,1.2666667,1.2666667,1.2666667,1.2666667,1.2666667,1.2666667,1.2666667,1.2666667,1.2666667,1.2666667,SINAPI_familias_e_coeficientes_2025_06.xlsx,
6031,11673,"REGISTRO DE ESFERA, PVC, COM VOLANTE, VS, SOLDAVEL, DN 20 MM, COM CORPO DIVIDIDO",UN,REPRESENTADO,0.997619,0.997619,0.997619,0.997619,0.997619,0.997619,0.997619,0.997619,0.997619,0.997619,0.997619,0.997619,0.997619,0.997619,0.997619,0.997619,0.997619,0.997619,0.997619,0.997619,0.997619,0.997619,0.997619,0.997619,0.997619,0.997619,0.997619,SINAPI_familias_e_coeficientes_2025_06.xlsx,
6031,11674,"REGISTRO DE ESFERA, PVC, COM VOLANTE, VS, SOLDAVEL, DN 25 MM, COM CORPO DIVIDIDO",UN,REPRESENTADO,1.2845238,1.2845238,1.2845238,1.2845238,1.2845238,1.2845238,1.2845238,1.2845238,1.2845238,1.2845238,1.2845238,1.2845238,1.2845238,1.2845238,1.2845238,1.2845238,1.2845238,1.2845238,1.2845238,1.2845238,1.2845238,1.2845238,1.2845238,1.2845238,1.2845238,1.2845238,1.2845238,SINAPI_familias_e_coeficientes_2025_06.xlsx,
